cycle_id,segment_id_0_to_4,sample_in_segment_0_to_59,sample_index,time_from_record_start_ms,mapped_utc_ns,within_recording,imu_0__acceleration_including_gravity_x_g,imu_0__acceleration_including_gravity_y_g,imu_0__acceleration_including_gravity_z_g,imu_0__angular_velocity_x_deg_s,imu_0__angular_velocity_y_deg_s,imu_0__angular_velocity_z_deg_s,imu_0__orientation_roll_deg,imu_0__orientation_pitch_deg,imu_0__orientation_yaw_deg,imu_0__reference_relative_roll_deg,imu_0__reference_relative_pitch_deg,imu_0__reference_relative_yaw_deg,imu_0__reference_id,imu_0__reference_valid,imu_0__host_read_duration_ms,imu_0__repeated_register_block,imu_0__quality,imu_0__source_age_ms,imu_1__acceleration_including_gravity_x_g,imu_1__acceleration_including_gravity_y_g,imu_1__acceleration_including_gravity_z_g,imu_1__angular_velocity_x_deg_s,imu_1__angular_velocity_y_deg_s,imu_1__angular_velocity_z_deg_s,imu_1__orientation_roll_deg,imu_1__orientation_pitch_deg,imu_1__orientation_yaw_deg,imu_1__reference_relative_roll_deg,imu_1__reference_relative_pitch_deg,imu_1__reference_relative_yaw_deg,imu_1__reference_id,imu_1__reference_valid,imu_1__host_read_duration_ms,imu_1__repeated_register_block,imu_1__quality,imu_1__source_age_ms,imu_2__acceleration_including_gravity_x_g,imu_2__acceleration_including_gravity_y_g,imu_2__acceleration_including_gravity_z_g,imu_2__angular_velocity_x_deg_s,imu_2__angular_velocity_y_deg_s,imu_2__angular_velocity_z_deg_s,imu_2__orientation_roll_deg,imu_2__orientation_pitch_deg,imu_2__orientation_yaw_deg,imu_2__reference_relative_roll_deg,imu_2__reference_relative_pitch_deg,imu_2__reference_relative_yaw_deg,imu_2__reference_id,imu_2__reference_valid,imu_2__host_read_duration_ms,imu_2__repeated_register_block,imu_2__quality,imu_2__source_age_ms,imu_3__acceleration_including_gravity_x_g,imu_3__acceleration_including_gravity_y_g,imu_3__acceleration_including_gravity_z_g,imu_3__angular_velocity_x_deg_s,imu_3__angular_velocity_y_deg_s,imu_3__angular_velocity_z_deg_s,imu_3__orientation_roll_deg,imu_3__orientation_pitch_deg,imu_3__orientation_yaw_deg,imu_3__reference_relative_roll_deg,imu_3__reference_relative_pitch_deg,imu_3__reference_relative_yaw_deg,imu_3__reference_id,imu_3__reference_valid,imu_3__host_read_duration_ms,imu_3__repeated_register_block,imu_3__quality,imu_3__source_age_ms,motor_0__rotor_position_rad,motor_0__rotor_angular_velocity_rad_s,motor_0__temperature_degC,motor_0__motor_error_code,motor_0__quality,motor_0__source_age_ms,motor_1__rotor_position_rad,motor_1__rotor_angular_velocity_rad_s,motor_1__temperature_degC,motor_1__motor_error_code,motor_1__quality,motor_1__source_age_ms,force_0__sensor_voltage_V,force_0__load_equivalent_kgf,force_0__ADC_raw_count,force_0__quality,force_0__source_age_ms,force_1__sensor_voltage_V,force_1__load_equivalent_kgf,force_1__ADC_raw_count,force_1__quality,force_1__source_age_ms,emg_0__resampled_input_V,emg_0__baseline_corrected_envelope_V,emg_0__MVC_normalized_ratio,emg_0__source_valid,emg_0__quality,emg_0__source_age_ms,emg_1__resampled_input_V,emg_1__baseline_corrected_envelope_V,emg_1__MVC_normalized_ratio,emg_1__source_valid,emg_1__quality,emg_1__source_age_ms,emg_2__resampled_input_V,emg_2__baseline_corrected_envelope_V,emg_2__MVC_normalized_ratio,emg_2__source_valid,emg_2__quality,emg_2__source_age_ms,emg_3__resampled_input_V,emg_3__baseline_corrected_envelope_V,emg_3__MVC_normalized_ratio,emg_3__source_valid,emg_3__quality,emg_3__source_age_ms,emg_4__resampled_input_V,emg_4__baseline_corrected_envelope_V,emg_4__MVC_normalized_ratio,emg_4__source_valid,emg_4__quality,emg_4__source_age_ms,emg_5__resampled_input_V,emg_5__baseline_corrected_envelope_V,emg_5__MVC_normalized_ratio,emg_5__source_valid,emg_5__quality,emg_5__source_age_ms,emg_6__resampled_input_V,emg_6__baseline_corrected_envelope_V,emg_6__MVC_normalized_ratio,emg_6__source_valid,emg_6__quality,emg_6__source_age_ms,lidar_L__scan_point_count,lidar_L__nonzero_point_count,lidar_L__bad_packet_count,lidar_L__reported_scan_rate_Hz,lidar_L__quality,lidar_L__source_age_ms,lidar_R__scan_point_count,lidar_R__nonzero_point_count,lidar_R__bad_packet_count,lidar_R__reported_scan_rate_Hz,lidar_R__quality,lidar_R__source_age_ms
0,0,0,0,0,1791590400000000000,1,0.0,0.0,0.0,0.0,0.0,0.0,0.0,0.0,0.0,0.0,0.0,0.0,0.0,0.0,0.8,0.0,1.0,0.0,0.0,0.0,0.0,0.0,0.0,0.0,0.0,0.0,0.0,0.0,0.0,0.0,0.0,0.0,0.8,0.0,1.0,0.0,0.0,0.0,0.0,0.0,0.0,0.0,0.0,0.0,0.0,0.0,0.0,0.0,0.0,0.0,0.8,0.0,1.0,0.0,0.0,0.0,0.0,0.0,0.0,0.0,0.0,0.0,0.0,0.0,0.0,0.0,0.0,0.0,0.8,0.0,1.0,0.0,0.0,0.0,0.0,0.0,1.0,0.0,0.0,0.0,0.0,0.0,1.0,0.0,0.0,0.0,32768.0,1.0,0.0,0.0,0.0,32768.0,1.0,0.0,0.0,0.0004,0.2,1.0,1.0,0.0,0.0,0.0004,0.2,1.0,1.0,0.0,0.0,0.0004,0.2,1.0,1.0,0.0,0.0,0.0004,0.2,1.0,1.0,0.0,0.0,0.0004,0.2,1.0,1.0,0.0,0.0,0.0004,0.2,1.0,1.0,0.0,0.0,0.0004,0.2,1.0,1.0,0.0,0.0,0.0,0.0,0.0,3.0,0.0,0.0,0.0,0.0,0.0,3.0,0.0
0,0,1,1,1,1791590400001000000,1,0.006282152,0.006282152,0.006282152,0.006282152,0.006282152,0.006282152,0.006282152,0.006282152,0.006282152,0.006282152,0.006282152,0.006282152,0.0,0.0,0.8,0.0,2.0,1.0,0.006282152,0.006282152,0.006282152,0.006282152,0.006282152,0.006282152,0.006282152,0.006282152,0.006282152,0.006282152,0.006282152,0.006282152,0.0,0.0,0.8,0.0,2.0,1.0,0.006282152,0.006282152,0.006282152,0.006282152,0.006282152,0.006282152,0.006282152,0.006282152,0.006282152,0.006282152,0.006282152,0.006282152,0.0,0.0,0.8,0.0,2.0,1.0,0.006282152,0.006282152,0.006282152,0.006282152,0.006282152,0.006282152,0.006282152,0.006282152,0.006282152,0.006282152,0.006282152,0.006282152,0.0,0.0,0.8,0.0,2.0,1.0,0.006283144,0.006283144,0.006283144,0.006283144,1.0,0.0,0.006283144,0.006283144,0.006283144,0.006283144,1.0,0.0,0.006283144,0.006283144,32774.0,1.0,0.0,0.006283144,0.006283144,32774.0,1.0,0.0,0.000309017,0.0004,0.2,1.0,1.0,0.0,0.000309017,0.0004,0.2,1.0,1.0,0.0,0.000309017,0.0004,0.2,1.0,1.0,0.0,0.000309017,0.0004,0.2,1.0,1.0,0.0,0.000309017,0.0004,0.2,1.0,1.0,0.0,0.000309017,0.0004,0.2,1.0,1.0,0.0,0.000309017,0.0004,0.2,1.0,1.0,0.0,0.0,0.0,0.0,0.0,3.0,1.0,0.0,0.0,0.0,0.0,3.0,1.0
0,0,2,2,2,1791590400002000000,1,0.012564304,0.012564304,0.012564304,0.012564304,0.012564304,0.012564304,0.012564304,0.012564304,0.012564304,0.012564304,0.012564304,0.012564304,0.0,0.0,0.8,0.0,2.0,2.0,0.012564304,0.012564304,0.012564304,0.012564304,0.012564304,0.012564304,0.012564304,0.012564304,0.012564304,0.012564304,0.012564304,0.012564304,0.0,0.0,0.8,0.0,2.0,2.0,0.012564304,0.012564304,0.012564304,0.012564304,0.012564304,0.012564304,0.012564304,0.012564304,0.012564304,0.012564304,0.012564304,0.012564304,0.0,0.0,0.8,0.0,2.0,2.0,0.012564304,0.012564304,0.012564304,0.012564304,0.012564304,0.012564304,0.012564304,0.012564304,0.012564304,0.012564304,0.012564304,0.012564304,0.0,0.0,0.8,0.0,2.0,2.0,0.01256604,0.01256604,0.01256604,0.01256604,1.0,0.0,0.01256604,0.01256604,0.01256604,0.01256604,1.0,0.0,0.01256604,0.01256604,32780.0,1.0,0.0,0.01256604,0.01256604,32780.0,1.0,0.0,0.000587785,0.0004,0.2,1.0,1.0,0.0,0.000587785,0.0004,0.2,1.0,1.0,0.0,0.000587785,0.0004,0.2,1.0,1.0,0.0,0.000587785,0.0004,0.2,1.0,1.0,0.0,0.000587785,0.0004,0.2,1.0,1.0,0.0,0.000587785,0.0004,0.2,1.0,1.0,0.0,0.000587785,0.0004,0.2,1.0,1.0,0.0,0.0,0.0,0.0,0.0,3.0,2.0,0.0,0.0,0.0,0.0,3.0,2.0
0,0,3,3,3,1791590400003000000,1,0.018846455,0.018846455,0.018846455,0.018846455,0.018846455,0.018846455,0.018846455,0.018846455,0.018846455,0.018846455,0.018846455,0.018846455,0.0,0.0,0.8,0.0,2.0,3.0,0.018846455,0.018846455,0.018846455,0.018846455,0.018846455,0.018846455,0.018846455,0.018846455,0.018846455,0.018846455,0.018846455,0.018846455,0.0,0.0,0.8,0.0,2.0,3.0,0.018846455,0.018846455,0.018846455,0.018846455,0.018846455,0.018846455,0.018846455,0.018846455,0.018846455,0.018846455,0.018846455,0.018846455,0.0,0.0,0.8,0.0,2.0,3.0,0.018846455,0.018846455,0.018846455,0.018846455,0.018846455,0.018846455,0.018846455,0.018846455,0.018846455,0.018846455,0.018846455,0.018846455,0.0,0.0,0.8,0.0,2.0,3.0,0.01884844,0.01884844,0.01884844,0.01884844,1.0,0.0,0.01884844,0.01884844,0.01884844,0.01884844,1.0,0.0,0.01884844,0.01884844,32786.0,1.0,0.0,0.01884844,0.01884844,32786.0,1.0,0.0,0.000809017,0.0004,0.2,1.0,1.0,0.0,0.000809017,0.0004,0.2,1.0,1.0,0.0,0.000809017,0.0004,0.2,1.0,1.0,0.0,0.000809017,0.0004,0.2,1.0,1.0,0.0,0.000809017,0.0004,0.2,1.0,1.0,0.0,0.000809017,0.0004,0.2,1.0,1.0,0.0,0.000809017,0.0004,0.2,1.0,1.0,0.0,0.0,0.0,0.0,0.0,3.0,3.0,0.0,0.0,0.0,0.0,3.0,3.0
0,0,4,4,4,1791590400004000000,1,0.025128607,0.025128607,0.025128607,0.025128607,0.025128607,0.025128607,0.025128607,0.025128607,0.025128607,0.025128607,0.025128607,0.025128607,0.0,0.0,0.8,0.0,2.0,4.0,0.025128607,0.025128607,0.025128607,0.025128607,0.025128607,0.025128607,0.025128607,0.025128607,0.025128607,0.025128607,0.025128607,0.025128607,0.0,0.0,0.8,0.0,2.0,4.0,0.025128607,0.025128607,0.025128607,0.025128607,0.025128607,0.025128607,0.025128607,0.025128607,0.025128607,0.025128607,0.025128607,0.025128607,0.0,0.0,0.8,0.0,2.0,4.0,0.025128607,0.025128607,0.025128607,0.025128607,0.025128607,0.025128607,0.025128607,0.025128607,0.025128607,0.025128607,0.025128607,0.025128607,0.0,0.0,0.8,0.0,2.0,4.0,0.025130095,0.025130095,0.025130095,0.025130095,1.0,0.0,0.025130095,0.025130095,0.025130095,0.025130095,1.0,0.0,0.025130095,0.025130095,32793.0,1.0,0.0,0.025130095,0.025130095,32793.0,1.0,0.0,0.000951057,0.0004,0.2,1.0,1.0,0.0,0.000951057,0.0004,0.2,1.0,1.0,0.0,0.000951057,0.0004,0.2,1.0,1.0,0.0,0.000951057,0.0004,0.2,1.0,1.0,0.0,0.000951057,0.0004,0.2,1.0,1.0,0.0,0.000951057,0.0004,0.2,1.0,1.0,0.0,0.000951057,0.0004,0.2,1.0,1.0,0.0,0.0,0.0,0.0,0.0,3.0,4.0,0.0,0.0,0.0,0.0,3.0,4.0
0,0,5,5,5,1791590400005000000,1,0.031410759,0.031410759,0.031410759,0.031410759,0.031410759,0.031410759,0.031410759,0.031410759,0.031410759,0.031410759,0.031410759,0.031410759,0.0,0.0,0.8,0.0,1.0,0.0,0.031410759,0.031410759,0.031410759,0.031410759,0.031410759,0.031410759,0.031410759,0.031410759,0.031410759,0.031410759,0.031410759,0.031410759,0.0,0.0,0.8,0.0,1.0,0.0,0.031410759,0.031410759,0.031410759,0.031410759,0.031410759,0.031410759,0.031410759,0.031410759,0.031410759,0.031410759,0.031410759,0.031410759,0.0,0.0,0.8,0.0,1.0,0.0,0.031410759,0.031410759,0.031410759,0.031410759,0.031410759,0.031410759,0.031410759,0.031410759,0.031410759,0.031410759,0.031410759,0.031410759,0.0,0.0,0.8,0.0,1.0,0.0,0.031410759,0.031410759,0.031410759,0.031410759,1.0,0.0,0.031410759,0.031410759,0.031410759,0.031410759,1.0,0.0,0.031410759,0.031410759,32799.0,1.0,0.0,0.031410759,0.031410759,32799.0,1.0,0.0,0.001,0.0004,0.2,1.0,1.0,0.0,0.001,0.0004,0.2,1.0,1.0,0.0,0.001,0.0004,0.2,1.0,1.0,0.0,0.001,0.0004,0.2,1.0,1.0,0.0,0.001,0.0004,0.2,1.0,1.0,0.0,0.001,0.0004,0.2,1.0,1.0,0.0,0.001,0.0004,0.2,1.0,1.0,0.0,0.0,0.0,0.0,0.0,3.0,5.0,0.0,0.0,0.0,0.0,3.0,5.0
0,0,6,6,6,1791590400006000000,1,0.037686711,0.037686711,0.037686711,0.037686711,0.037686711,0.037686711,0.037686711,0.037686711,0.037686711,0.037686711,0.037686711,0.037686711,0.0,0.0,0.8,0.0,2.0,1.0,0.037686711,0.037686711,0.037686711,0.037686711,0.037686711,0.037686711,0.037686711,0.037686711,0.037686711,0.037686711,0.037686711,0.037686711,0.0,0.0,0.8,0.0,2.0,1.0,0.037686711,0.037686711,0.037686711,0.037686711,0.037686711,0.037686711,0.037686711,0.037686711,0.037686711,0.037686711,0.037686711,0.037686711,0.0,0.0,0.8,0.0,2.0,1.0,0.037686711,0.037686711,0.037686711,0.037686711,0.037686711,0.037686711,0.037686711,0.037686711,0.037686711,0.037686711,0.037686711,0.037686711,0.0,0.0,0.8,0.0,2.0,1.0,0.037690183,0.037690183,0.037690183,0.037690183,1.0,0.0,0.037690183,0.037690183,0.037690183,0.037690183,1.0,0.0,0.037690183,0.037690183,32805.0,1.0,0.0,0.037690183,0.037690183,32805.0,1.0,0.0,0.000951057,0.0004,0.2,1.0,1.0,0.0,0.000951057,0.0004,0.2,1.0,1.0,0.0,0.000951057,0.0004,0.2,1.0,1.0,0.0,0.000951057,0.0004,0.2,1.0,1.0,0.0,0.000951057,0.0004,0.2,1.0,1.0,0.0,0.000951057,0.0004,0.2,1.0,1.0,0.0,0.000951057,0.0004,0.2,1.0,1.0,0.0,0.0,0.0,0.0,0.0,3.0,6.0,0.0,0.0,0.0,0.0,3.0,6.0
0,0,7,7,7,1791590400007000000,1,0.043962663,0.043962663,0.043962663,0.043962663,0.043962663,0.043962663,0.043962663,0.043962663,0.043962663,0.043962663,0.043962663,0.043962663,0.0,0.0,0.8,0.0,2.0,2.0,0.043962663,0.043962663,0.043962663,0.043962663,0.043962663,0.043962663,0.043962663,0.043962663,0.043962663,0.043962663,0.043962663,0.043962663,0.0,0.0,0.8,0.0,2.0,2.0,0.043962663,0.043962663,0.043962663,0.043962663,0.043962663,0.043962663,0.043962663,0.043962663,0.043962663,0.043962663,0.043962663,0.043962663,0.0,0.0,0.8,0.0,2.0,2.0,0.043962663,0.043962663,0.043962663,0.043962663,0.043962663,0.043962663,0.043962663,0.043962663,0.043962663,0.043962663,0.043962663,0.043962663,0.0,0.0,0.8,0.0,2.0,2.0,0.043968118,0.043968118,0.043968118,0.043968118,1.0,0.0,0.043968118,0.043968118,0.043968118,0.043968118,1.0,0.0,0.043968118,0.043968118,32811.0,1.0,0.0,0.043968118,0.043968118,32811.0,1.0,0.0,0.000809017,0.0004,0.2,1.0,1.0,0.0,0.000809017,0.0004,0.2,1.0,1.0,0.0,0.000809017,0.0004,0.2,1.0,1.0,0.0,0.000809017,0.0004,0.2,1.0,1.0,0.0,0.000809017,0.0004,0.2,1.0,1.0,0.0,0.000809017,0.0004,0.2,1.0,1.0,0.0,0.000809017,0.0004,0.2,1.0,1.0,0.0,0.0,0.0,0.0,0.0,3.0,7.0,0.0,0.0,0.0,0.0,3.0,7.0
0,0,8,8,8,1791590400008000000,1,0.050238615,0.050238615,0.050238615,0.050238615,0.050238615,0.050238615,0.050238615,0.050238615,0.050238615,0.050238615,0.050238615,0.050238615,0.0,0.0,0.8,0.0,2.0,3.0,0.050238615,0.050238615,0.050238615,0.050238615,0.050238615,0.050238615,0.050238615,0.050238615,0.050238615,0.050238615,0.050238615,0.050238615,0.0,0.0,0.8,0.0,2.0,3.0,0.050238615,0.050238615,0.050238615,0.050238615,0.050238615,0.050238615,0.050238615,0.050238615,0.050238615,0.050238615,0.050238615,0.050238615,0.0,0.0,0.8,0.0,2.0,3.0,0.050238615,0.050238615,0.050238615,0.050238615,0.050238615,0.050238615,0.050238615,0.050238615,0.050238615,0.050238615,0.050238615,0.050238615,0.0,0.0,0.8,0.0,2.0,3.0,0.050244318,0.050244318,0.050244318,0.050244318,1.0,0.0,0.050244318,0.050244318,0.050244318,0.050244318,1.0,0.0,0.050244318,0.050244318,32818.0,1.0,0.0,0.050244318,0.050244318,32818.0,1.0,0.0,0.000587785,0.0004,0.2,1.0,1.0,0.0,0.000587785,0.0004,0.2,1.0,1.0,0.0,0.000587785,0.0004,0.2,1.0,1.0,0.0,0.000587785,0.0004,0.2,1.0,1.0,0.0,0.000587785,0.0004,0.2,1.0,1.0,0.0,0.000587785,0.0004,0.2,1.0,1.0,0.0,0.000587785,0.0004,0.2,1.0,1.0,0.0,0.0,0.0,0.0,0.0,3.0,8.0,0.0,0.0,0.0,0.0,3.0,8.0
0,0,9,9,9,1791590400009000000,1,0.056514567,0.056514567,0.056514567,0.056514567,0.056514567,0.056514567,0.056514567,0.056514567,0.056514567,0.056514567,0.056514567,0.056514567,0.0,0.0,0.8,0.0,2.0,4.0,0.056514567,0.056514567,0.056514567,0.056514567,0.056514567,0.056514567,0.056514567,0.056514567,0.056514567,0.056514567,0.056514567,0.056514567,0.0,0.0,0.8,0.0,2.0,4.0,0.056514567,0.056514567,0.056514567,0.056514567,0.056514567,0.056514567,0.056514567,0.056514567,0.056514567,0.056514567,0.056514567,0.056514567,0.0,0.0,0.8,0.0,2.0,4.0,0.056514567,0.056514567,0.056514567,0.056514567,0.056514567,0.056514567,0.056514567,0.056514567,0.056514567,0.056514567,0.056514567,0.056514567,0.0,0.0,0.8,0.0,2.0,4.0,0.056518534,0.056518534,0.056518534,0.056518534,1.0,0.0,0.056518534,0.056518534,0.056518534,0.056518534,1.0,0.0,0.056518534,0.056518534,32824.0,1.0,0.0,0.056518534,0.056518534,32824.0,1.0,0.0,0.000309017,0.0004,0.2,1.0,1.0,0.0,0.000309017,0.0004,0.2,1.0,1.0,0.0,0.000309017,0.0004,0.2,1.0,1.0,0.0,0.000309017,0.0004,0.2,1.0,1.0,0.0,0.000309017,0.0004,0.2,1.0,1.0,0.0,0.000309017,0.0004,0.2,1.0,1.0,0.0,0.000309017,0.0004,0.2,1.0,1.0,0.0,0.0,0.0,0.0,0.0,3.0,9.0,0.0,0.0,0.0,0.0,3.0,9.0
0,0,10,10,10,1791590400010000000,1,0.06279052,0.06279052,0.06279052,0.06279052,0.06279052,0.06279052,0.06279052,0.06279052,0.06279052,0.06279052,0.06279052,0.06279052,0.0,0.0,0.8,0.0,1.0,0.0,0.06279052,0.06279052,0.06279052,0.06279052,0.06279052,0.06279052,0.06279052,0.06279052,0.06279052,0.06279052,0.06279052,0.06279052,0.0,0.0,0.8,0.0,1.0,0.0,0.06279052,0.06279052,0.06279052,0.06279052,0.06279052,0.06279052,0.06279052,0.06279052,0.06279052,0.06279052,0.06279052,0.06279052,0.0,0.0,0.8,0.0,1.0,0.0,0.06279052,0.06279052,0.06279052,0.06279052,0.06279052,0.06279052,0.06279052,0.06279052,0.06279052,0.06279052,0.06279052,0.06279052,0.0,0.0,0.8,0.0,1.0,0.0,0.06279052,0.06279052,0.06279052,0.06279052,1.0,0.0,0.06279052,0.06279052,0.06279052,0.06279052,1.0,0.0,0.06279052,0.06279052,32830.0,1.0,0.0,0.06279052,0.06279052,32830.0,1.0,0.0,-0.0,0.0004,0.2,1.0,1.0,0.0,-0.0,0.0004,0.2,1.0,1.0,0.0,-0.0,0.0004,0.2,1.0,1.0,0.0,-0.0,0.0004,0.2,1.0,1.0,0.0,-0.0,0.0004,0.2,1.0,1.0,0.0,-0.0,0.0004,0.2,1.0,1.0,0.0,-0.0,0.0004,0.2,1.0,1.0,0.0,0.0,0.0,0.0,0.0,3.0,10.0,0.0,0.0,0.0,0.0,3.0,10.0
0,0,11,11,11,1791590400011000000,1,0.069054078,0.069054078,0.069054078,0.069054078,0.069054078,0.069054078,0.069054078,0.069054078,0.069054078,0.069054078,0.069054078,0.069054078,0.0,0.0,0.8,0.0,2.0,1.0,0.069054078,0.069054078,0.069054078,0.069054078,0.069054078,0.069054078,0.069054078,0.069054078,0.069054078,0.069054078,0.069054078,0.069054078,0.0,0.0,0.8,0.0,2.0,1.0,0.069054078,0.069054078,0.069054078,0.069054078,0.069054078,0.069054078,0.069054078,0.069054078,0.069054078,0.069054078,0.069054078,0.069054078,0.0,0.0,0.8,0.0,2.0,1.0,0.069054078,0.069054078,0.069054078,0.069054078,0.069054078,0.069054078,0.069054078,0.069054078,0.069054078,0.069054078,0.069054078,0.069054078,0.0,0.0,0.8,0.0,2.0,1.0,0.069060026,0.069060026,0.069060026,0.069060026,1.0,0.0,0.069060026,0.069060026,0.069060026,0.069060026,1.0,0.0,0.069060026,0.069060026,32837.0,1.0,0.0,0.069060026,0.069060026,32837.0,1.0,0.0,-0.000309017,0.0004,0.2,1.0,1.0,0.0,-0.000309017,0.0004,0.2,1.0,1.0,0.0,-0.000309017,0.0004,0.2,1.0,1.0,0.0,-0.000309017,0.0004,0.2,1.0,1.0,0.0,-0.000309017,0.0004,0.2,1.0,1.0,0.0,-0.000309017,0.0004,0.2,1.0,1.0,0.0,-0.000309017,0.0004,0.2,1.0,1.0,0.0,0.0,0.0,0.0,0.0,3.0,11.0,0.0,0.0,0.0,0.0,3.0,11.0
0,0,12,12,12,1791590400012000000,1,0.075317637,0.075317637,0.075317637,0.075317637,0.075317637,0.075317637,0.075317637,0.075317637,0.075317637,0.075317637,0.075317637,0.075317637,0.0,0.0,0.8,0.0,2.0,2.0,0.075317637,0.075317637,0.075317637,0.075317637,0.075317637,0.075317637,0.075317637,0.075317637,0.075317637,0.075317637,0.075317637,0.075317637,0.0,0.0,0.8,0.0,2.0,2.0,0.075317637,0.075317637,0.075317637,0.075317637,0.075317637,0.075317637,0.075317637,0.075317637,0.075317637,0.075317637,0.075317637,0.075317637,0.0,0.0,0.8,0.0,2.0,2.0,0.075317637,0.075317637,0.075317637,0.075317637,0.075317637,0.075317637,0.075317637,0.075317637,0.075317637,0.075317637,0.075317637,0.075317637,0.0,0.0,0.8,0.0,2.0,2.0,0.075326806,0.075326806,0.075326806,0.075326806,1.0,0.0,0.075326806,0.075326806,0.075326806,0.075326806,1.0,0.0,0.075326806,0.075326806,32843.0,1.0,0.0,0.075326806,0.075326806,32843.0,1.0,0.0,-0.000587785,0.0004,0.2,1.0,1.0,0.0,-0.000587785,0.0004,0.2,1.0,1.0,0.0,-0.000587785,0.0004,0.2,1.0,1.0,0.0,-0.000587785,0.0004,0.2,1.0,1.0,0.0,-0.000587785,0.0004,0.2,1.0,1.0,0.0,-0.000587785,0.0004,0.2,1.0,1.0,0.0,-0.000587785,0.0004,0.2,1.0,1.0,0.0,0.0,0.0,0.0,0.0,3.0,12.0,0.0,0.0,0.0,0.0,3.0,12.0
0,0,13,13,13,1791590400013000000,1,0.081581196,0.081581196,0.081581196,0.081581196,0.081581196,0.081581196,0.081581196,0.081581196,0.081581196,0.081581196,0.081581196,0.081581196,0.0,0.0,0.8,0.0,2.0,3.0,0.081581196,0.081581196,0.081581196,0.081581196,0.081581196,0.081581196,0.081581196,0.081581196,0.081581196,0.081581196,0.081581196,0.081581196,0.0,0.0,0.8,0.0,2.0,3.0,0.081581196,0.081581196,0.081581196,0.081581196,0.081581196,0.081581196,0.081581196,0.081581196,0.081581196,0.081581196,0.081581196,0.081581196,0.0,0.0,0.8,0.0,2.0,3.0,0.081581196,0.081581196,0.081581196,0.081581196,0.081581196,0.081581196,0.081581196,0.081581196,0.081581196,0.081581196,0.081581196,0.081581196,0.0,0.0,0.8,0.0,2.0,3.0,0.081590612,0.081590612,0.081590612,0.081590612,1.0,0.0,0.081590612,0.081590612,0.081590612,0.081590612,1.0,0.0,0.081590612,0.081590612,32849.0,1.0,0.0,0.081590612,0.081590612,32849.0,1.0,0.0,-0.000809017,0.0004,0.2,1.0,1.0,0.0,-0.000809017,0.0004,0.2,1.0,1.0,0.0,-0.000809017,0.0004,0.2,1.0,1.0,0.0,-0.000809017,0.0004,0.2,1.0,1.0,0.0,-0.000809017,0.0004,0.2,1.0,1.0,0.0,-0.000809017,0.0004,0.2,1.0,1.0,0.0,-0.000809017,0.0004,0.2,1.0,1.0,0.0,0.0,0.0,0.0,0.0,3.0,13.0,0.0,0.0,0.0,0.0,3.0,13.0
0,0,14,14,14,1791590400014000000,1,0.087844755,0.087844755,0.087844755,0.087844755,0.087844755,0.087844755,0.087844755,0.087844755,0.087844755,0.087844755,0.087844755,0.087844755,0.0,0.0,0.8,0.0,2.0,4.0,0.087844755,0.087844755,0.087844755,0.087844755,0.087844755,0.087844755,0.087844755,0.087844755,0.087844755,0.087844755,0.087844755,0.087844755,0.0,0.0,0.8,0.0,2.0,4.0,0.087844755,0.087844755,0.087844755,0.087844755,0.087844755,0.087844755,0.087844755,0.087844755,0.087844755,0.087844755,0.087844755,0.087844755,0.0,0.0,0.8,0.0,2.0,4.0,0.087844755,0.087844755,0.087844755,0.087844755,0.087844755,0.087844755,0.087844755,0.087844755,0.087844755,0.087844755,0.087844755,0.087844755,0.0,0.0,0.8,0.0,2.0,4.0,0.087851197,0.087851197,0.087851197,0.087851197,1.0,0.0,0.087851197,0.087851197,0.087851197,0.087851197,1.0,0.0,0.087851197,0.087851197,32855.0,1.0,0.0,0.087851197,0.087851197,32855.0,1.0,0.0,-0.000951057,0.0004,0.2,1.0,1.0,0.0,-0.000951057,0.0004,0.2,1.0,1.0,0.0,-0.000951057,0.0004,0.2,1.0,1.0,0.0,-0.000951057,0.0004,0.2,1.0,1.0,0.0,-0.000951057,0.0004,0.2,1.0,1.0,0.0,-0.000951057,0.0004,0.2,1.0,1.0,0.0,-0.000951057,0.0004,0.2,1.0,1.0,0.0,0.0,0.0,0.0,0.0,3.0,14.0,0.0,0.0,0.0,0.0,3.0,14.0
0,0,15,15,15,1791590400015000000,1,0.094108313,0.094108313,0.094108313,0.094108313,0.094108313,0.094108313,0.094108313,0.094108313,0.094108313,0.094108313,0.094108313,0.094108313,0.0,0.0,0.8,0.0,1.0,0.0,0.094108313,0.094108313,0.094108313,0.094108313,0.094108313,0.094108313,0.094108313,0.094108313,0.094108313,0.094108313,0.094108313,0.094108313,0.0,0.0,0.8,0.0,1.0,0.0,0.094108313,0.094108313,0.094108313,0.094108313,0.094108313,0.094108313,0.094108313,0.094108313,0.094108313,0.094108313,0.094108313,0.094108313,0.0,0.0,0.8,0.0,1.0,0.0,0.094108313,0.094108313,0.094108313,0.094108313,0.094108313,0.094108313,0.094108313,0.094108313,0.094108313,0.094108313,0.094108313,0.094108313,0.0,0.0,0.8,0.0,1.0,0.0,0.094108313,0.094108313,0.094108313,0.094108313,1.0,0.0,0.094108313,0.094108313,0.094108313,0.094108313,1.0,0.0,0.094108313,0.094108313,32862.0,1.0,0.0,0.094108313,0.094108313,32862.0,1.0,0.0,-0.001,0.0004,0.2,1.0,1.0,0.0,-0.001,0.0004,0.2,1.0,1.0,0.0,-0.001,0.0004,0.2,1.0,1.0,0.0,-0.001,0.0004,0.2,1.0,1.0,0.0,-0.001,0.0004,0.2,1.0,1.0,0.0,-0.001,0.0004,0.2,1.0,1.0,0.0,-0.001,0.0004,0.2,1.0,1.0,0.0,0.0,0.0,0.0,0.0,3.0,15.0,0.0,0.0,0.0,0.0,3.0,15.0
0,0,16,16,16,1791590400016000000,1,0.100353297,0.100353297,0.100353297,0.100353297,0.100353297,0.100353297,0.100353297,0.100353297,0.100353297,0.100353297,0.100353297,0.100353297,0.0,0.0,0.8,0.0,2.0,1.0,0.100353297,0.100353297,0.100353297,0.100353297,0.100353297,0.100353297,0.100353297,0.100353297,0.100353297,0.100353297,0.100353297,0.100353297,0.0,0.0,0.8,0.0,2.0,1.0,0.100353297,0.100353297,0.100353297,0.100353297,0.100353297,0.100353297,0.100353297,0.100353297,0.100353297,0.100353297,0.100353297,0.100353297,0.0,0.0,0.8,0.0,2.0,1.0,0.100353297,0.100353297,0.100353297,0.100353297,0.100353297,0.100353297,0.100353297,0.100353297,0.100353297,0.100353297,0.100353297,0.100353297,0.0,0.0,0.8,0.0,2.0,1.0,0.100361715,0.100361715,0.100361715,0.100361715,1.0,0.0,0.100361715,0.100361715,0.100361715,0.100361715,1.0,0.0,0.100361715,0.100361715,32868.0,1.0,0.0,0.100361715,0.100361715,32868.0,1.0,0.0,-0.000951057,0.0004,0.2,1.0,1.0,0.0,-0.000951057,0.0004,0.2,1.0,1.0,0.0,-0.000951057,0.0004,0.2,1.0,1.0,0.0,-0.000951057,0.0004,0.2,1.0,1.0,0.0,-0.000951057,0.0004,0.2,1.0,1.0,0.0,-0.000951057,0.0004,0.2,1.0,1.0,0.0,-0.000951057,0.0004,0.2,1.0,1.0,0.0,0.0,0.0,0.0,0.0,3.0,16.0,0.0,0.0,0.0,0.0,3.0,16.0
0,0,17,17,17,1791590400017000000,1,0.106598281,0.106598281,0.106598281,0.106598281,0.106598281,0.106598281,0.106598281,0.106598281,0.106598281,0.106598281,0.106598281,0.106598281,0.0,0.0,0.8,0.0,2.0,2.0,0.106598281,0.106598281,0.106598281,0.106598281,0.106598281,0.106598281,0.106598281,0.106598281,0.106598281,0.106598281,0.106598281,0.106598281,0.0,0.0,0.8,0.0,2.0,2.0,0.106598281,0.106598281,0.106598281,0.106598281,0.106598281,0.106598281,0.106598281,0.106598281,0.106598281,0.106598281,0.106598281,0.106598281,0.0,0.0,0.8,0.0,2.0,2.0,0.106598281,0.106598281,0.106598281,0.106598281,0.106598281,0.106598281,0.106598281,0.106598281,0.106598281,0.106598281,0.106598281,0.106598281,0.0,0.0,0.8,0.0,2.0,2.0,0.106611154,0.106611154,0.106611154,0.106611154,1.0,0.0,0.106611154,0.106611154,0.106611154,0.106611154,1.0,0.0,0.106611154,0.106611154,32874.0,1.0,0.0,0.106611154,0.106611154,32874.0,1.0,0.0,-0.000809017,0.0004,0.2,1.0,1.0,0.0,-0.000809017,0.0004,0.2,1.0,1.0,0.0,-0.000809017,0.0004,0.2,1.0,1.0,0.0,-0.000809017,0.0004,0.2,1.0,1.0,0.0,-0.000809017,0.0004,0.2,1.0,1.0,0.0,-0.000809017,0.0004,0.2,1.0,1.0,0.0,-0.000809017,0.0004,0.2,1.0,1.0,0.0,0.0,0.0,0.0,0.0,3.0,17.0,0.0,0.0,0.0,0.0,3.0,17.0
0,0,18,18,18,1791590400018000000,1,0.112843265,0.112843265,0.112843265,0.112843265,0.112843265,0.112843265,0.112843265,0.112843265,0.112843265,0.112843265,0.112843265,0.112843265,0.0,0.0,0.8,0.0,2.0,3.0,0.112843265,0.112843265,0.112843265,0.112843265,0.112843265,0.112843265,0.112843265,0.112843265,0.112843265,0.112843265,0.112843265,0.112843265,0.0,0.0,0.8,0.0,2.0,3.0,0.112843265,0.112843265,0.112843265,0.112843265,0.112843265,0.112843265,0.112843265,0.112843265,0.112843265,0.112843265,0.112843265,0.112843265,0.0,0.0,0.8,0.0,2.0,3.0,0.112843265,0.112843265,0.112843265,0.112843265,0.112843265,0.112843265,0.112843265,0.112843265,0.112843265,0.112843265,0.112843265,0.112843265,0.0,0.0,0.8,0.0,2.0,3.0,0.112856385,0.112856385,0.112856385,0.112856385,1.0,0.0,0.112856385,0.112856385,0.112856385,0.112856385,1.0,0.0,0.112856385,0.112856385,32880.0,1.0,0.0,0.112856385,0.112856385,32880.0,1.0,0.0,-0.000587785,0.0004,0.2,1.0,1.0,0.0,-0.000587785,0.0004,0.2,1.0,1.0,0.0,-0.000587785,0.0004,0.2,1.0,1.0,0.0,-0.000587785,0.0004,0.2,1.0,1.0,0.0,-0.000587785,0.0004,0.2,1.0,1.0,0.0,-0.000587785,0.0004,0.2,1.0,1.0,0.0,-0.000587785,0.0004,0.2,1.0,1.0,0.0,0.0,0.0,0.0,0.0,3.0,18.0,0.0,0.0,0.0,0.0,3.0,18.0
0,0,19,19,19,1791590400019000000,1,0.11908825,0.11908825,0.11908825,0.11908825,0.11908825,0.11908825,0.11908825,0.11908825,0.11908825,0.11908825,0.11908825,0.11908825,0.0,0.0,0.8,0.0,2.0,4.0,0.11908825,0.11908825,0.11908825,0.11908825,0.11908825,0.11908825,0.11908825,0.11908825,0.11908825,0.11908825,0.11908825,0.11908825,0.0,0.0,0.8,0.0,2.0,4.0,0.11908825,0.11908825,0.11908825,0.11908825,0.11908825,0.11908825,0.11908825,0.11908825,0.11908825,0.11908825,0.11908825,0.11908825,0.0,0.0,0.8,0.0,2.0,4.0,0.11908825,0.11908825,0.11908825,0.11908825,0.11908825,0.11908825,0.11908825,0.11908825,0.11908825,0.11908825,0.11908825,0.11908825,0.0,0.0,0.8,0.0,2.0,4.0,0.11909716,0.11909716,0.11909716,0.11909716,1.0,0.0,0.11909716,0.11909716,0.11909716,0.11909716,1.0,0.0,0.11909716,0.11909716,32887.0,1.0,0.0,0.11909716,0.11909716,32887.0,1.0,0.0,-0.000309017,0.0004,0.2,1.0,1.0,0.0,-0.000309017,0.0004,0.2,1.0,1.0,0.0,-0.000309017,0.0004,0.2,1.0,1.0,0.0,-0.000309017,0.0004,0.2,1.0,1.0,0.0,-0.000309017,0.0004,0.2,1.0,1.0,0.0,-0.000309017,0.0004,0.2,1.0,1.0,0.0,-0.000309017,0.0004,0.2,1.0,1.0,0.0,0.0,0.0,0.0,0.0,3.0,19.0,0.0,0.0,0.0,0.0,3.0,19.0
0,0,20,20,20,1791590400020000000,1,0.125333234,0.125333234,0.125333234,0.125333234,0.125333234,0.125333234,0.125333234,0.125333234,0.125333234,0.125333234,0.125333234,0.125333234,0.0,0.0,0.8,0.0,1.0,0.0,0.125333234,0.125333234,0.125333234,0.125333234,0.125333234,0.125333234,0.125333234,0.125333234,0.125333234,0.125333234,0.125333234,0.125333234,0.0,0.0,0.8,0.0,1.0,0.0,0.125333234,0.125333234,0.125333234,0.125333234,0.125333234,0.125333234,0.125333234,0.125333234,0.125333234,0.125333234,0.125333234,0.125333234,0.0,0.0,0.8,0.0,1.0,0.0,0.125333234,0.125333234,0.125333234,0.125333234,0.125333234,0.125333234,0.125333234,0.125333234,0.125333234,0.125333234,0.125333234,0.125333234,0.0,0.0,0.8,0.0,1.0,0.0,0.125333234,0.125333234,0.125333234,0.125333234,1.0,0.0,0.125333234,0.125333234,0.125333234,0.125333234,1.0,0.0,0.125333234,0.125333234,32893.0,1.0,0.0,0.125333234,0.125333234,32893.0,1.0,0.0,0.0,0.0004,0.2,1.0,1.0,0.0,0.0,0.0004,0.2,1.0,1.0,0.0,0.0,0.0004,0.2,1.0,1.0,0.0,0.0,0.0004,0.2,1.0,1.0,0.0,0.0,0.0004,0.2,1.0,1.0,0.0,0.0,0.0004,0.2,1.0,1.0,0.0,0.0,0.0004,0.2,1.0,1.0,0.0,0.125333234,0.125333234,0.125333234,0.125333234,3.0,0.0,0.125333234,0.125333234,0.125333234,0.125333234,3.0,0.0
0,0,21,21,21,1791590400021000000,1,0.13155348,0.13155348,0.13155348,0.13155348,0.13155348,0.13155348,0.13155348,0.13155348,0.13155348,0.13155348,0.13155348,0.13155348,0.0,0.0,0.8,0.0,2.0,1.0,0.13155348,0.13155348,0.13155348,0.13155348,0.13155348,0.13155348,0.13155348,0.13155348,0.13155348,0.13155348,0.13155348,0.13155348,0.0,0.0,0.8,0.0,2.0,1.0,0.13155348,0.13155348,0.13155348,0.13155348,0.13155348,0.13155348,0.13155348,0.13155348,0.13155348,0.13155348,0.13155348,0.13155348,0.0,0.0,0.8,0.0,2.0,1.0,0.13155348,0.13155348,0.13155348,0.13155348,0.13155348,0.13155348,0.13155348,0.13155348,0.13155348,0.13155348,0.13155348,0.13155348,0.0,0.0,0.8,0.0,2.0,1.0,0.131564359,0.131564359,0.131564359,0.131564359,1.0,0.0,0.131564359,0.131564359,0.131564359,0.131564359,1.0,0.0,0.131564359,0.131564359,32899.0,1.0,0.0,0.131564359,0.131564359,32899.0,1.0,0.0,0.000309017,0.0004,0.2,1.0,1.0,0.0,0.000309017,0.0004,0.2,1.0,1.0,0.0,0.000309017,0.0004,0.2,1.0,1.0,0.0,0.000309017,0.0004,0.2,1.0,1.0,0.0,0.000309017,0.0004,0.2,1.0,1.0,0.0,0.000309017,0.0004,0.2,1.0,1.0,0.0,0.000309017,0.0004,0.2,1.0,1.0,0.0,0.125333234,0.125333234,0.125333234,0.125333234,3.0,1.0,0.125333234,0.125333234,0.125333234,0.125333234,3.0,1.0
0,0,22,22,22,1791590400022000000,1,0.137773726,0.137773726,0.137773726,0.137773726,0.137773726,0.137773726,0.137773726,0.137773726,0.137773726,0.137773726,0.137773726,0.137773726,0.0,0.0,0.8,0.0,2.0,2.0,0.137773726,0.137773726,0.137773726,0.137773726,0.137773726,0.137773726,0.137773726,0.137773726,0.137773726,0.137773726,0.137773726,0.137773726,0.0,0.0,0.8,0.0,2.0,2.0,0.137773726,0.137773726,0.137773726,0.137773726,0.137773726,0.137773726,0.137773726,0.137773726,0.137773726,0.137773726,0.137773726,0.137773726,0.0,0.0,0.8,0.0,2.0,2.0,0.137773726,0.137773726,0.137773726,0.137773726,0.137773726,0.137773726,0.137773726,0.137773726,0.137773726,0.137773726,0.137773726,0.137773726,0.0,0.0,0.8,0.0,2.0,2.0,0.137790291,0.137790291,0.137790291,0.137790291,1.0,0.0,0.137790291,0.137790291,0.137790291,0.137790291,1.0,0.0,0.137790291,0.137790291,32905.0,1.0,0.0,0.137790291,0.137790291,32905.0,1.0,0.0,0.000587785,0.0004,0.2,1.0,1.0,0.0,0.000587785,0.0004,0.2,1.0,1.0,0.0,0.000587785,0.0004,0.2,1.0,1.0,0.0,0.000587785,0.0004,0.2,1.0,1.0,0.0,0.000587785,0.0004,0.2,1.0,1.0,0.0,0.000587785,0.0004,0.2,1.0,1.0,0.0,0.000587785,0.0004,0.2,1.0,1.0,0.0,0.125333234,0.125333234,0.125333234,0.125333234,3.0,2.0,0.125333234,0.125333234,0.125333234,0.125333234,3.0,2.0
0,0,23,23,23,1791590400023000000,1,0.143993972,0.143993972,0.143993972,0.143993972,0.143993972,0.143993972,0.143993972,0.143993972,0.143993972,0.143993972,0.143993972,0.143993972,0.0,0.0,0.8,0.0,2.0,3.0,0.143993972,0.143993972,0.143993972,0.143993972,0.143993972,0.143993972,0.143993972,0.143993972,0.143993972,0.143993972,0.143993972,0.143993972,0.0,0.0,0.8,0.0,2.0,3.0,0.143993972,0.143993972,0.143993972,0.143993972,0.143993972,0.143993972,0.143993972,0.143993972,0.143993972,0.143993972,0.143993972,0.143993972,0.0,0.0,0.8,0.0,2.0,3.0,0.143993972,0.143993972,0.143993972,0.143993972,0.143993972,0.143993972,0.143993972,0.143993972,0.143993972,0.143993972,0.143993972,0.143993972,0.0,0.0,0.8,0.0,2.0,3.0,0.144010783,0.144010783,0.144010783,0.144010783,1.0,0.0,0.144010783,0.144010783,0.144010783,0.144010783,1.0,0.0,0.144010783,0.144010783,32912.0,1.0,0.0,0.144010783,0.144010783,32912.0,1.0,0.0,0.000809017,0.0004,0.2,1.0,1.0,0.0,0.000809017,0.0004,0.2,1.0,1.0,0.0,0.000809017,0.0004,0.2,1.0,1.0,0.0,0.000809017,0.0004,0.2,1.0,1.0,0.0,0.000809017,0.0004,0.2,1.0,1.0,0.0,0.000809017,0.0004,0.2,1.0,1.0,0.0,0.000809017,0.0004,0.2,1.0,1.0,0.0,0.125333234,0.125333234,0.125333234,0.125333234,3.0,3.0,0.125333234,0.125333234,0.125333234,0.125333234,3.0,3.0
0,0,24,24,24,1791590400024000000,1,0.150214219,0.150214219,0.150214219,0.150214219,0.150214219,0.150214219,0.150214219,0.150214219,0.150214219,0.150214219,0.150214219,0.150214219,0.0,0.0,0.8,0.0,2.0,4.0,0.150214219,0.150214219,0.150214219,0.150214219,0.150214219,0.150214219,0.150214219,0.150214219,0.150214219,0.150214219,0.150214219,0.150214219,0.0,0.0,0.8,0.0,2.0,4.0,0.150214219,0.150214219,0.150214219,0.150214219,0.150214219,0.150214219,0.150214219,0.150214219,0.150214219,0.150214219,0.150214219,0.150214219,0.0,0.0,0.8,0.0,2.0,4.0,0.150214219,0.150214219,0.150214219,0.150214219,0.150214219,0.150214219,0.150214219,0.150214219,0.150214219,0.150214219,0.150214219,0.150214219,0.0,0.0,0.8,0.0,2.0,4.0,0.150225589,0.150225589,0.150225589,0.150225589,1.0,0.0,0.150225589,0.150225589,0.150225589,0.150225589,1.0,0.0,0.150225589,0.150225589,32918.0,1.0,0.0,0.150225589,0.150225589,32918.0,1.0,0.0,0.000951057,0.0004,0.2,1.0,1.0,0.0,0.000951057,0.0004,0.2,1.0,1.0,0.0,0.000951057,0.0004,0.2,1.0,1.0,0.0,0.000951057,0.0004,0.2,1.0,1.0,0.0,0.000951057,0.0004,0.2,1.0,1.0,0.0,0.000951057,0.0004,0.2,1.0,1.0,0.0,0.000951057,0.0004,0.2,1.0,1.0,0.0,0.125333234,0.125333234,0.125333234,0.125333234,3.0,4.0,0.125333234,0.125333234,0.125333234,0.125333234,3.0,4.0
0,0,25,25,25,1791590400025000000,1,0.156434465,0.156434465,0.156434465,0.156434465,0.156434465,0.156434465,0.156434465,0.156434465,0.156434465,0.156434465,0.156434465,0.156434465,0.0,0.0,0.8,0.0,1.0,0.0,0.156434465,0.156434465,0.156434465,0.156434465,0.156434465,0.156434465,0.156434465,0.156434465,0.156434465,0.156434465,0.156434465,0.156434465,0.0,0.0,0.8,0.0,1.0,0.0,0.156434465,0.156434465,0.156434465,0.156434465,0.156434465,0.156434465,0.156434465,0.156434465,0.156434465,0.156434465,0.156434465,0.156434465,0.0,0.0,0.8,0.0,1.0,0.0,0.156434465,0.156434465,0.156434465,0.156434465,0.156434465,0.156434465,0.156434465,0.156434465,0.156434465,0.156434465,0.156434465,0.156434465,0.0,0.0,0.8,0.0,1.0,0.0,0.156434465,0.156434465,0.156434465,0.156434465,1.0,0.0,0.156434465,0.156434465,0.156434465,0.156434465,1.0,0.0,0.156434465,0.156434465,32924.0,1.0,0.0,0.156434465,0.156434465,32924.0,1.0,0.0,0.001,0.0004,0.2,1.0,1.0,0.0,0.001,0.0004,0.2,1.0,1.0,0.0,0.001,0.0004,0.2,1.0,1.0,0.0,0.001,0.0004,0.2,1.0,1.0,0.0,0.001,0.0004,0.2,1.0,1.0,0.0,0.001,0.0004,0.2,1.0,1.0,0.0,0.001,0.0004,0.2,1.0,1.0,0.0,0.125333234,0.125333234,0.125333234,0.125333234,3.0,5.0,0.125333234,0.125333234,0.125333234,0.125333234,3.0,5.0
0,0,26,26,26,1791590400026000000,1,0.162623835,0.162623835,0.162623835,0.162623835,0.162623835,0.162623835,0.162623835,0.162623835,0.162623835,0.162623835,0.162623835,0.162623835,0.0,0.0,0.8,0.0,2.0,1.0,0.162623835,0.162623835,0.162623835,0.162623835,0.162623835,0.162623835,0.162623835,0.162623835,0.162623835,0.162623835,0.162623835,0.162623835,0.0,0.0,0.8,0.0,2.0,1.0,0.162623835,0.162623835,0.162623835,0.162623835,0.162623835,0.162623835,0.162623835,0.162623835,0.162623835,0.162623835,0.162623835,0.162623835,0.0,0.0,0.8,0.0,2.0,1.0,0.162623835,0.162623835,0.162623835,0.162623835,0.162623835,0.162623835,0.162623835,0.162623835,0.162623835,0.162623835,0.162623835,0.162623835,0.0,0.0,0.8,0.0,2.0,1.0,0.162637165,0.162637165,0.162637165,0.162637165,1.0,0.0,0.162637165,0.162637165,0.162637165,0.162637165,1.0,0.0,0.162637165,0.162637165,32930.0,1.0,0.0,0.162637165,0.162637165,32930.0,1.0,0.0,0.000951057,0.0004,0.2,1.0,1.0,0.0,0.000951057,0.0004,0.2,1.0,1.0,0.0,0.000951057,0.0004,0.2,1.0,1.0,0.0,0.000951057,0.0004,0.2,1.0,1.0,0.0,0.000951057,0.0004,0.2,1.0,1.0,0.0,0.000951057,0.0004,0.2,1.0,1.0,0.0,0.000951057,0.0004,0.2,1.0,1.0,0.0,0.125333234,0.125333234,0.125333234,0.125333234,3.0,6.0,0.125333234,0.125333234,0.125333234,0.125333234,3.0,6.0
0,0,27,27,27,1791590400027000000,1,0.168813205,0.168813205,0.168813205,0.168813205,0.168813205,0.168813205,0.168813205,0.168813205,0.168813205,0.168813205,0.168813205,0.168813205,0.0,0.0,0.8,0.0,2.0,2.0,0.168813205,0.168813205,0.168813205,0.168813205,0.168813205,0.168813205,0.168813205,0.168813205,0.168813205,0.168813205,0.168813205,0.168813205,0.0,0.0,0.8,0.0,2.0,2.0,0.168813205,0.168813205,0.168813205,0.168813205,0.168813205,0.168813205,0.168813205,0.168813205,0.168813205,0.168813205,0.168813205,0.168813205,0.0,0.0,0.8,0.0,2.0,2.0,0.168813205,0.168813205,0.168813205,0.168813205,0.168813205,0.168813205,0.168813205,0.168813205,0.168813205,0.168813205,0.168813205,0.168813205,0.0,0.0,0.8,0.0,2.0,2.0,0.168833445,0.168833445,0.168833445,0.168833445,1.0,0.0,0.168833445,0.168833445,0.168833445,0.168833445,1.0,0.0,0.168833445,0.168833445,32936.0,1.0,0.0,0.168833445,0.168833445,32936.0,1.0,0.0,0.000809017,0.0004,0.2,1.0,1.0,0.0,0.000809017,0.0004,0.2,1.0,1.0,0.0,0.000809017,0.0004,0.2,1.0,1.0,0.0,0.000809017,0.0004,0.2,1.0,1.0,0.0,0.000809017,0.0004,0.2,1.0,1.0,0.0,0.000809017,0.0004,0.2,1.0,1.0,0.0,0.000809017,0.0004,0.2,1.0,1.0,0.0,0.125333234,0.125333234,0.125333234,0.125333234,3.0,7.0,0.125333234,0.125333234,0.125333234,0.125333234,3.0,7.0
0,0,28,28,28,1791590400028000000,1,0.175002575,0.175002575,0.175002575,0.175002575,0.175002575,0.175002575,0.175002575,0.175002575,0.175002575,0.175002575,0.175002575,0.175002575,0.0,0.0,0.8,0.0,2.0,3.0,0.175002575,0.175002575,0.175002575,0.175002575,0.175002575,0.175002575,0.175002575,0.175002575,0.175002575,0.175002575,0.175002575,0.175002575,0.0,0.0,0.8,0.0,2.0,3.0,0.175002575,0.175002575,0.175002575,0.175002575,0.175002575,0.175002575,0.175002575,0.175002575,0.175002575,0.175002575,0.175002575,0.175002575,0.0,0.0,0.8,0.0,2.0,3.0,0.175002575,0.175002575,0.175002575,0.175002575,0.175002575,0.175002575,0.175002575,0.175002575,0.175002575,0.175002575,0.175002575,0.175002575,0.0,0.0,0.8,0.0,2.0,3.0,0.175023059,0.175023059,0.175023059,0.175023059,1.0,0.0,0.175023059,0.175023059,0.175023059,0.175023059,1.0,0.0,0.175023059,0.175023059,32943.0,1.0,0.0,0.175023059,0.175023059,32943.0,1.0,0.0,0.000587785,0.0004,0.2,1.0,1.0,0.0,0.000587785,0.0004,0.2,1.0,1.0,0.0,0.000587785,0.0004,0.2,1.0,1.0,0.0,0.000587785,0.0004,0.2,1.0,1.0,0.0,0.000587785,0.0004,0.2,1.0,1.0,0.0,0.000587785,0.0004,0.2,1.0,1.0,0.0,0.000587785,0.0004,0.2,1.0,1.0,0.0,0.125333234,0.125333234,0.125333234,0.125333234,3.0,8.0,0.125333234,0.125333234,0.125333234,0.125333234,3.0,8.0
0,0,29,29,29,1791590400029000000,1,0.181191945,0.181191945,0.181191945,0.181191945,0.181191945,0.181191945,0.181191945,0.181191945,0.181191945,0.181191945,0.181191945,0.181191945,0.0,0.0,0.8,0.0,2.0,4.0,0.181191945,0.181191945,0.181191945,0.181191945,0.181191945,0.181191945,0.181191945,0.181191945,0.181191945,0.181191945,0.181191945,0.181191945,0.0,0.0,0.8,0.0,2.0,4.0,0.181191945,0.181191945,0.181191945,0.181191945,0.181191945,0.181191945,0.181191945,0.181191945,0.181191945,0.181191945,0.181191945,0.181191945,0.0,0.0,0.8,0.0,2.0,4.0,0.181191945,0.181191945,0.181191945,0.181191945,0.181191945,0.181191945,0.181191945,0.181191945,0.181191945,0.181191945,0.181191945,0.181191945,0.0,0.0,0.8,0.0,2.0,4.0,0.181205764,0.181205764,0.181205764,0.181205764,1.0,0.0,0.181205764,0.181205764,0.181205764,0.181205764,1.0,0.0,0.181205764,0.181205764,32949.0,1.0,0.0,0.181205764,0.181205764,32949.0,1.0,0.0,0.000309017,0.0004,0.2,1.0,1.0,0.0,0.000309017,0.0004,0.2,1.0,1.0,0.0,0.000309017,0.0004,0.2,1.0,1.0,0.0,0.000309017,0.0004,0.2,1.0,1.0,0.0,0.000309017,0.0004,0.2,1.0,1.0,0.0,0.000309017,0.0004,0.2,1.0,1.0,0.0,0.000309017,0.0004,0.2,1.0,1.0,0.0,0.125333234,0.125333234,0.125333234,0.125333234,3.0,9.0,0.125333234,0.125333234,0.125333234,0.125333234,3.0,9.0
0,0,30,30,30,1791590400030000000,1,0.187381315,0.187381315,0.187381315,0.187381315,0.187381315,0.187381315,0.187381315,0.187381315,0.187381315,0.187381315,0.187381315,0.187381315,0.0,0.0,0.8,0.0,1.0,0.0,0.187381315,0.187381315,0.187381315,0.187381315,0.187381315,0.187381315,0.187381315,0.187381315,0.187381315,0.187381315,0.187381315,0.187381315,0.0,0.0,0.8,0.0,1.0,0.0,0.187381315,0.187381315,0.187381315,0.187381315,0.187381315,0.187381315,0.187381315,0.187381315,0.187381315,0.187381315,0.187381315,0.187381315,0.0,0.0,0.8,0.0,1.0,0.0,0.187381315,0.187381315,0.187381315,0.187381315,0.187381315,0.187381315,0.187381315,0.187381315,0.187381315,0.187381315,0.187381315,0.187381315,0.0,0.0,0.8,0.0,1.0,0.0,0.187381315,0.187381315,0.187381315,0.187381315,1.0,0.0,0.187381315,0.187381315,0.187381315,0.187381315,1.0,0.0,0.187381315,0.187381315,32955.0,1.0,0.0,0.187381315,0.187381315,32955.0,1.0,0.0,0.0,0.0004,0.2,1.0,1.0,0.0,0.0,0.0004,0.2,1.0,1.0,0.0,0.0,0.0004,0.2,1.0,1.0,0.0,0.0,0.0004,0.2,1.0,1.0,0.0,0.0,0.0004,0.2,1.0,1.0,0.0,0.0,0.0004,0.2,1.0,1.0,0.0,0.0,0.0004,0.2,1.0,1.0,0.0,0.125333234,0.125333234,0.125333234,0.125333234,3.0,10.0,0.125333234,0.125333234,0.125333234,0.125333234,3.0,10.0
0,0,31,31,31,1791590400031000000,1,0.1935337,0.1935337,0.1935337,0.1935337,0.1935337,0.1935337,0.1935337,0.1935337,0.1935337,0.1935337,0.1935337,0.1935337,0.0,0.0,0.8,0.0,2.0,1.0,0.1935337,0.1935337,0.1935337,0.1935337,0.1935337,0.1935337,0.1935337,0.1935337,0.1935337,0.1935337,0.1935337,0.1935337,0.0,0.0,0.8,0.0,2.0,1.0,0.1935337,0.1935337,0.1935337,0.1935337,0.1935337,0.1935337,0.1935337,0.1935337,0.1935337,0.1935337,0.1935337,0.1935337,0.0,0.0,0.8,0.0,2.0,1.0,0.1935337,0.1935337,0.1935337,0.1935337,0.1935337,0.1935337,0.1935337,0.1935337,0.1935337,0.1935337,0.1935337,0.1935337,0.0,0.0,0.8,0.0,2.0,1.0,0.193549468,0.193549468,0.193549468,0.193549468,1.0,0.0,0.193549468,0.193549468,0.193549468,0.193549468,1.0,0.0,0.193549468,0.193549468,32961.0,1.0,0.0,0.193549468,0.193549468,32961.0,1.0,0.0,-0.000309017,0.0004,0.2,1.0,1.0,0.0,-0.000309017,0.0004,0.2,1.0,1.0,0.0,-0.000309017,0.0004,0.2,1.0,1.0,0.0,-0.000309017,0.0004,0.2,1.0,1.0,0.0,-0.000309017,0.0004,0.2,1.0,1.0,0.0,-0.000309017,0.0004,0.2,1.0,1.0,0.0,-0.000309017,0.0004,0.2,1.0,1.0,0.0,0.125333234,0.125333234,0.125333234,0.125333234,3.0,11.0,0.125333234,0.125333234,0.125333234,0.125333234,3.0,11.0
0,0,32,32,32,1791590400032000000,1,0.199686085,0.199686085,0.199686085,0.199686085,0.199686085,0.199686085,0.199686085,0.199686085,0.199686085,0.199686085,0.199686085,0.199686085,0.0,0.0,0.8,0.0,2.0,2.0,0.199686085,0.199686085,0.199686085,0.199686085,0.199686085,0.199686085,0.199686085,0.199686085,0.199686085,0.199686085,0.199686085,0.199686085,0.0,0.0,0.8,0.0,2.0,2.0,0.199686085,0.199686085,0.199686085,0.199686085,0.199686085,0.199686085,0.199686085,0.199686085,0.199686085,0.199686085,0.199686085,0.199686085,0.0,0.0,0.8,0.0,2.0,2.0,0.199686085,0.199686085,0.199686085,0.199686085,0.199686085,0.199686085,0.199686085,0.199686085,0.199686085,0.199686085,0.199686085,0.199686085,0.0,0.0,0.8,0.0,2.0,2.0,0.199709981,0.199709981,0.199709981,0.199709981,1.0,0.0,0.199709981,0.199709981,0.199709981,0.199709981,1.0,0.0,0.199709981,0.199709981,32967.0,1.0,0.0,0.199709981,0.199709981,32967.0,1.0,0.0,-0.000587785,0.0004,0.2,1.0,1.0,0.0,-0.000587785,0.0004,0.2,1.0,1.0,0.0,-0.000587785,0.0004,0.2,1.0,1.0,0.0,-0.000587785,0.0004,0.2,1.0,1.0,0.0,-0.000587785,0.0004,0.2,1.0,1.0,0.0,-0.000587785,0.0004,0.2,1.0,1.0,0.0,-0.000587785,0.0004,0.2,1.0,1.0,0.0,0.125333234,0.125333234,0.125333234,0.125333234,3.0,12.0,0.125333234,0.125333234,0.125333234,0.125333234,3.0,12.0
0,0,33,33,33,1791590400033000000,1,0.205838471,0.205838471,0.205838471,0.205838471,0.205838471,0.205838471,0.205838471,0.205838471,0.205838471,0.205838471,0.205838471,0.205838471,0.0,0.0,0.8,0.0,2.0,3.0,0.205838471,0.205838471,0.205838471,0.205838471,0.205838471,0.205838471,0.205838471,0.205838471,0.205838471,0.205838471,0.205838471,0.205838471,0.0,0.0,0.8,0.0,2.0,3.0,0.205838471,0.205838471,0.205838471,0.205838471,0.205838471,0.205838471,0.205838471,0.205838471,0.205838471,0.205838471,0.205838471,0.205838471,0.0,0.0,0.8,0.0,2.0,3.0,0.205838471,0.205838471,0.205838471,0.205838471,0.205838471,0.205838471,0.205838471,0.205838471,0.205838471,0.205838471,0.205838471,0.205838471,0.0,0.0,0.8,0.0,2.0,3.0,0.205862609,0.205862609,0.205862609,0.205862609,1.0,0.0,0.205862609,0.205862609,0.205862609,0.205862609,1.0,0.0,0.205862609,0.205862609,32973.0,1.0,0.0,0.205862609,0.205862609,32973.0,1.0,0.0,-0.000809017,0.0004,0.2,1.0,1.0,0.0,-0.000809017,0.0004,0.2,1.0,1.0,0.0,-0.000809017,0.0004,0.2,1.0,1.0,0.0,-0.000809017,0.0004,0.2,1.0,1.0,0.0,-0.000809017,0.0004,0.2,1.0,1.0,0.0,-0.000809017,0.0004,0.2,1.0,1.0,0.0,-0.000809017,0.0004,0.2,1.0,1.0,0.0,0.125333234,0.125333234,0.125333234,0.125333234,3.0,13.0,0.125333234,0.125333234,0.125333234,0.125333234,3.0,13.0
0,0,34,34,34,1791590400034000000,1,0.211990856,0.211990856,0.211990856,0.211990856,0.211990856,0.211990856,0.211990856,0.211990856,0.211990856,0.211990856,0.211990856,0.211990856,0.0,0.0,0.8,0.0,2.0,4.0,0.211990856,0.211990856,0.211990856,0.211990856,0.211990856,0.211990856,0.211990856,0.211990856,0.211990856,0.211990856,0.211990856,0.211990856,0.0,0.0,0.8,0.0,2.0,4.0,0.211990856,0.211990856,0.211990856,0.211990856,0.211990856,0.211990856,0.211990856,0.211990856,0.211990856,0.211990856,0.211990856,0.211990856,0.0,0.0,0.8,0.0,2.0,4.0,0.211990856,0.211990856,0.211990856,0.211990856,0.211990856,0.211990856,0.211990856,0.211990856,0.211990856,0.211990856,0.211990856,0.211990856,0.0,0.0,0.8,0.0,2.0,4.0,0.21200711,0.21200711,0.21200711,0.21200711,1.0,0.0,0.21200711,0.21200711,0.21200711,0.21200711,1.0,0.0,0.21200711,0.21200711,32980.0,1.0,0.0,0.21200711,0.21200711,32980.0,1.0,0.0,-0.000951057,0.0004,0.2,1.0,1.0,0.0,-0.000951057,0.0004,0.2,1.0,1.0,0.0,-0.000951057,0.0004,0.2,1.0,1.0,0.0,-0.000951057,0.0004,0.2,1.0,1.0,0.0,-0.000951057,0.0004,0.2,1.0,1.0,0.0,-0.000951057,0.0004,0.2,1.0,1.0,0.0,-0.000951057,0.0004,0.2,1.0,1.0,0.0,0.125333234,0.125333234,0.125333234,0.125333234,3.0,14.0,0.125333234,0.125333234,0.125333234,0.125333234,3.0,14.0
0,0,35,35,35,1791590400035000000,1,0.218143241,0.218143241,0.218143241,0.218143241,0.218143241,0.218143241,0.218143241,0.218143241,0.218143241,0.218143241,0.218143241,0.218143241,0.0,0.0,0.8,0.0,1.0,0.0,0.218143241,0.218143241,0.218143241,0.218143241,0.218143241,0.218143241,0.218143241,0.218143241,0.218143241,0.218143241,0.218143241,0.218143241,0.0,0.0,0.8,0.0,1.0,0.0,0.218143241,0.218143241,0.218143241,0.218143241,0.218143241,0.218143241,0.218143241,0.218143241,0.218143241,0.218143241,0.218143241,0.218143241,0.0,0.0,0.8,0.0,1.0,0.0,0.218143241,0.218143241,0.218143241,0.218143241,0.218143241,0.218143241,0.218143241,0.218143241,0.218143241,0.218143241,0.218143241,0.218143241,0.0,0.0,0.8,0.0,1.0,0.0,0.218143241,0.218143241,0.218143241,0.218143241,1.0,0.0,0.218143241,0.218143241,0.218143241,0.218143241,1.0,0.0,0.218143241,0.218143241,32986.0,1.0,0.0,0.218143241,0.218143241,32986.0,1.0,0.0,-0.001,0.0004,0.2,1.0,1.0,0.0,-0.001,0.0004,0.2,1.0,1.0,0.0,-0.001,0.0004,0.2,1.0,1.0,0.0,-0.001,0.0004,0.2,1.0,1.0,0.0,-0.001,0.0004,0.2,1.0,1.0,0.0,-0.001,0.0004,0.2,1.0,1.0,0.0,-0.001,0.0004,0.2,1.0,1.0,0.0,0.125333234,0.125333234,0.125333234,0.125333234,3.0,15.0,0.125333234,0.125333234,0.125333234,0.125333234,3.0,15.0
0,0,36,36,36,1791590400036000000,1,0.224252571,0.224252571,0.224252571,0.224252571,0.224252571,0.224252571,0.224252571,0.224252571,0.224252571,0.224252571,0.224252571,0.224252571,0.0,0.0,0.8,0.0,2.0,1.0,0.224252571,0.224252571,0.224252571,0.224252571,0.224252571,0.224252571,0.224252571,0.224252571,0.224252571,0.224252571,0.224252571,0.224252571,0.0,0.0,0.8,0.0,2.0,1.0,0.224252571,0.224252571,0.224252571,0.224252571,0.224252571,0.224252571,0.224252571,0.224252571,0.224252571,0.224252571,0.224252571,0.224252571,0.0,0.0,0.8,0.0,2.0,1.0,0.224252571,0.224252571,0.224252571,0.224252571,0.224252571,0.224252571,0.224252571,0.224252571,0.224252571,0.224252571,0.224252571,0.224252571,0.0,0.0,0.8,0.0,2.0,1.0,0.224270761,0.224270761,0.224270761,0.224270761,1.0,0.0,0.224270761,0.224270761,0.224270761,0.224270761,1.0,0.0,0.224270761,0.224270761,32992.0,1.0,0.0,0.224270761,0.224270761,32992.0,1.0,0.0,-0.000951057,0.0004,0.2,1.0,1.0,0.0,-0.000951057,0.0004,0.2,1.0,1.0,0.0,-0.000951057,0.0004,0.2,1.0,1.0,0.0,-0.000951057,0.0004,0.2,1.0,1.0,0.0,-0.000951057,0.0004,0.2,1.0,1.0,0.0,-0.000951057,0.0004,0.2,1.0,1.0,0.0,-0.000951057,0.0004,0.2,1.0,1.0,0.0,0.125333234,0.125333234,0.125333234,0.125333234,3.0,16.0,0.125333234,0.125333234,0.125333234,0.125333234,3.0,16.0
0,0,37,37,37,1791590400037000000,1,0.2303619,0.2303619,0.2303619,0.2303619,0.2303619,0.2303619,0.2303619,0.2303619,0.2303619,0.2303619,0.2303619,0.2303619,0.0,0.0,0.8,0.0,2.0,2.0,0.2303619,0.2303619,0.2303619,0.2303619,0.2303619,0.2303619,0.2303619,0.2303619,0.2303619,0.2303619,0.2303619,0.2303619,0.0,0.0,0.8,0.0,2.0,2.0,0.2303619,0.2303619,0.2303619,0.2303619,0.2303619,0.2303619,0.2303619,0.2303619,0.2303619,0.2303619,0.2303619,0.2303619,0.0,0.0,0.8,0.0,2.0,2.0,0.2303619,0.2303619,0.2303619,0.2303619,0.2303619,0.2303619,0.2303619,0.2303619,0.2303619,0.2303619,0.2303619,0.2303619,0.0,0.0,0.8,0.0,2.0,2.0,0.230389427,0.230389427,0.230389427,0.230389427,1.0,0.0,0.230389427,0.230389427,0.230389427,0.230389427,1.0,0.0,0.230389427,0.230389427,32998.0,1.0,0.0,0.230389427,0.230389427,32998.0,1.0,0.0,-0.000809017,0.0004,0.2,1.0,1.0,0.0,-0.000809017,0.0004,0.2,1.0,1.0,0.0,-0.000809017,0.0004,0.2,1.0,1.0,0.0,-0.000809017,0.0004,0.2,1.0,1.0,0.0,-0.000809017,0.0004,0.2,1.0,1.0,0.0,-0.000809017,0.0004,0.2,1.0,1.0,0.0,-0.000809017,0.0004,0.2,1.0,1.0,0.0,0.125333234,0.125333234,0.125333234,0.125333234,3.0,17.0,0.125333234,0.125333234,0.125333234,0.125333234,3.0,17.0
0,0,38,38,38,1791590400038000000,1,0.236471229,0.236471229,0.236471229,0.236471229,0.236471229,0.236471229,0.236471229,0.236471229,0.236471229,0.236471229,0.236471229,0.236471229,0.0,0.0,0.8,0.0,2.0,3.0,0.236471229,0.236471229,0.236471229,0.236471229,0.236471229,0.236471229,0.236471229,0.236471229,0.236471229,0.236471229,0.236471229,0.236471229,0.0,0.0,0.8,0.0,2.0,3.0,0.236471229,0.236471229,0.236471229,0.236471229,0.236471229,0.236471229,0.236471229,0.236471229,0.236471229,0.236471229,0.236471229,0.236471229,0.0,0.0,0.8,0.0,2.0,3.0,0.236471229,0.236471229,0.236471229,0.236471229,0.236471229,0.236471229,0.236471229,0.236471229,0.236471229,0.236471229,0.236471229,0.236471229,0.0,0.0,0.8,0.0,2.0,3.0,0.236498997,0.236498997,0.236498997,0.236498997,1.0,0.0,0.236498997,0.236498997,0.236498997,0.236498997,1.0,0.0,0.236498997,0.236498997,33004.0,1.0,0.0,0.236498997,0.236498997,33004.0,1.0,0.0,-0.000587785,0.0004,0.2,1.0,1.0,0.0,-0.000587785,0.0004,0.2,1.0,1.0,0.0,-0.000587785,0.0004,0.2,1.0,1.0,0.0,-0.000587785,0.0004,0.2,1.0,1.0,0.0,-0.000587785,0.0004,0.2,1.0,1.0,0.0,-0.000587785,0.0004,0.2,1.0,1.0,0.0,-0.000587785,0.0004,0.2,1.0,1.0,0.0,0.125333234,0.125333234,0.125333234,0.125333234,3.0,18.0,0.125333234,0.125333234,0.125333234,0.125333234,3.0,18.0
0,0,39,39,39,1791590400039000000,1,0.242580558,0.242580558,0.242580558,0.242580558,0.242580558,0.242580558,0.242580558,0.242580558,0.242580558,0.242580558,0.242580558,0.242580558,0.0,0.0,0.8,0.0,2.0,4.0,0.242580558,0.242580558,0.242580558,0.242580558,0.242580558,0.242580558,0.242580558,0.242580558,0.242580558,0.242580558,0.242580558,0.242580558,0.0,0.0,0.8,0.0,2.0,4.0,0.242580558,0.242580558,0.242580558,0.242580558,0.242580558,0.242580558,0.242580558,0.242580558,0.242580558,0.242580558,0.242580558,0.242580558,0.0,0.0,0.8,0.0,2.0,4.0,0.242580558,0.242580558,0.242580558,0.242580558,0.242580558,0.242580558,0.242580558,0.242580558,0.242580558,0.242580558,0.242580558,0.242580558,0.0,0.0,0.8,0.0,2.0,4.0,0.242599231,0.242599231,0.242599231,0.242599231,1.0,0.0,0.242599231,0.242599231,0.242599231,0.242599231,1.0,0.0,0.242599231,0.242599231,33010.0,1.0,0.0,0.242599231,0.242599231,33010.0,1.0,0.0,-0.000309017,0.0004,0.2,1.0,1.0,0.0,-0.000309017,0.0004,0.2,1.0,1.0,0.0,-0.000309017,0.0004,0.2,1.0,1.0,0.0,-0.000309017,0.0004,0.2,1.0,1.0,0.0,-0.000309017,0.0004,0.2,1.0,1.0,0.0,-0.000309017,0.0004,0.2,1.0,1.0,0.0,-0.000309017,0.0004,0.2,1.0,1.0,0.0,0.125333234,0.125333234,0.125333234,0.125333234,3.0,19.0,0.125333234,0.125333234,0.125333234,0.125333234,3.0,19.0
0,0,40,40,40,1791590400040000000,1,0.248689887,0.248689887,0.248689887,0.248689887,0.248689887,0.248689887,0.248689887,0.248689887,0.248689887,0.248689887,0.248689887,0.248689887,0.0,0.0,0.8,0.0,1.0,0.0,0.248689887,0.248689887,0.248689887,0.248689887,0.248689887,0.248689887,0.248689887,0.248689887,0.248689887,0.248689887,0.248689887,0.248689887,0.0,0.0,0.8,0.0,1.0,0.0,0.248689887,0.248689887,0.248689887,0.248689887,0.248689887,0.248689887,0.248689887,0.248689887,0.248689887,0.248689887,0.248689887,0.248689887,0.0,0.0,0.8,0.0,1.0,0.0,0.248689887,0.248689887,0.248689887,0.248689887,0.248689887,0.248689887,0.248689887,0.248689887,0.248689887,0.248689887,0.248689887,0.248689887,0.0,0.0,0.8,0.0,1.0,0.0,0.248689887,0.248689887,0.248689887,0.248689887,1.0,0.0,0.248689887,0.248689887,0.248689887,0.248689887,1.0,0.0,0.248689887,0.248689887,33016.0,1.0,0.0,0.248689887,0.248689887,33016.0,1.0,0.0,0.0,0.0004,0.2,1.0,1.0,0.0,0.0,0.0004,0.2,1.0,1.0,0.0,0.0,0.0004,0.2,1.0,1.0,0.0,0.0,0.0004,0.2,1.0,1.0,0.0,0.0,0.0004,0.2,1.0,1.0,0.0,0.0,0.0004,0.2,1.0,1.0,0.0,0.0,0.0004,0.2,1.0,1.0,0.0,0.248689887,0.248689887,0.248689887,0.248689887,3.0,0.0,0.248689887,0.248689887,0.248689887,0.248689887,3.0,0.0
0,0,41,41,41,1791590400041000000,1,0.254750131,0.254750131,0.254750131,0.254750131,0.254750131,0.254750131,0.254750131,0.254750131,0.254750131,0.254750131,0.254750131,0.254750131,0.0,0.0,0.8,0.0,2.0,1.0,0.254750131,0.254750131,0.254750131,0.254750131,0.254750131,0.254750131,0.254750131,0.254750131,0.254750131,0.254750131,0.254750131,0.254750131,0.0,0.0,0.8,0.0,2.0,1.0,0.254750131,0.254750131,0.254750131,0.254750131,0.254750131,0.254750131,0.254750131,0.254750131,0.254750131,0.254750131,0.254750131,0.254750131,0.0,0.0,0.8,0.0,2.0,1.0,0.254750131,0.254750131,0.254750131,0.254750131,0.254750131,0.254750131,0.254750131,0.254750131,0.254750131,0.254750131,0.254750131,0.254750131,0.0,0.0,0.8,0.0,2.0,1.0,0.254770726,0.254770726,0.254770726,0.254770726,1.0,0.0,0.254770726,0.254770726,0.254770726,0.254770726,1.0,0.0,0.254770726,0.254770726,33022.0,1.0,0.0,0.254770726,0.254770726,33022.0,1.0,0.0,0.000309017,0.0004,0.2,1.0,1.0,0.0,0.000309017,0.0004,0.2,1.0,1.0,0.0,0.000309017,0.0004,0.2,1.0,1.0,0.0,0.000309017,0.0004,0.2,1.0,1.0,0.0,0.000309017,0.0004,0.2,1.0,1.0,0.0,0.000309017,0.0004,0.2,1.0,1.0,0.0,0.000309017,0.0004,0.2,1.0,1.0,0.0,0.248689887,0.248689887,0.248689887,0.248689887,3.0,1.0,0.248689887,0.248689887,0.248689887,0.248689887,3.0,1.0
0,0,42,42,42,1791590400042000000,1,0.260810375,0.260810375,0.260810375,0.260810375,0.260810375,0.260810375,0.260810375,0.260810375,0.260810375,0.260810375,0.260810375,0.260810375,0.0,0.0,0.8,0.0,2.0,2.0,0.260810375,0.260810375,0.260810375,0.260810375,0.260810375,0.260810375,0.260810375,0.260810375,0.260810375,0.260810375,0.260810375,0.260810375,0.0,0.0,0.8,0.0,2.0,2.0,0.260810375,0.260810375,0.260810375,0.260810375,0.260810375,0.260810375,0.260810375,0.260810375,0.260810375,0.260810375,0.260810375,0.260810375,0.0,0.0,0.8,0.0,2.0,2.0,0.260810375,0.260810375,0.260810375,0.260810375,0.260810375,0.260810375,0.260810375,0.260810375,0.260810375,0.260810375,0.260810375,0.260810375,0.0,0.0,0.8,0.0,2.0,2.0,0.260841506,0.260841506,0.260841506,0.260841506,1.0,0.0,0.260841506,0.260841506,0.260841506,0.260841506,1.0,0.0,0.260841506,0.260841506,33028.0,1.0,0.0,0.260841506,0.260841506,33028.0,1.0,0.0,0.000587785,0.0004,0.2,1.0,1.0,0.0,0.000587785,0.0004,0.2,1.0,1.0,0.0,0.000587785,0.0004,0.2,1.0,1.0,0.0,0.000587785,0.0004,0.2,1.0,1.0,0.0,0.000587785,0.0004,0.2,1.0,1.0,0.0,0.000587785,0.0004,0.2,1.0,1.0,0.0,0.000587785,0.0004,0.2,1.0,1.0,0.0,0.248689887,0.248689887,0.248689887,0.248689887,3.0,2.0,0.248689887,0.248689887,0.248689887,0.248689887,3.0,2.0
0,0,43,43,43,1791590400043000000,1,0.266870618,0.266870618,0.266870618,0.266870618,0.266870618,0.266870618,0.266870618,0.266870618,0.266870618,0.266870618,0.266870618,0.266870618,0.0,0.0,0.8,0.0,2.0,3.0,0.266870618,0.266870618,0.266870618,0.266870618,0.266870618,0.266870618,0.266870618,0.266870618,0.266870618,0.266870618,0.266870618,0.266870618,0.0,0.0,0.8,0.0,2.0,3.0,0.266870618,0.266870618,0.266870618,0.266870618,0.266870618,0.266870618,0.266870618,0.266870618,0.266870618,0.266870618,0.266870618,0.266870618,0.0,0.0,0.8,0.0,2.0,3.0,0.266870618,0.266870618,0.266870618,0.266870618,0.266870618,0.266870618,0.266870618,0.266870618,0.266870618,0.266870618,0.266870618,0.266870618,0.0,0.0,0.8,0.0,2.0,3.0,0.266901989,0.266901989,0.266901989,0.266901989,1.0,0.0,0.266901989,0.266901989,0.266901989,0.266901989,1.0,0.0,0.266901989,0.266901989,33034.0,1.0,0.0,0.266901989,0.266901989,33034.0,1.0,0.0,0.000809017,0.0004,0.2,1.0,1.0,0.0,0.000809017,0.0004,0.2,1.0,1.0,0.0,0.000809017,0.0004,0.2,1.0,1.0,0.0,0.000809017,0.0004,0.2,1.0,1.0,0.0,0.000809017,0.0004,0.2,1.0,1.0,0.0,0.000809017,0.0004,0.2,1.0,1.0,0.0,0.000809017,0.0004,0.2,1.0,1.0,0.0,0.248689887,0.248689887,0.248689887,0.248689887,3.0,3.0,0.248689887,0.248689887,0.248689887,0.248689887,3.0,3.0
0,0,44,44,44,1791590400044000000,1,0.272930862,0.272930862,0.272930862,0.272930862,0.272930862,0.272930862,0.272930862,0.272930862,0.272930862,0.272930862,0.272930862,0.272930862,0.0,0.0,0.8,0.0,2.0,4.0,0.272930862,0.272930862,0.272930862,0.272930862,0.272930862,0.272930862,0.272930862,0.272930862,0.272930862,0.272930862,0.272930862,0.272930862,0.0,0.0,0.8,0.0,2.0,4.0,0.272930862,0.272930862,0.272930862,0.272930862,0.272930862,0.272930862,0.272930862,0.272930862,0.272930862,0.272930862,0.272930862,0.272930862,0.0,0.0,0.8,0.0,2.0,4.0,0.272930862,0.272930862,0.272930862,0.272930862,0.272930862,0.272930862,0.272930862,0.272930862,0.272930862,0.272930862,0.272930862,0.272930862,0.0,0.0,0.8,0.0,2.0,4.0,0.272951936,0.272951936,0.272951936,0.272951936,1.0,0.0,0.272951936,0.272951936,0.272951936,0.272951936,1.0,0.0,0.272951936,0.272951936,33040.0,1.0,0.0,0.272951936,0.272951936,33040.0,1.0,0.0,0.000951057,0.0004,0.2,1.0,1.0,0.0,0.000951057,0.0004,0.2,1.0,1.0,0.0,0.000951057,0.0004,0.2,1.0,1.0,0.0,0.000951057,0.0004,0.2,1.0,1.0,0.0,0.000951057,0.0004,0.2,1.0,1.0,0.0,0.000951057,0.0004,0.2,1.0,1.0,0.0,0.000951057,0.0004,0.2,1.0,1.0,0.0,0.248689887,0.248689887,0.248689887,0.248689887,3.0,4.0,0.248689887,0.248689887,0.248689887,0.248689887,3.0,4.0
0,0,45,45,45,1791590400045000000,1,0.278991106,0.278991106,0.278991106,0.278991106,0.278991106,0.278991106,0.278991106,0.278991106,0.278991106,0.278991106,0.278991106,0.278991106,0.0,0.0,0.8,0.0,1.0,0.0,0.278991106,0.278991106,0.278991106,0.278991106,0.278991106,0.278991106,0.278991106,0.278991106,0.278991106,0.278991106,0.278991106,0.278991106,0.0,0.0,0.8,0.0,1.0,0.0,0.278991106,0.278991106,0.278991106,0.278991106,0.278991106,0.278991106,0.278991106,0.278991106,0.278991106,0.278991106,0.278991106,0.278991106,0.0,0.0,0.8,0.0,1.0,0.0,0.278991106,0.278991106,0.278991106,0.278991106,0.278991106,0.278991106,0.278991106,0.278991106,0.278991106,0.278991106,0.278991106,0.278991106,0.0,0.0,0.8,0.0,1.0,0.0,0.278991106,0.278991106,0.278991106,0.278991106,1.0,0.0,0.278991106,0.278991106,0.278991106,0.278991106,1.0,0.0,0.278991106,0.278991106,33046.0,1.0,0.0,0.278991106,0.278991106,33046.0,1.0,0.0,0.001,0.0004,0.2,1.0,1.0,0.0,0.001,0.0004,0.2,1.0,1.0,0.0,0.001,0.0004,0.2,1.0,1.0,0.0,0.001,0.0004,0.2,1.0,1.0,0.0,0.001,0.0004,0.2,1.0,1.0,0.0,0.001,0.0004,0.2,1.0,1.0,0.0,0.001,0.0004,0.2,1.0,1.0,0.0,0.248689887,0.248689887,0.248689887,0.248689887,3.0,5.0,0.248689887,0.248689887,0.248689887,0.248689887,3.0,5.0
0,0,46,46,46,1791590400046000000,1,0.284996284,0.284996284,0.284996284,0.284996284,0.284996284,0.284996284,0.284996284,0.284996284,0.284996284,0.284996284,0.284996284,0.284996284,0.0,0.0,0.8,0.0,2.0,1.0,0.284996284,0.284996284,0.284996284,0.284996284,0.284996284,0.284996284,0.284996284,0.284996284,0.284996284,0.284996284,0.284996284,0.284996284,0.0,0.0,0.8,0.0,2.0,1.0,0.284996284,0.284996284,0.284996284,0.284996284,0.284996284,0.284996284,0.284996284,0.284996284,0.284996284,0.284996284,0.284996284,0.284996284,0.0,0.0,0.8,0.0,2.0,1.0,0.284996284,0.284996284,0.284996284,0.284996284,0.284996284,0.284996284,0.284996284,0.284996284,0.284996284,0.284996284,0.284996284,0.284996284,0.0,0.0,0.8,0.0,2.0,1.0,0.285019262,0.285019262,0.285019262,0.285019262,1.0,0.0,0.285019262,0.285019262,0.285019262,0.285019262,1.0,0.0,0.285019262,0.285019262,33053.0,1.0,0.0,0.285019262,0.285019262,33053.0,1.0,0.0,0.000951057,0.0004,0.2,1.0,1.0,0.0,0.000951057,0.0004,0.2,1.0,1.0,0.0,0.000951057,0.0004,0.2,1.0,1.0,0.0,0.000951057,0.0004,0.2,1.0,1.0,0.0,0.000951057,0.0004,0.2,1.0,1.0,0.0,0.000951057,0.0004,0.2,1.0,1.0,0.0,0.000951057,0.0004,0.2,1.0,1.0,0.0,0.248689887,0.248689887,0.248689887,0.248689887,3.0,6.0,0.248689887,0.248689887,0.248689887,0.248689887,3.0,6.0
0,0,47,47,47,1791590400047000000,1,0.291001461,0.291001461,0.291001461,0.291001461,0.291001461,0.291001461,0.291001461,0.291001461,0.291001461,0.291001461,0.291001461,0.291001461,0.0,0.0,0.8,0.0,2.0,2.0,0.291001461,0.291001461,0.291001461,0.291001461,0.291001461,0.291001461,0.291001461,0.291001461,0.291001461,0.291001461,0.291001461,0.291001461,0.0,0.0,0.8,0.0,2.0,2.0,0.291001461,0.291001461,0.291001461,0.291001461,0.291001461,0.291001461,0.291001461,0.291001461,0.291001461,0.291001461,0.291001461,0.291001461,0.0,0.0,0.8,0.0,2.0,2.0,0.291001461,0.291001461,0.291001461,0.291001461,0.291001461,0.291001461,0.291001461,0.291001461,0.291001461,0.291001461,0.291001461,0.291001461,0.0,0.0,0.8,0.0,2.0,2.0,0.291036167,0.291036167,0.291036167,0.291036167,1.0,0.0,0.291036167,0.291036167,0.291036167,0.291036167,1.0,0.0,0.291036167,0.291036167,33059.0,1.0,0.0,0.291036167,0.291036167,33059.0,1.0,0.0,0.000809017,0.0004,0.2,1.0,1.0,0.0,0.000809017,0.0004,0.2,1.0,1.0,0.0,0.000809017,0.0004,0.2,1.0,1.0,0.0,0.000809017,0.0004,0.2,1.0,1.0,0.0,0.000809017,0.0004,0.2,1.0,1.0,0.0,0.000809017,0.0004,0.2,1.0,1.0,0.0,0.000809017,0.0004,0.2,1.0,1.0,0.0,0.248689887,0.248689887,0.248689887,0.248689887,3.0,7.0,0.248689887,0.248689887,0.248689887,0.248689887,3.0,7.0
0,0,48,48,48,1791590400048000000,1,0.297006639,0.297006639,0.297006639,0.297006639,0.297006639,0.297006639,0.297006639,0.297006639,0.297006639,0.297006639,0.297006639,0.297006639,0.0,0.0,0.8,0.0,2.0,3.0,0.297006639,0.297006639,0.297006639,0.297006639,0.297006639,0.297006639,0.297006639,0.297006639,0.297006639,0.297006639,0.297006639,0.297006639,0.0,0.0,0.8,0.0,2.0,3.0,0.297006639,0.297006639,0.297006639,0.297006639,0.297006639,0.297006639,0.297006639,0.297006639,0.297006639,0.297006639,0.297006639,0.297006639,0.0,0.0,0.8,0.0,2.0,3.0,0.297006639,0.297006639,0.297006639,0.297006639,0.297006639,0.297006639,0.297006639,0.297006639,0.297006639,0.297006639,0.297006639,0.297006639,0.0,0.0,0.8,0.0,2.0,3.0,0.297041582,0.297041582,0.297041582,0.297041582,1.0,0.0,0.297041582,0.297041582,0.297041582,0.297041582,1.0,0.0,0.297041582,0.297041582,33065.0,1.0,0.0,0.297041582,0.297041582,33065.0,1.0,0.0,0.000587785,0.0004,0.2,1.0,1.0,0.0,0.000587785,0.0004,0.2,1.0,1.0,0.0,0.000587785,0.0004,0.2,1.0,1.0,0.0,0.000587785,0.0004,0.2,1.0,1.0,0.0,0.000587785,0.0004,0.2,1.0,1.0,0.0,0.000587785,0.0004,0.2,1.0,1.0,0.0,0.000587785,0.0004,0.2,1.0,1.0,0.0,0.248689887,0.248689887,0.248689887,0.248689887,3.0,8.0,0.248689887,0.248689887,0.248689887,0.248689887,3.0,8.0
0,0,49,49,49,1791590400049000000,1,0.303011817,0.303011817,0.303011817,0.303011817,0.303011817,0.303011817,0.303011817,0.303011817,0.303011817,0.303011817,0.303011817,0.303011817,0.0,0.0,0.8,0.0,2.0,4.0,0.303011817,0.303011817,0.303011817,0.303011817,0.303011817,0.303011817,0.303011817,0.303011817,0.303011817,0.303011817,0.303011817,0.303011817,0.0,0.0,0.8,0.0,2.0,4.0,0.303011817,0.303011817,0.303011817,0.303011817,0.303011817,0.303011817,0.303011817,0.303011817,0.303011817,0.303011817,0.303011817,0.303011817,0.0,0.0,0.8,0.0,2.0,4.0,0.303011817,0.303011817,0.303011817,0.303011817,0.303011817,0.303011817,0.303011817,0.303011817,0.303011817,0.303011817,0.303011817,0.303011817,0.0,0.0,0.8,0.0,2.0,4.0,0.30303527,0.30303527,0.30303527,0.30303527,1.0,0.0,0.30303527,0.30303527,0.30303527,0.30303527,1.0,0.0,0.30303527,0.30303527,33071.0,1.0,0.0,0.30303527,0.30303527,33071.0,1.0,0.0,0.000309017,0.0004,0.2,1.0,1.0,0.0,0.000309017,0.0004,0.2,1.0,1.0,0.0,0.000309017,0.0004,0.2,1.0,1.0,0.0,0.000309017,0.0004,0.2,1.0,1.0,0.0,0.000309017,0.0004,0.2,1.0,1.0,0.0,0.000309017,0.0004,0.2,1.0,1.0,0.0,0.000309017,0.0004,0.2,1.0,1.0,0.0,0.248689887,0.248689887,0.248689887,0.248689887,3.0,9.0,0.248689887,0.248689887,0.248689887,0.248689887,3.0,9.0
0,0,50,50,50,1791590400050000000,1,0.309016994,0.309016994,0.309016994,0.309016994,0.309016994,0.309016994,0.309016994,0.309016994,0.309016994,0.309016994,0.309016994,0.309016994,0.0,0.0,0.8,0.0,1.0,0.0,0.309016994,0.309016994,0.309016994,0.309016994,0.309016994,0.309016994,0.309016994,0.309016994,0.309016994,0.309016994,0.309016994,0.309016994,0.0,0.0,0.8,0.0,1.0,0.0,0.309016994,0.309016994,0.309016994,0.309016994,0.309016994,0.309016994,0.309016994,0.309016994,0.309016994,0.309016994,0.309016994,0.309016994,0.0,0.0,0.8,0.0,1.0,0.0,0.309016994,0.309016994,0.309016994,0.309016994,0.309016994,0.309016994,0.309016994,0.309016994,0.309016994,0.309016994,0.309016994,0.309016994,0.0,0.0,0.8,0.0,1.0,0.0,0.309016994,0.309016994,0.309016994,0.309016994,1.0,0.0,0.309016994,0.309016994,0.309016994,0.309016994,1.0,0.0,0.309016994,0.309016994,33077.0,1.0,0.0,0.309016994,0.309016994,33077.0,1.0,0.0,0.0,0.0004,0.2,1.0,1.0,0.0,0.0,0.0004,0.2,1.0,1.0,0.0,0.0,0.0004,0.2,1.0,1.0,0.0,0.0,0.0004,0.2,1.0,1.0,0.0,0.0,0.0004,0.2,1.0,1.0,0.0,0.0,0.0004,0.2,1.0,1.0,0.0,0.0,0.0004,0.2,1.0,1.0,0.0,0.248689887,0.248689887,0.248689887,0.248689887,3.0,10.0,0.248689887,0.248689887,0.248689887,0.248689887,3.0,10.0
0,0,51,51,51,1791590400051000000,1,0.31496118,0.31496118,0.31496118,0.31496118,0.31496118,0.31496118,0.31496118,0.31496118,0.31496118,0.31496118,0.31496118,0.31496118,0.0,0.0,0.8,0.0,2.0,1.0,0.31496118,0.31496118,0.31496118,0.31496118,0.31496118,0.31496118,0.31496118,0.31496118,0.31496118,0.31496118,0.31496118,0.31496118,0.0,0.0,0.8,0.0,2.0,1.0,0.31496118,0.31496118,0.31496118,0.31496118,0.31496118,0.31496118,0.31496118,0.31496118,0.31496118,0.31496118,0.31496118,0.31496118,0.0,0.0,0.8,0.0,2.0,1.0,0.31496118,0.31496118,0.31496118,0.31496118,0.31496118,0.31496118,0.31496118,0.31496118,0.31496118,0.31496118,0.31496118,0.31496118,0.0,0.0,0.8,0.0,2.0,1.0,0.31498652,0.31498652,0.31498652,0.31498652,1.0,0.0,0.31498652,0.31498652,0.31498652,0.31498652,1.0,0.0,0.31498652,0.31498652,33082.0,1.0,0.0,0.31498652,0.31498652,33082.0,1.0,0.0,-0.000309017,0.0004,0.2,1.0,1.0,0.0,-0.000309017,0.0004,0.2,1.0,1.0,0.0,-0.000309017,0.0004,0.2,1.0,1.0,0.0,-0.000309017,0.0004,0.2,1.0,1.0,0.0,-0.000309017,0.0004,0.2,1.0,1.0,0.0,-0.000309017,0.0004,0.2,1.0,1.0,0.0,-0.000309017,0.0004,0.2,1.0,1.0,0.0,0.248689887,0.248689887,0.248689887,0.248689887,3.0,11.0,0.248689887,0.248689887,0.248689887,0.248689887,3.0,11.0
0,0,52,52,52,1791590400052000000,1,0.320905365,0.320905365,0.320905365,0.320905365,0.320905365,0.320905365,0.320905365,0.320905365,0.320905365,0.320905365,0.320905365,0.320905365,0.0,0.0,0.8,0.0,2.0,2.0,0.320905365,0.320905365,0.320905365,0.320905365,0.320905365,0.320905365,0.320905365,0.320905365,0.320905365,0.320905365,0.320905365,0.320905365,0.0,0.0,0.8,0.0,2.0,2.0,0.320905365,0.320905365,0.320905365,0.320905365,0.320905365,0.320905365,0.320905365,0.320905365,0.320905365,0.320905365,0.320905365,0.320905365,0.0,0.0,0.8,0.0,2.0,2.0,0.320905365,0.320905365,0.320905365,0.320905365,0.320905365,0.320905365,0.320905365,0.320905365,0.320905365,0.320905365,0.320905365,0.320905365,0.0,0.0,0.8,0.0,2.0,2.0,0.32094361,0.32094361,0.32094361,0.32094361,1.0,0.0,0.32094361,0.32094361,0.32094361,0.32094361,1.0,0.0,0.32094361,0.32094361,33088.0,1.0,0.0,0.32094361,0.32094361,33088.0,1.0,0.0,-0.000587785,0.0004,0.2,1.0,1.0,0.0,-0.000587785,0.0004,0.2,1.0,1.0,0.0,-0.000587785,0.0004,0.2,1.0,1.0,0.0,-0.000587785,0.0004,0.2,1.0,1.0,0.0,-0.000587785,0.0004,0.2,1.0,1.0,0.0,-0.000587785,0.0004,0.2,1.0,1.0,0.0,-0.000587785,0.0004,0.2,1.0,1.0,0.0,0.248689887,0.248689887,0.248689887,0.248689887,3.0,12.0,0.248689887,0.248689887,0.248689887,0.248689887,3.0,12.0
0,0,53,53,53,1791590400053000000,1,0.32684955,0.32684955,0.32684955,0.32684955,0.32684955,0.32684955,0.32684955,0.32684955,0.32684955,0.32684955,0.32684955,0.32684955,0.0,0.0,0.8,0.0,2.0,3.0,0.32684955,0.32684955,0.32684955,0.32684955,0.32684955,0.32684955,0.32684955,0.32684955,0.32684955,0.32684955,0.32684955,0.32684955,0.0,0.0,0.8,0.0,2.0,3.0,0.32684955,0.32684955,0.32684955,0.32684955,0.32684955,0.32684955,0.32684955,0.32684955,0.32684955,0.32684955,0.32684955,0.32684955,0.0,0.0,0.8,0.0,2.0,3.0,0.32684955,0.32684955,0.32684955,0.32684955,0.32684955,0.32684955,0.32684955,0.32684955,0.32684955,0.32684955,0.32684955,0.32684955,0.0,0.0,0.8,0.0,2.0,3.0,0.32688803,0.32688803,0.32688803,0.32688803,1.0,0.0,0.32688803,0.32688803,0.32688803,0.32688803,1.0,0.0,0.32688803,0.32688803,33094.0,1.0,0.0,0.32688803,0.32688803,33094.0,1.0,0.0,-0.000809017,0.0004,0.2,1.0,1.0,0.0,-0.000809017,0.0004,0.2,1.0,1.0,0.0,-0.000809017,0.0004,0.2,1.0,1.0,0.0,-0.000809017,0.0004,0.2,1.0,1.0,0.0,-0.000809017,0.0004,0.2,1.0,1.0,0.0,-0.000809017,0.0004,0.2,1.0,1.0,0.0,-0.000809017,0.0004,0.2,1.0,1.0,0.0,0.248689887,0.248689887,0.248689887,0.248689887,3.0,13.0,0.248689887,0.248689887,0.248689887,0.248689887,3.0,13.0
0,0,54,54,54,1791590400054000000,1,0.332793735,0.332793735,0.332793735,0.332793735,0.332793735,0.332793735,0.332793735,0.332793735,0.332793735,0.332793735,0.332793735,0.332793735,0.0,0.0,0.8,0.0,2.0,4.0,0.332793735,0.332793735,0.332793735,0.332793735,0.332793735,0.332793735,0.332793735,0.332793735,0.332793735,0.332793735,0.332793735,0.332793735,0.0,0.0,0.8,0.0,2.0,4.0,0.332793735,0.332793735,0.332793735,0.332793735,0.332793735,0.332793735,0.332793735,0.332793735,0.332793735,0.332793735,0.332793735,0.332793735,0.0,0.0,0.8,0.0,2.0,4.0,0.332793735,0.332793735,0.332793735,0.332793735,0.332793735,0.332793735,0.332793735,0.332793735,0.332793735,0.332793735,0.332793735,0.332793735,0.0,0.0,0.8,0.0,2.0,4.0,0.332819545,0.332819545,0.332819545,0.332819545,1.0,0.0,0.332819545,0.332819545,0.332819545,0.332819545,1.0,0.0,0.332819545,0.332819545,33100.0,1.0,0.0,0.332819545,0.332819545,33100.0,1.0,0.0,-0.000951057,0.0004,0.2,1.0,1.0,0.0,-0.000951057,0.0004,0.2,1.0,1.0,0.0,-0.000951057,0.0004,0.2,1.0,1.0,0.0,-0.000951057,0.0004,0.2,1.0,1.0,0.0,-0.000951057,0.0004,0.2,1.0,1.0,0.0,-0.000951057,0.0004,0.2,1.0,1.0,0.0,-0.000951057,0.0004,0.2,1.0,1.0,0.0,0.248689887,0.248689887,0.248689887,0.248689887,3.0,14.0,0.248689887,0.248689887,0.248689887,0.248689887,3.0,14.0
0,0,55,55,55,1791590400055000000,1,0.33873792,0.33873792,0.33873792,0.33873792,0.33873792,0.33873792,0.33873792,0.33873792,0.33873792,0.33873792,0.33873792,0.33873792,0.0,0.0,0.8,0.0,1.0,0.0,0.33873792,0.33873792,0.33873792,0.33873792,0.33873792,0.33873792,0.33873792,0.33873792,0.33873792,0.33873792,0.33873792,0.33873792,0.0,0.0,0.8,0.0,1.0,0.0,0.33873792,0.33873792,0.33873792,0.33873792,0.33873792,0.33873792,0.33873792,0.33873792,0.33873792,0.33873792,0.33873792,0.33873792,0.0,0.0,0.8,0.0,1.0,0.0,0.33873792,0.33873792,0.33873792,0.33873792,0.33873792,0.33873792,0.33873792,0.33873792,0.33873792,0.33873792,0.33873792,0.33873792,0.0,0.0,0.8,0.0,1.0,0.0,0.33873792,0.33873792,0.33873792,0.33873792,1.0,0.0,0.33873792,0.33873792,0.33873792,0.33873792,1.0,0.0,0.33873792,0.33873792,33106.0,1.0,0.0,0.33873792,0.33873792,33106.0,1.0,0.0,-0.001,0.0004,0.2,1.0,1.0,0.0,-0.001,0.0004,0.2,1.0,1.0,0.0,-0.001,0.0004,0.2,1.0,1.0,0.0,-0.001,0.0004,0.2,1.0,1.0,0.0,-0.001,0.0004,0.2,1.0,1.0,0.0,-0.001,0.0004,0.2,1.0,1.0,0.0,-0.001,0.0004,0.2,1.0,1.0,0.0,0.248689887,0.248689887,0.248689887,0.248689887,3.0,15.0,0.248689887,0.248689887,0.248689887,0.248689887,3.0,15.0
0,0,56,56,56,1791590400056000000,1,0.344615247,0.344615247,0.344615247,0.344615247,0.344615247,0.344615247,0.344615247,0.344615247,0.344615247,0.344615247,0.344615247,0.344615247,0.0,0.0,0.8,0.0,2.0,1.0,0.344615247,0.344615247,0.344615247,0.344615247,0.344615247,0.344615247,0.344615247,0.344615247,0.344615247,0.344615247,0.344615247,0.344615247,0.0,0.0,0.8,0.0,2.0,1.0,0.344615247,0.344615247,0.344615247,0.344615247,0.344615247,0.344615247,0.344615247,0.344615247,0.344615247,0.344615247,0.344615247,0.344615247,0.0,0.0,0.8,0.0,2.0,1.0,0.344615247,0.344615247,0.344615247,0.344615247,0.344615247,0.344615247,0.344615247,0.344615247,0.344615247,0.344615247,0.344615247,0.344615247,0.0,0.0,0.8,0.0,2.0,1.0,0.344642923,0.344642923,0.344642923,0.344642923,1.0,0.0,0.344642923,0.344642923,0.344642923,0.344642923,1.0,0.0,0.344642923,0.344642923,33112.0,1.0,0.0,0.344642923,0.344642923,33112.0,1.0,0.0,-0.000951057,0.0004,0.2,1.0,1.0,0.0,-0.000951057,0.0004,0.2,1.0,1.0,0.0,-0.000951057,0.0004,0.2,1.0,1.0,0.0,-0.000951057,0.0004,0.2,1.0,1.0,0.0,-0.000951057,0.0004,0.2,1.0,1.0,0.0,-0.000951057,0.0004,0.2,1.0,1.0,0.0,-0.000951057,0.0004,0.2,1.0,1.0,0.0,0.248689887,0.248689887,0.248689887,0.248689887,3.0,16.0,0.248689887,0.248689887,0.248689887,0.248689887,3.0,16.0
0,0,57,57,57,1791590400057000000,1,0.350492573,0.350492573,0.350492573,0.350492573,0.350492573,0.350492573,0.350492573,0.350492573,0.350492573,0.350492573,0.350492573,0.350492573,0.0,0.0,0.8,0.0,2.0,2.0,0.350492573,0.350492573,0.350492573,0.350492573,0.350492573,0.350492573,0.350492573,0.350492573,0.350492573,0.350492573,0.350492573,0.350492573,0.0,0.0,0.8,0.0,2.0,2.0,0.350492573,0.350492573,0.350492573,0.350492573,0.350492573,0.350492573,0.350492573,0.350492573,0.350492573,0.350492573,0.350492573,0.350492573,0.0,0.0,0.8,0.0,2.0,2.0,0.350492573,0.350492573,0.350492573,0.350492573,0.350492573,0.350492573,0.350492573,0.350492573,0.350492573,0.350492573,0.350492573,0.350492573,0.0,0.0,0.8,0.0,2.0,2.0,0.35053432,0.35053432,0.35053432,0.35053432,1.0,0.0,0.35053432,0.35053432,0.35053432,0.35053432,1.0,0.0,0.35053432,0.35053432,33118.0,1.0,0.0,0.35053432,0.35053432,33118.0,1.0,0.0,-0.000809017,0.0004,0.2,1.0,1.0,0.0,-0.000809017,0.0004,0.2,1.0,1.0,0.0,-0.000809017,0.0004,0.2,1.0,1.0,0.0,-0.000809017,0.0004,0.2,1.0,1.0,0.0,-0.000809017,0.0004,0.2,1.0,1.0,0.0,-0.000809017,0.0004,0.2,1.0,1.0,0.0,-0.000809017,0.0004,0.2,1.0,1.0,0.0,0.248689887,0.248689887,0.248689887,0.248689887,3.0,17.0,0.248689887,0.248689887,0.248689887,0.248689887,3.0,17.0
0,0,58,58,58,1791590400058000000,1,0.3563699,0.3563699,0.3563699,0.3563699,0.3563699,0.3563699,0.3563699,0.3563699,0.3563699,0.3563699,0.3563699,0.3563699,0.0,0.0,0.8,0.0,2.0,3.0,0.3563699,0.3563699,0.3563699,0.3563699,0.3563699,0.3563699,0.3563699,0.3563699,0.3563699,0.3563699,0.3563699,0.3563699,0.0,0.0,0.8,0.0,2.0,3.0,0.3563699,0.3563699,0.3563699,0.3563699,0.3563699,0.3563699,0.3563699,0.3563699,0.3563699,0.3563699,0.3563699,0.3563699,0.0,0.0,0.8,0.0,2.0,3.0,0.3563699,0.3563699,0.3563699,0.3563699,0.3563699,0.3563699,0.3563699,0.3563699,0.3563699,0.3563699,0.3563699,0.3563699,0.0,0.0,0.8,0.0,2.0,3.0,0.356411879,0.356411879,0.356411879,0.356411879,1.0,0.0,0.356411879,0.356411879,0.356411879,0.356411879,1.0,0.0,0.356411879,0.356411879,33124.0,1.0,0.0,0.356411879,0.356411879,33124.0,1.0,0.0,-0.000587785,0.0004,0.2,1.0,1.0,0.0,-0.000587785,0.0004,0.2,1.0,1.0,0.0,-0.000587785,0.0004,0.2,1.0,1.0,0.0,-0.000587785,0.0004,0.2,1.0,1.0,0.0,-0.000587785,0.0004,0.2,1.0,1.0,0.0,-0.000587785,0.0004,0.2,1.0,1.0,0.0,-0.000587785,0.0004,0.2,1.0,1.0,0.0,0.248689887,0.248689887,0.248689887,0.248689887,3.0,18.0,0.248689887,0.248689887,0.248689887,0.248689887,3.0,18.0
0,0,59,59,59,1791590400059000000,1,0.362247226,0.362247226,0.362247226,0.362247226,0.362247226,0.362247226,0.362247226,0.362247226,0.362247226,0.362247226,0.362247226,0.362247226,0.0,0.0,0.8,0.0,2.0,4.0,0.362247226,0.362247226,0.362247226,0.362247226,0.362247226,0.362247226,0.362247226,0.362247226,0.362247226,0.362247226,0.362247226,0.362247226,0.0,0.0,0.8,0.0,2.0,4.0,0.362247226,0.362247226,0.362247226,0.362247226,0.362247226,0.362247226,0.362247226,0.362247226,0.362247226,0.362247226,0.362247226,0.362247226,0.0,0.0,0.8,0.0,2.0,4.0,0.362247226,0.362247226,0.362247226,0.362247226,0.362247226,0.362247226,0.362247226,0.362247226,0.362247226,0.362247226,0.362247226,0.362247226,0.0,0.0,0.8,0.0,2.0,4.0,0.362275367,0.362275367,0.362275367,0.362275367,1.0,0.0,0.362275367,0.362275367,0.362275367,0.362275367,1.0,0.0,0.362275367,0.362275367,33130.0,1.0,0.0,0.362275367,0.362275367,33130.0,1.0,0.0,-0.000309017,0.0004,0.2,1.0,1.0,0.0,-0.000309017,0.0004,0.2,1.0,1.0,0.0,-0.000309017,0.0004,0.2,1.0,1.0,0.0,-0.000309017,0.0004,0.2,1.0,1.0,0.0,-0.000309017,0.0004,0.2,1.0,1.0,0.0,-0.000309017,0.0004,0.2,1.0,1.0,0.0,-0.000309017,0.0004,0.2,1.0,1.0,0.0,0.248689887,0.248689887,0.248689887,0.248689887,3.0,19.0,0.248689887,0.248689887,0.248689887,0.248689887,3.0,19.0
0,1,0,60,60,1791590400060000000,1,0.368124553,0.368124553,0.368124553,0.368124553,0.368124553,0.368124553,0.368124553,0.368124553,0.368124553,0.368124553,0.368124553,0.368124553,0.0,0.0,0.8,0.0,1.0,0.0,0.368124553,0.368124553,0.368124553,0.368124553,0.368124553,0.368124553,0.368124553,0.368124553,0.368124553,0.368124553,0.368124553,0.368124553,0.0,0.0,0.8,0.0,1.0,0.0,0.368124553,0.368124553,0.368124553,0.368124553,0.368124553,0.368124553,0.368124553,0.368124553,0.368124553,0.368124553,0.368124553,0.368124553,0.0,0.0,0.8,0.0,1.0,0.0,0.368124553,0.368124553,0.368124553,0.368124553,0.368124553,0.368124553,0.368124553,0.368124553,0.368124553,0.368124553,0.368124553,0.368124553,0.0,0.0,0.8,0.0,1.0,0.0,0.368124553,0.368124553,0.368124553,0.368124553,1.0,0.0,0.368124553,0.368124553,0.368124553,0.368124553,1.0,0.0,0.368124553,0.368124553,33136.0,1.0,0.0,0.368124553,0.368124553,33136.0,1.0,0.0,-0.0,0.0004,0.2,1.0,1.0,0.0,-0.0,0.0004,0.2,1.0,1.0,0.0,-0.0,0.0004,0.2,1.0,1.0,0.0,-0.0,0.0004,0.2,1.0,1.0,0.0,-0.0,0.0004,0.2,1.0,1.0,0.0,-0.0,0.0004,0.2,1.0,1.0,0.0,-0.0,0.0004,0.2,1.0,1.0,0.0,0.368124553,0.368124553,0.368124553,0.368124553,3.0,0.0,0.368124553,0.368124553,0.368124553,0.368124553,3.0,0.0
0,1,1,61,61,1791590400061000000,1,0.37392922,0.37392922,0.37392922,0.37392922,0.37392922,0.37392922,0.37392922,0.37392922,0.37392922,0.37392922,0.37392922,0.37392922,0.0,0.0,0.8,0.0,2.0,1.0,0.37392922,0.37392922,0.37392922,0.37392922,0.37392922,0.37392922,0.37392922,0.37392922,0.37392922,0.37392922,0.37392922,0.37392922,0.0,0.0,0.8,0.0,2.0,1.0,0.37392922,0.37392922,0.37392922,0.37392922,0.37392922,0.37392922,0.37392922,0.37392922,0.37392922,0.37392922,0.37392922,0.37392922,0.0,0.0,0.8,0.0,2.0,1.0,0.37392922,0.37392922,0.37392922,0.37392922,0.37392922,0.37392922,0.37392922,0.37392922,0.37392922,0.37392922,0.37392922,0.37392922,0.0,0.0,0.8,0.0,2.0,1.0,0.373959206,0.373959206,0.373959206,0.373959206,1.0,0.0,0.373959206,0.373959206,0.373959206,0.373959206,1.0,0.0,0.373959206,0.373959206,33141.0,1.0,0.0,0.373959206,0.373959206,33141.0,1.0,0.0,0.000309017,0.0004,0.2,1.0,1.0,0.0,0.000309017,0.0004,0.2,1.0,1.0,0.0,0.000309017,0.0004,0.2,1.0,1.0,0.0,0.000309017,0.0004,0.2,1.0,1.0,0.0,0.000309017,0.0004,0.2,1.0,1.0,0.0,0.000309017,0.0004,0.2,1.0,1.0,0.0,0.000309017,0.0004,0.2,1.0,1.0,0.0,0.368124553,0.368124553,0.368124553,0.368124553,3.0,1.0,0.368124553,0.368124553,0.368124553,0.368124553,3.0,1.0
0,1,2,62,62,1791590400062000000,1,0.379733888,0.379733888,0.379733888,0.379733888,0.379733888,0.379733888,0.379733888,0.379733888,0.379733888,0.379733888,0.379733888,0.379733888,0.0,0.0,0.8,0.0,2.0,2.0,0.379733888,0.379733888,0.379733888,0.379733888,0.379733888,0.379733888,0.379733888,0.379733888,0.379733888,0.379733888,0.379733888,0.379733888,0.0,0.0,0.8,0.0,2.0,2.0,0.379733888,0.379733888,0.379733888,0.379733888,0.379733888,0.379733888,0.379733888,0.379733888,0.379733888,0.379733888,0.379733888,0.379733888,0.0,0.0,0.8,0.0,2.0,2.0,0.379733888,0.379733888,0.379733888,0.379733888,0.379733888,0.379733888,0.379733888,0.379733888,0.379733888,0.379733888,0.379733888,0.379733888,0.0,0.0,0.8,0.0,2.0,2.0,0.379779096,0.379779096,0.379779096,0.379779096,1.0,0.0,0.379779096,0.379779096,0.379779096,0.379779096,1.0,0.0,0.379779096,0.379779096,33147.0,1.0,0.0,0.379779096,0.379779096,33147.0,1.0,0.0,0.000587785,0.0004,0.2,1.0,1.0,0.0,0.000587785,0.0004,0.2,1.0,1.0,0.0,0.000587785,0.0004,0.2,1.0,1.0,0.0,0.000587785,0.0004,0.2,1.0,1.0,0.0,0.000587785,0.0004,0.2,1.0,1.0,0.0,0.000587785,0.0004,0.2,1.0,1.0,0.0,0.000587785,0.0004,0.2,1.0,1.0,0.0,0.368124553,0.368124553,0.368124553,0.368124553,3.0,2.0,0.368124553,0.368124553,0.368124553,0.368124553,3.0,2.0
0,1,3,63,63,1791590400063000000,1,0.385538555,0.385538555,0.385538555,0.385538555,0.385538555,0.385538555,0.385538555,0.385538555,0.385538555,0.385538555,0.385538555,0.385538555,0.0,0.0,0.8,0.0,2.0,3.0,0.385538555,0.385538555,0.385538555,0.385538555,0.385538555,0.385538555,0.385538555,0.385538555,0.385538555,0.385538555,0.385538555,0.385538555,0.0,0.0,0.8,0.0,2.0,3.0,0.385538555,0.385538555,0.385538555,0.385538555,0.385538555,0.385538555,0.385538555,0.385538555,0.385538555,0.385538555,0.385538555,0.385538555,0.0,0.0,0.8,0.0,2.0,3.0,0.385538555,0.385538555,0.385538555,0.385538555,0.385538555,0.385538555,0.385538555,0.385538555,0.385538555,0.385538555,0.385538555,0.385538555,0.0,0.0,0.8,0.0,2.0,3.0,0.385583992,0.385583992,0.385583992,0.385583992,1.0,0.0,0.385583992,0.385583992,0.385583992,0.385583992,1.0,0.0,0.385583992,0.385583992,33153.0,1.0,0.0,0.385583992,0.385583992,33153.0,1.0,0.0,0.000809017,0.0004,0.2,1.0,1.0,0.0,0.000809017,0.0004,0.2,1.0,1.0,0.0,0.000809017,0.0004,0.2,1.0,1.0,0.0,0.000809017,0.0004,0.2,1.0,1.0,0.0,0.000809017,0.0004,0.2,1.0,1.0,0.0,0.000809017,0.0004,0.2,1.0,1.0,0.0,0.000809017,0.0004,0.2,1.0,1.0,0.0,0.368124553,0.368124553,0.368124553,0.368124553,3.0,3.0,0.368124553,0.368124553,0.368124553,0.368124553,3.0,3.0
0,1,4,64,64,1791590400064000000,1,0.391343223,0.391343223,0.391343223,0.391343223,0.391343223,0.391343223,0.391343223,0.391343223,0.391343223,0.391343223,0.391343223,0.391343223,0.0,0.0,0.8,0.0,2.0,4.0,0.391343223,0.391343223,0.391343223,0.391343223,0.391343223,0.391343223,0.391343223,0.391343223,0.391343223,0.391343223,0.391343223,0.391343223,0.0,0.0,0.8,0.0,2.0,4.0,0.391343223,0.391343223,0.391343223,0.391343223,0.391343223,0.391343223,0.391343223,0.391343223,0.391343223,0.391343223,0.391343223,0.391343223,0.0,0.0,0.8,0.0,2.0,4.0,0.391343223,0.391343223,0.391343223,0.391343223,0.391343223,0.391343223,0.391343223,0.391343223,0.391343223,0.391343223,0.391343223,0.391343223,0.0,0.0,0.8,0.0,2.0,4.0,0.391373667,0.391373667,0.391373667,0.391373667,1.0,0.0,0.391373667,0.391373667,0.391373667,0.391373667,1.0,0.0,0.391373667,0.391373667,33159.0,1.0,0.0,0.391373667,0.391373667,33159.0,1.0,0.0,0.000951057,0.0004,0.2,1.0,1.0,0.0,0.000951057,0.0004,0.2,1.0,1.0,0.0,0.000951057,0.0004,0.2,1.0,1.0,0.0,0.000951057,0.0004,0.2,1.0,1.0,0.0,0.000951057,0.0004,0.2,1.0,1.0,0.0,0.000951057,0.0004,0.2,1.0,1.0,0.0,0.000951057,0.0004,0.2,1.0,1.0,0.0,0.368124553,0.368124553,0.368124553,0.368124553,3.0,4.0,0.368124553,0.368124553,0.368124553,0.368124553,3.0,4.0
0,1,5,65,65,1791590400065000000,1,0.397147891,0.397147891,0.397147891,0.397147891,0.397147891,0.397147891,0.397147891,0.397147891,0.397147891,0.397147891,0.397147891,0.397147891,0.0,0.0,0.8,0.0,1.0,0.0,0.397147891,0.397147891,0.397147891,0.397147891,0.397147891,0.397147891,0.397147891,0.397147891,0.397147891,0.397147891,0.397147891,0.397147891,0.0,0.0,0.8,0.0,1.0,0.0,0.397147891,0.397147891,0.397147891,0.397147891,0.397147891,0.397147891,0.397147891,0.397147891,0.397147891,0.397147891,0.397147891,0.397147891,0.0,0.0,0.8,0.0,1.0,0.0,0.397147891,0.397147891,0.397147891,0.397147891,0.397147891,0.397147891,0.397147891,0.397147891,0.397147891,0.397147891,0.397147891,0.397147891,0.0,0.0,0.8,0.0,1.0,0.0,0.397147891,0.397147891,0.397147891,0.397147891,1.0,0.0,0.397147891,0.397147891,0.397147891,0.397147891,1.0,0.0,0.397147891,0.397147891,33165.0,1.0,0.0,0.397147891,0.397147891,33165.0,1.0,0.0,0.001,0.0004,0.2,1.0,1.0,0.0,0.001,0.0004,0.2,1.0,1.0,0.0,0.001,0.0004,0.2,1.0,1.0,0.0,0.001,0.0004,0.2,1.0,1.0,0.0,0.001,0.0004,0.2,1.0,1.0,0.0,0.001,0.0004,0.2,1.0,1.0,0.0,0.001,0.0004,0.2,1.0,1.0,0.0,0.368124553,0.368124553,0.368124553,0.368124553,3.0,5.0,0.368124553,0.368124553,0.368124553,0.368124553,3.0,5.0
0,1,6,66,66,1791590400066000000,1,0.402874171,0.402874171,0.402874171,0.402874171,0.402874171,0.402874171,0.402874171,0.402874171,0.402874171,0.402874171,0.402874171,0.402874171,0.0,0.0,0.8,0.0,2.0,1.0,0.402874171,0.402874171,0.402874171,0.402874171,0.402874171,0.402874171,0.402874171,0.402874171,0.402874171,0.402874171,0.402874171,0.402874171,0.0,0.0,0.8,0.0,2.0,1.0,0.402874171,0.402874171,0.402874171,0.402874171,0.402874171,0.402874171,0.402874171,0.402874171,0.402874171,0.402874171,0.402874171,0.402874171,0.0,0.0,0.8,0.0,2.0,1.0,0.402874171,0.402874171,0.402874171,0.402874171,0.402874171,0.402874171,0.402874171,0.402874171,0.402874171,0.402874171,0.402874171,0.402874171,0.0,0.0,0.8,0.0,2.0,1.0,0.402906436,0.402906436,0.402906436,0.402906436,1.0,0.0,0.402906436,0.402906436,0.402906436,0.402906436,1.0,0.0,0.402906436,0.402906436,33170.0,1.0,0.0,0.402906436,0.402906436,33170.0,1.0,0.0,0.000951057,0.0004,0.2,1.0,1.0,0.0,0.000951057,0.0004,0.2,1.0,1.0,0.0,0.000951057,0.0004,0.2,1.0,1.0,0.0,0.000951057,0.0004,0.2,1.0,1.0,0.0,0.000951057,0.0004,0.2,1.0,1.0,0.0,0.000951057,0.0004,0.2,1.0,1.0,0.0,0.000951057,0.0004,0.2,1.0,1.0,0.0,0.368124553,0.368124553,0.368124553,0.368124553,3.0,6.0,0.368124553,0.368124553,0.368124553,0.368124553,3.0,6.0
0,1,7,67,67,1791590400067000000,1,0.408600451,0.408600451,0.408600451,0.408600451,0.408600451,0.408600451,0.408600451,0.408600451,0.408600451,0.408600451,0.408600451,0.408600451,0.0,0.0,0.8,0.0,2.0,2.0,0.408600451,0.408600451,0.408600451,0.408600451,0.408600451,0.408600451,0.408600451,0.408600451,0.408600451,0.408600451,0.408600451,0.408600451,0.0,0.0,0.8,0.0,2.0,2.0,0.408600451,0.408600451,0.408600451,0.408600451,0.408600451,0.408600451,0.408600451,0.408600451,0.408600451,0.408600451,0.408600451,0.408600451,0.0,0.0,0.8,0.0,2.0,2.0,0.408600451,0.408600451,0.408600451,0.408600451,0.408600451,0.408600451,0.408600451,0.408600451,0.408600451,0.408600451,0.408600451,0.408600451,0.0,0.0,0.8,0.0,2.0,2.0,0.408649075,0.408649075,0.408649075,0.408649075,1.0,0.0,0.408649075,0.408649075,0.408649075,0.408649075,1.0,0.0,0.408649075,0.408649075,33176.0,1.0,0.0,0.408649075,0.408649075,33176.0,1.0,0.0,0.000809017,0.0004,0.2,1.0,1.0,0.0,0.000809017,0.0004,0.2,1.0,1.0,0.0,0.000809017,0.0004,0.2,1.0,1.0,0.0,0.000809017,0.0004,0.2,1.0,1.0,0.0,0.000809017,0.0004,0.2,1.0,1.0,0.0,0.000809017,0.0004,0.2,1.0,1.0,0.0,0.000809017,0.0004,0.2,1.0,1.0,0.0,0.368124553,0.368124553,0.368124553,0.368124553,3.0,7.0,0.368124553,0.368124553,0.368124553,0.368124553,3.0,7.0
0,1,8,68,68,1791590400068000000,1,0.414326731,0.414326731,0.414326731,0.414326731,0.414326731,0.414326731,0.414326731,0.414326731,0.414326731,0.414326731,0.414326731,0.414326731,0.0,0.0,0.8,0.0,2.0,3.0,0.414326731,0.414326731,0.414326731,0.414326731,0.414326731,0.414326731,0.414326731,0.414326731,0.414326731,0.414326731,0.414326731,0.414326731,0.0,0.0,0.8,0.0,2.0,3.0,0.414326731,0.414326731,0.414326731,0.414326731,0.414326731,0.414326731,0.414326731,0.414326731,0.414326731,0.414326731,0.414326731,0.414326731,0.0,0.0,0.8,0.0,2.0,3.0,0.414326731,0.414326731,0.414326731,0.414326731,0.414326731,0.414326731,0.414326731,0.414326731,0.414326731,0.414326731,0.414326731,0.414326731,0.0,0.0,0.8,0.0,2.0,3.0,0.414375581,0.414375581,0.414375581,0.414375581,1.0,0.0,0.414375581,0.414375581,0.414375581,0.414375581,1.0,0.0,0.414375581,0.414375581,33182.0,1.0,0.0,0.414375581,0.414375581,33182.0,1.0,0.0,0.000587785,0.0004,0.2,1.0,1.0,0.0,0.000587785,0.0004,0.2,1.0,1.0,0.0,0.000587785,0.0004,0.2,1.0,1.0,0.0,0.000587785,0.0004,0.2,1.0,1.0,0.0,0.000587785,0.0004,0.2,1.0,1.0,0.0,0.000587785,0.0004,0.2,1.0,1.0,0.0,0.000587785,0.0004,0.2,1.0,1.0,0.0,0.368124553,0.368124553,0.368124553,0.368124553,3.0,8.0,0.368124553,0.368124553,0.368124553,0.368124553,3.0,8.0
0,1,9,69,69,1791590400069000000,1,0.420053011,0.420053011,0.420053011,0.420053011,0.420053011,0.420053011,0.420053011,0.420053011,0.420053011,0.420053011,0.420053011,0.420053011,0.0,0.0,0.8,0.0,2.0,4.0,0.420053011,0.420053011,0.420053011,0.420053011,0.420053011,0.420053011,0.420053011,0.420053011,0.420053011,0.420053011,0.420053011,0.420053011,0.0,0.0,0.8,0.0,2.0,4.0,0.420053011,0.420053011,0.420053011,0.420053011,0.420053011,0.420053011,0.420053011,0.420053011,0.420053011,0.420053011,0.420053011,0.420053011,0.0,0.0,0.8,0.0,2.0,4.0,0.420053011,0.420053011,0.420053011,0.420053011,0.420053011,0.420053011,0.420053011,0.420053011,0.420053011,0.420053011,0.420053011,0.420053011,0.0,0.0,0.8,0.0,2.0,4.0,0.420085728,0.420085728,0.420085728,0.420085728,1.0,0.0,0.420085728,0.420085728,0.420085728,0.420085728,1.0,0.0,0.420085728,0.420085728,33188.0,1.0,0.0,0.420085728,0.420085728,33188.0,1.0,0.0,0.000309017,0.0004,0.2,1.0,1.0,0.0,0.000309017,0.0004,0.2,1.0,1.0,0.0,0.000309017,0.0004,0.2,1.0,1.0,0.0,0.000309017,0.0004,0.2,1.0,1.0,0.0,0.000309017,0.0004,0.2,1.0,1.0,0.0,0.000309017,0.0004,0.2,1.0,1.0,0.0,0.000309017,0.0004,0.2,1.0,1.0,0.0,0.368124553,0.368124553,0.368124553,0.368124553,3.0,9.0,0.368124553,0.368124553,0.368124553,0.368124553,3.0,9.0
0,1,10,70,70,1791590400070000000,1,0.425779292,0.425779292,0.425779292,0.425779292,0.425779292,0.425779292,0.425779292,0.425779292,0.425779292,0.425779292,0.425779292,0.425779292,0.0,0.0,0.8,0.0,1.0,0.0,0.425779292,0.425779292,0.425779292,0.425779292,0.425779292,0.425779292,0.425779292,0.425779292,0.425779292,0.425779292,0.425779292,0.425779292,0.0,0.0,0.8,0.0,1.0,0.0,0.425779292,0.425779292,0.425779292,0.425779292,0.425779292,0.425779292,0.425779292,0.425779292,0.425779292,0.425779292,0.425779292,0.425779292,0.0,0.0,0.8,0.0,1.0,0.0,0.425779292,0.425779292,0.425779292,0.425779292,0.425779292,0.425779292,0.425779292,0.425779292,0.425779292,0.425779292,0.425779292,0.425779292,0.0,0.0,0.8,0.0,1.0,0.0,0.425779292,0.425779292,0.425779292,0.425779292,1.0,0.0,0.425779292,0.425779292,0.425779292,0.425779292,1.0,0.0,0.425779292,0.425779292,33193.0,1.0,0.0,0.425779292,0.425779292,33193.0,1.0,0.0,-0.0,0.0004,0.2,1.0,1.0,0.0,-0.0,0.0004,0.2,1.0,1.0,0.0,-0.0,0.0004,0.2,1.0,1.0,0.0,-0.0,0.0004,0.2,1.0,1.0,0.0,-0.0,0.0004,0.2,1.0,1.0,0.0,-0.0,0.0004,0.2,1.0,1.0,0.0,-0.0,0.0004,0.2,1.0,1.0,0.0,0.368124553,0.368124553,0.368124553,0.368124553,3.0,10.0,0.368124553,0.368124553,0.368124553,0.368124553,3.0,10.0
0,1,11,71,71,1791590400071000000,1,0.431421533,0.431421533,0.431421533,0.431421533,0.431421533,0.431421533,0.431421533,0.431421533,0.431421533,0.431421533,0.431421533,0.431421533,0.0,0.0,0.8,0.0,2.0,1.0,0.431421533,0.431421533,0.431421533,0.431421533,0.431421533,0.431421533,0.431421533,0.431421533,0.431421533,0.431421533,0.431421533,0.431421533,0.0,0.0,0.8,0.0,2.0,1.0,0.431421533,0.431421533,0.431421533,0.431421533,0.431421533,0.431421533,0.431421533,0.431421533,0.431421533,0.431421533,0.431421533,0.431421533,0.0,0.0,0.8,0.0,2.0,1.0,0.431421533,0.431421533,0.431421533,0.431421533,0.431421533,0.431421533,0.431421533,0.431421533,0.431421533,0.431421533,0.431421533,0.431421533,0.0,0.0,0.8,0.0,2.0,1.0,0.431456046,0.431456046,0.431456046,0.431456046,1.0,0.0,0.431456046,0.431456046,0.431456046,0.431456046,1.0,0.0,0.431456046,0.431456046,33199.0,1.0,0.0,0.431456046,0.431456046,33199.0,1.0,0.0,-0.000309017,0.0004,0.2,1.0,1.0,0.0,-0.000309017,0.0004,0.2,1.0,1.0,0.0,-0.000309017,0.0004,0.2,1.0,1.0,0.0,-0.000309017,0.0004,0.2,1.0,1.0,0.0,-0.000309017,0.0004,0.2,1.0,1.0,0.0,-0.000309017,0.0004,0.2,1.0,1.0,0.0,-0.000309017,0.0004,0.2,1.0,1.0,0.0,0.368124553,0.368124553,0.368124553,0.368124553,3.0,11.0,0.368124553,0.368124553,0.368124553,0.368124553,3.0,11.0
0,1,12,72,72,1791590400072000000,1,0.437063775,0.437063775,0.437063775,0.437063775,0.437063775,0.437063775,0.437063775,0.437063775,0.437063775,0.437063775,0.437063775,0.437063775,0.0,0.0,0.8,0.0,2.0,2.0,0.437063775,0.437063775,0.437063775,0.437063775,0.437063775,0.437063775,0.437063775,0.437063775,0.437063775,0.437063775,0.437063775,0.437063775,0.0,0.0,0.8,0.0,2.0,2.0,0.437063775,0.437063775,0.437063775,0.437063775,0.437063775,0.437063775,0.437063775,0.437063775,0.437063775,0.437063775,0.437063775,0.437063775,0.0,0.0,0.8,0.0,2.0,2.0,0.437063775,0.437063775,0.437063775,0.437063775,0.437063775,0.437063775,0.437063775,0.437063775,0.437063775,0.437063775,0.437063775,0.437063775,0.0,0.0,0.8,0.0,2.0,2.0,0.437115767,0.437115767,0.437115767,0.437115767,1.0,0.0,0.437115767,0.437115767,0.437115767,0.437115767,1.0,0.0,0.437115767,0.437115767,33205.0,1.0,0.0,0.437115767,0.437115767,33205.0,1.0,0.0,-0.000587785,0.0004,0.2,1.0,1.0,0.0,-0.000587785,0.0004,0.2,1.0,1.0,0.0,-0.000587785,0.0004,0.2,1.0,1.0,0.0,-0.000587785,0.0004,0.2,1.0,1.0,0.0,-0.000587785,0.0004,0.2,1.0,1.0,0.0,-0.000587785,0.0004,0.2,1.0,1.0,0.0,-0.000587785,0.0004,0.2,1.0,1.0,0.0,0.368124553,0.368124553,0.368124553,0.368124553,3.0,12.0,0.368124553,0.368124553,0.368124553,0.368124553,3.0,12.0
0,1,13,73,73,1791590400073000000,1,0.442706016,0.442706016,0.442706016,0.442706016,0.442706016,0.442706016,0.442706016,0.442706016,0.442706016,0.442706016,0.442706016,0.442706016,0.0,0.0,0.8,0.0,2.0,3.0,0.442706016,0.442706016,0.442706016,0.442706016,0.442706016,0.442706016,0.442706016,0.442706016,0.442706016,0.442706016,0.442706016,0.442706016,0.0,0.0,0.8,0.0,2.0,3.0,0.442706016,0.442706016,0.442706016,0.442706016,0.442706016,0.442706016,0.442706016,0.442706016,0.442706016,0.442706016,0.442706016,0.442706016,0.0,0.0,0.8,0.0,2.0,3.0,0.442706016,0.442706016,0.442706016,0.442706016,0.442706016,0.442706016,0.442706016,0.442706016,0.442706016,0.442706016,0.442706016,0.442706016,0.0,0.0,0.8,0.0,2.0,3.0,0.442758231,0.442758231,0.442758231,0.442758231,1.0,0.0,0.442758231,0.442758231,0.442758231,0.442758231,1.0,0.0,0.442758231,0.442758231,33210.0,1.0,0.0,0.442758231,0.442758231,33210.0,1.0,0.0,-0.000809017,0.0004,0.2,1.0,1.0,0.0,-0.000809017,0.0004,0.2,1.0,1.0,0.0,-0.000809017,0.0004,0.2,1.0,1.0,0.0,-0.000809017,0.0004,0.2,1.0,1.0,0.0,-0.000809017,0.0004,0.2,1.0,1.0,0.0,-0.000809017,0.0004,0.2,1.0,1.0,0.0,-0.000809017,0.0004,0.2,1.0,1.0,0.0,0.368124553,0.368124553,0.368124553,0.368124553,3.0,13.0,0.368124553,0.368124553,0.368124553,0.368124553,3.0,13.0
0,1,14,74,74,1791590400074000000,1,0.448348258,0.448348258,0.448348258,0.448348258,0.448348258,0.448348258,0.448348258,0.448348258,0.448348258,0.448348258,0.448348258,0.448348258,0.0,0.0,0.8,0.0,2.0,4.0,0.448348258,0.448348258,0.448348258,0.448348258,0.448348258,0.448348258,0.448348258,0.448348258,0.448348258,0.448348258,0.448348258,0.448348258,0.0,0.0,0.8,0.0,2.0,4.0,0.448348258,0.448348258,0.448348258,0.448348258,0.448348258,0.448348258,0.448348258,0.448348258,0.448348258,0.448348258,0.448348258,0.448348258,0.0,0.0,0.8,0.0,2.0,4.0,0.448348258,0.448348258,0.448348258,0.448348258,0.448348258,0.448348258,0.448348258,0.448348258,0.448348258,0.448348258,0.448348258,0.448348258,0.0,0.0,0.8,0.0,2.0,4.0,0.448383216,0.448383216,0.448383216,0.448383216,1.0,0.0,0.448383216,0.448383216,0.448383216,0.448383216,1.0,0.0,0.448383216,0.448383216,33216.0,1.0,0.0,0.448383216,0.448383216,33216.0,1.0,0.0,-0.000951057,0.0004,0.2,1.0,1.0,0.0,-0.000951057,0.0004,0.2,1.0,1.0,0.0,-0.000951057,0.0004,0.2,1.0,1.0,0.0,-0.000951057,0.0004,0.2,1.0,1.0,0.0,-0.000951057,0.0004,0.2,1.0,1.0,0.0,-0.000951057,0.0004,0.2,1.0,1.0,0.0,-0.000951057,0.0004,0.2,1.0,1.0,0.0,0.368124553,0.368124553,0.368124553,0.368124553,3.0,14.0,0.368124553,0.368124553,0.368124553,0.368124553,3.0,14.0
0,1,15,75,75,1791590400075000000,1,0.4539905,0.4539905,0.4539905,0.4539905,0.4539905,0.4539905,0.4539905,0.4539905,0.4539905,0.4539905,0.4539905,0.4539905,0.0,0.0,0.8,0.0,1.0,0.0,0.4539905,0.4539905,0.4539905,0.4539905,0.4539905,0.4539905,0.4539905,0.4539905,0.4539905,0.4539905,0.4539905,0.4539905,0.0,0.0,0.8,0.0,1.0,0.0,0.4539905,0.4539905,0.4539905,0.4539905,0.4539905,0.4539905,0.4539905,0.4539905,0.4539905,0.4539905,0.4539905,0.4539905,0.0,0.0,0.8,0.0,1.0,0.0,0.4539905,0.4539905,0.4539905,0.4539905,0.4539905,0.4539905,0.4539905,0.4539905,0.4539905,0.4539905,0.4539905,0.4539905,0.0,0.0,0.8,0.0,1.0,0.0,0.4539905,0.4539905,0.4539905,0.4539905,1.0,0.0,0.4539905,0.4539905,0.4539905,0.4539905,1.0,0.0,0.4539905,0.4539905,33221.0,1.0,0.0,0.4539905,0.4539905,33221.0,1.0,0.0,-0.001,0.0004,0.2,1.0,1.0,0.0,-0.001,0.0004,0.2,1.0,1.0,0.0,-0.001,0.0004,0.2,1.0,1.0,0.0,-0.001,0.0004,0.2,1.0,1.0,0.0,-0.001,0.0004,0.2,1.0,1.0,0.0,-0.001,0.0004,0.2,1.0,1.0,0.0,-0.001,0.0004,0.2,1.0,1.0,0.0,0.368124553,0.368124553,0.368124553,0.368124553,3.0,15.0,0.368124553,0.368124553,0.368124553,0.368124553,3.0,15.0
0,1,16,76,76,1791590400076000000,1,0.459543135,0.459543135,0.459543135,0.459543135,0.459543135,0.459543135,0.459543135,0.459543135,0.459543135,0.459543135,0.459543135,0.459543135,0.0,0.0,0.8,0.0,2.0,1.0,0.459543135,0.459543135,0.459543135,0.459543135,0.459543135,0.459543135,0.459543135,0.459543135,0.459543135,0.459543135,0.459543135,0.459543135,0.0,0.0,0.8,0.0,2.0,1.0,0.459543135,0.459543135,0.459543135,0.459543135,0.459543135,0.459543135,0.459543135,0.459543135,0.459543135,0.459543135,0.459543135,0.459543135,0.0,0.0,0.8,0.0,2.0,1.0,0.459543135,0.459543135,0.459543135,0.459543135,0.459543135,0.459543135,0.459543135,0.459543135,0.459543135,0.459543135,0.459543135,0.459543135,0.0,0.0,0.8,0.0,2.0,1.0,0.459579861,0.459579861,0.459579861,0.459579861,1.0,0.0,0.459579861,0.459579861,0.459579861,0.459579861,1.0,0.0,0.459579861,0.459579861,33227.0,1.0,0.0,0.459579861,0.459579861,33227.0,1.0,0.0,-0.000951057,0.0004,0.2,1.0,1.0,0.0,-0.000951057,0.0004,0.2,1.0,1.0,0.0,-0.000951057,0.0004,0.2,1.0,1.0,0.0,-0.000951057,0.0004,0.2,1.0,1.0,0.0,-0.000951057,0.0004,0.2,1.0,1.0,0.0,-0.000951057,0.0004,0.2,1.0,1.0,0.0,-0.000951057,0.0004,0.2,1.0,1.0,0.0,0.368124553,0.368124553,0.368124553,0.368124553,3.0,16.0,0.368124553,0.368124553,0.368124553,0.368124553,3.0,16.0
0,1,17,77,77,1791590400077000000,1,0.465095769,0.465095769,0.465095769,0.465095769,0.465095769,0.465095769,0.465095769,0.465095769,0.465095769,0.465095769,0.465095769,0.465095769,0.0,0.0,0.8,0.0,2.0,2.0,0.465095769,0.465095769,0.465095769,0.465095769,0.465095769,0.465095769,0.465095769,0.465095769,0.465095769,0.465095769,0.465095769,0.465095769,0.0,0.0,0.8,0.0,2.0,2.0,0.465095769,0.465095769,0.465095769,0.465095769,0.465095769,0.465095769,0.465095769,0.465095769,0.465095769,0.465095769,0.465095769,0.465095769,0.0,0.0,0.8,0.0,2.0,2.0,0.465095769,0.465095769,0.465095769,0.465095769,0.465095769,0.465095769,0.465095769,0.465095769,0.465095769,0.465095769,0.465095769,0.465095769,0.0,0.0,0.8,0.0,2.0,2.0,0.465151078,0.465151078,0.465151078,0.465151078,1.0,0.0,0.465151078,0.465151078,0.465151078,0.465151078,1.0,0.0,0.465151078,0.465151078,33233.0,1.0,0.0,0.465151078,0.465151078,33233.0,1.0,0.0,-0.000809017,0.0004,0.2,1.0,1.0,0.0,-0.000809017,0.0004,0.2,1.0,1.0,0.0,-0.000809017,0.0004,0.2,1.0,1.0,0.0,-0.000809017,0.0004,0.2,1.0,1.0,0.0,-0.000809017,0.0004,0.2,1.0,1.0,0.0,-0.000809017,0.0004,0.2,1.0,1.0,0.0,-0.000809017,0.0004,0.2,1.0,1.0,0.0,0.368124553,0.368124553,0.368124553,0.368124553,3.0,17.0,0.368124553,0.368124553,0.368124553,0.368124553,3.0,17.0
0,1,18,78,78,1791590400078000000,1,0.470648404,0.470648404,0.470648404,0.470648404,0.470648404,0.470648404,0.470648404,0.470648404,0.470648404,0.470648404,0.470648404,0.470648404,0.0,0.0,0.8,0.0,2.0,3.0,0.470648404,0.470648404,0.470648404,0.470648404,0.470648404,0.470648404,0.470648404,0.470648404,0.470648404,0.470648404,0.470648404,0.470648404,0.0,0.0,0.8,0.0,2.0,3.0,0.470648404,0.470648404,0.470648404,0.470648404,0.470648404,0.470648404,0.470648404,0.470648404,0.470648404,0.470648404,0.470648404,0.470648404,0.0,0.0,0.8,0.0,2.0,3.0,0.470648404,0.470648404,0.470648404,0.470648404,0.470648404,0.470648404,0.470648404,0.470648404,0.470648404,0.470648404,0.470648404,0.470648404,0.0,0.0,0.8,0.0,2.0,3.0,0.470703932,0.470703932,0.470703932,0.470703932,1.0,0.0,0.470703932,0.470703932,0.470703932,0.470703932,1.0,0.0,0.470703932,0.470703932,33238.0,1.0,0.0,0.470703932,0.470703932,33238.0,1.0,0.0,-0.000587785,0.0004,0.2,1.0,1.0,0.0,-0.000587785,0.0004,0.2,1.0,1.0,0.0,-0.000587785,0.0004,0.2,1.0,1.0,0.0,-0.000587785,0.0004,0.2,1.0,1.0,0.0,-0.000587785,0.0004,0.2,1.0,1.0,0.0,-0.000587785,0.0004,0.2,1.0,1.0,0.0,-0.000587785,0.0004,0.2,1.0,1.0,0.0,0.368124553,0.368124553,0.368124553,0.368124553,3.0,18.0,0.368124553,0.368124553,0.368124553,0.368124553,3.0,18.0
0,1,19,79,79,1791590400079000000,1,0.476201039,0.476201039,0.476201039,0.476201039,0.476201039,0.476201039,0.476201039,0.476201039,0.476201039,0.476201039,0.476201039,0.476201039,0.0,0.0,0.8,0.0,2.0,4.0,0.476201039,0.476201039,0.476201039,0.476201039,0.476201039,0.476201039,0.476201039,0.476201039,0.476201039,0.476201039,0.476201039,0.476201039,0.0,0.0,0.8,0.0,2.0,4.0,0.476201039,0.476201039,0.476201039,0.476201039,0.476201039,0.476201039,0.476201039,0.476201039,0.476201039,0.476201039,0.476201039,0.476201039,0.0,0.0,0.8,0.0,2.0,4.0,0.476201039,0.476201039,0.476201039,0.476201039,0.476201039,0.476201039,0.476201039,0.476201039,0.476201039,0.476201039,0.476201039,0.476201039,0.0,0.0,0.8,0.0,2.0,4.0,0.476238204,0.476238204,0.476238204,0.476238204,1.0,0.0,0.476238204,0.476238204,0.476238204,0.476238204,1.0,0.0,0.476238204,0.476238204,33244.0,1.0,0.0,0.476238204,0.476238204,33244.0,1.0,0.0,-0.000309017,0.0004,0.2,1.0,1.0,0.0,-0.000309017,0.0004,0.2,1.0,1.0,0.0,-0.000309017,0.0004,0.2,1.0,1.0,0.0,-0.000309017,0.0004,0.2,1.0,1.0,0.0,-0.000309017,0.0004,0.2,1.0,1.0,0.0,-0.000309017,0.0004,0.2,1.0,1.0,0.0,-0.000309017,0.0004,0.2,1.0,1.0,0.0,0.368124553,0.368124553,0.368124553,0.368124553,3.0,19.0,0.368124553,0.368124553,0.368124553,0.368124553,3.0,19.0
0,1,20,80,80,1791590400080000000,1,0.481753674,0.481753674,0.481753674,0.481753674,0.481753674,0.481753674,0.481753674,0.481753674,0.481753674,0.481753674,0.481753674,0.481753674,0.0,0.0,0.8,0.0,1.0,0.0,0.481753674,0.481753674,0.481753674,0.481753674,0.481753674,0.481753674,0.481753674,0.481753674,0.481753674,0.481753674,0.481753674,0.481753674,0.0,0.0,0.8,0.0,1.0,0.0,0.481753674,0.481753674,0.481753674,0.481753674,0.481753674,0.481753674,0.481753674,0.481753674,0.481753674,0.481753674,0.481753674,0.481753674,0.0,0.0,0.8,0.0,1.0,0.0,0.481753674,0.481753674,0.481753674,0.481753674,0.481753674,0.481753674,0.481753674,0.481753674,0.481753674,0.481753674,0.481753674,0.481753674,0.0,0.0,0.8,0.0,1.0,0.0,0.481753674,0.481753674,0.481753674,0.481753674,1.0,0.0,0.481753674,0.481753674,0.481753674,0.481753674,1.0,0.0,0.481753674,0.481753674,33249.0,1.0,0.0,0.481753674,0.481753674,33249.0,1.0,0.0,0.0,0.0004,0.2,1.0,1.0,0.0,0.0,0.0004,0.2,1.0,1.0,0.0,0.0,0.0004,0.2,1.0,1.0,0.0,0.0,0.0004,0.2,1.0,1.0,0.0,0.0,0.0004,0.2,1.0,1.0,0.0,0.0,0.0004,0.2,1.0,1.0,0.0,0.0,0.0004,0.2,1.0,1.0,0.0,0.481753674,0.481753674,0.481753674,0.481753674,3.0,0.0,0.481753674,0.481753674,0.481753674,0.481753674,3.0,0.0
0,1,21,81,81,1791590400081000000,1,0.487211222,0.487211222,0.487211222,0.487211222,0.487211222,0.487211222,0.487211222,0.487211222,0.487211222,0.487211222,0.487211222,0.487211222,0.0,0.0,0.8,0.0,2.0,1.0,0.487211222,0.487211222,0.487211222,0.487211222,0.487211222,0.487211222,0.487211222,0.487211222,0.487211222,0.487211222,0.487211222,0.487211222,0.0,0.0,0.8,0.0,2.0,1.0,0.487211222,0.487211222,0.487211222,0.487211222,0.487211222,0.487211222,0.487211222,0.487211222,0.487211222,0.487211222,0.487211222,0.487211222,0.0,0.0,0.8,0.0,2.0,1.0,0.487211222,0.487211222,0.487211222,0.487211222,0.487211222,0.487211222,0.487211222,0.487211222,0.487211222,0.487211222,0.487211222,0.487211222,0.0,0.0,0.8,0.0,2.0,1.0,0.487250126,0.487250126,0.487250126,0.487250126,1.0,0.0,0.487250126,0.487250126,0.487250126,0.487250126,1.0,0.0,0.487250126,0.487250126,33255.0,1.0,0.0,0.487250126,0.487250126,33255.0,1.0,0.0,0.000309017,0.0004,0.2,1.0,1.0,0.0,0.000309017,0.0004,0.2,1.0,1.0,0.0,0.000309017,0.0004,0.2,1.0,1.0,0.0,0.000309017,0.0004,0.2,1.0,1.0,0.0,0.000309017,0.0004,0.2,1.0,1.0,0.0,0.000309017,0.0004,0.2,1.0,1.0,0.0,0.000309017,0.0004,0.2,1.0,1.0,0.0,0.481753674,0.481753674,0.481753674,0.481753674,3.0,1.0,0.481753674,0.481753674,0.481753674,0.481753674,3.0,1.0
0,1,22,82,82,1791590400082000000,1,0.492668771,0.492668771,0.492668771,0.492668771,0.492668771,0.492668771,0.492668771,0.492668771,0.492668771,0.492668771,0.492668771,0.492668771,0.0,0.0,0.8,0.0,2.0,2.0,0.492668771,0.492668771,0.492668771,0.492668771,0.492668771,0.492668771,0.492668771,0.492668771,0.492668771,0.492668771,0.492668771,0.492668771,0.0,0.0,0.8,0.0,2.0,2.0,0.492668771,0.492668771,0.492668771,0.492668771,0.492668771,0.492668771,0.492668771,0.492668771,0.492668771,0.492668771,0.492668771,0.492668771,0.0,0.0,0.8,0.0,2.0,2.0,0.492668771,0.492668771,0.492668771,0.492668771,0.492668771,0.492668771,0.492668771,0.492668771,0.492668771,0.492668771,0.492668771,0.492668771,0.0,0.0,0.8,0.0,2.0,2.0,0.492727342,0.492727342,0.492727342,0.492727342,1.0,0.0,0.492727342,0.492727342,0.492727342,0.492727342,1.0,0.0,0.492727342,0.492727342,33260.0,1.0,0.0,0.492727342,0.492727342,33260.0,1.0,0.0,0.000587785,0.0004,0.2,1.0,1.0,0.0,0.000587785,0.0004,0.2,1.0,1.0,0.0,0.000587785,0.0004,0.2,1.0,1.0,0.0,0.000587785,0.0004,0.2,1.0,1.0,0.0,0.000587785,0.0004,0.2,1.0,1.0,0.0,0.000587785,0.0004,0.2,1.0,1.0,0.0,0.000587785,0.0004,0.2,1.0,1.0,0.0,0.481753674,0.481753674,0.481753674,0.481753674,3.0,2.0,0.481753674,0.481753674,0.481753674,0.481753674,3.0,2.0
0,1,23,83,83,1791590400083000000,1,0.498126319,0.498126319,0.498126319,0.498126319,0.498126319,0.498126319,0.498126319,0.498126319,0.498126319,0.498126319,0.498126319,0.498126319,0.0,0.0,0.8,0.0,2.0,3.0,0.498126319,0.498126319,0.498126319,0.498126319,0.498126319,0.498126319,0.498126319,0.498126319,0.498126319,0.498126319,0.498126319,0.498126319,0.0,0.0,0.8,0.0,2.0,3.0,0.498126319,0.498126319,0.498126319,0.498126319,0.498126319,0.498126319,0.498126319,0.498126319,0.498126319,0.498126319,0.498126319,0.498126319,0.0,0.0,0.8,0.0,2.0,3.0,0.498126319,0.498126319,0.498126319,0.498126319,0.498126319,0.498126319,0.498126319,0.498126319,0.498126319,0.498126319,0.498126319,0.498126319,0.0,0.0,0.8,0.0,2.0,3.0,0.498185105,0.498185105,0.498185105,0.498185105,1.0,0.0,0.498185105,0.498185105,0.498185105,0.498185105,1.0,0.0,0.498185105,0.498185105,33266.0,1.0,0.0,0.498185105,0.498185105,33266.0,1.0,0.0,0.000809017,0.0004,0.2,1.0,1.0,0.0,0.000809017,0.0004,0.2,1.0,1.0,0.0,0.000809017,0.0004,0.2,1.0,1.0,0.0,0.000809017,0.0004,0.2,1.0,1.0,0.0,0.000809017,0.0004,0.2,1.0,1.0,0.0,0.000809017,0.0004,0.2,1.0,1.0,0.0,0.000809017,0.0004,0.2,1.0,1.0,0.0,0.481753674,0.481753674,0.481753674,0.481753674,3.0,3.0,0.481753674,0.481753674,0.481753674,0.481753674,3.0,3.0
0,1,24,84,84,1791590400084000000,1,0.503583867,0.503583867,0.503583867,0.503583867,0.503583867,0.503583867,0.503583867,0.503583867,0.503583867,0.503583867,0.503583867,0.503583867,0.0,0.0,0.8,0.0,2.0,4.0,0.503583867,0.503583867,0.503583867,0.503583867,0.503583867,0.503583867,0.503583867,0.503583867,0.503583867,0.503583867,0.503583867,0.503583867,0.0,0.0,0.8,0.0,2.0,4.0,0.503583867,0.503583867,0.503583867,0.503583867,0.503583867,0.503583867,0.503583867,0.503583867,0.503583867,0.503583867,0.503583867,0.503583867,0.0,0.0,0.8,0.0,2.0,4.0,0.503583867,0.503583867,0.503583867,0.503583867,0.503583867,0.503583867,0.503583867,0.503583867,0.503583867,0.503583867,0.503583867,0.503583867,0.0,0.0,0.8,0.0,2.0,4.0,0.503623202,0.503623202,0.503623202,0.503623202,1.0,0.0,0.503623202,0.503623202,0.503623202,0.503623202,1.0,0.0,0.503623202,0.503623202,33271.0,1.0,0.0,0.503623202,0.503623202,33271.0,1.0,0.0,0.000951057,0.0004,0.2,1.0,1.0,0.0,0.000951057,0.0004,0.2,1.0,1.0,0.0,0.000951057,0.0004,0.2,1.0,1.0,0.0,0.000951057,0.0004,0.2,1.0,1.0,0.0,0.000951057,0.0004,0.2,1.0,1.0,0.0,0.000951057,0.0004,0.2,1.0,1.0,0.0,0.000951057,0.0004,0.2,1.0,1.0,0.0,0.481753674,0.481753674,0.481753674,0.481753674,3.0,4.0,0.481753674,0.481753674,0.481753674,0.481753674,3.0,4.0
0,1,25,85,85,1791590400085000000,1,0.509041416,0.509041416,0.509041416,0.509041416,0.509041416,0.509041416,0.509041416,0.509041416,0.509041416,0.509041416,0.509041416,0.509041416,0.0,0.0,0.8,0.0,1.0,0.0,0.509041416,0.509041416,0.509041416,0.509041416,0.509041416,0.509041416,0.509041416,0.509041416,0.509041416,0.509041416,0.509041416,0.509041416,0.0,0.0,0.8,0.0,1.0,0.0,0.509041416,0.509041416,0.509041416,0.509041416,0.509041416,0.509041416,0.509041416,0.509041416,0.509041416,0.509041416,0.509041416,0.509041416,0.0,0.0,0.8,0.0,1.0,0.0,0.509041416,0.509041416,0.509041416,0.509041416,0.509041416,0.509041416,0.509041416,0.509041416,0.509041416,0.509041416,0.509041416,0.509041416,0.0,0.0,0.8,0.0,1.0,0.0,0.509041416,0.509041416,0.509041416,0.509041416,1.0,0.0,0.509041416,0.509041416,0.509041416,0.509041416,1.0,0.0,0.509041416,0.509041416,33277.0,1.0,0.0,0.509041416,0.509041416,33277.0,1.0,0.0,0.001,0.0004,0.2,1.0,1.0,0.0,0.001,0.0004,0.2,1.0,1.0,0.0,0.001,0.0004,0.2,1.0,1.0,0.0,0.001,0.0004,0.2,1.0,1.0,0.0,0.001,0.0004,0.2,1.0,1.0,0.0,0.001,0.0004,0.2,1.0,1.0,0.0,0.001,0.0004,0.2,1.0,1.0,0.0,0.481753674,0.481753674,0.481753674,0.481753674,3.0,5.0,0.481753674,0.481753674,0.481753674,0.481753674,3.0,5.0
0,1,26,86,86,1791590400086000000,1,0.514398492,0.514398492,0.514398492,0.514398492,0.514398492,0.514398492,0.514398492,0.514398492,0.514398492,0.514398492,0.514398492,0.514398492,0.0,0.0,0.8,0.0,2.0,1.0,0.514398492,0.514398492,0.514398492,0.514398492,0.514398492,0.514398492,0.514398492,0.514398492,0.514398492,0.514398492,0.514398492,0.514398492,0.0,0.0,0.8,0.0,2.0,1.0,0.514398492,0.514398492,0.514398492,0.514398492,0.514398492,0.514398492,0.514398492,0.514398492,0.514398492,0.514398492,0.514398492,0.514398492,0.0,0.0,0.8,0.0,2.0,1.0,0.514398492,0.514398492,0.514398492,0.514398492,0.514398492,0.514398492,0.514398492,0.514398492,0.514398492,0.514398492,0.514398492,0.514398492,0.0,0.0,0.8,0.0,2.0,1.0,0.514439534,0.514439534,0.514439534,0.514439534,1.0,0.0,0.514439534,0.514439534,0.514439534,0.514439534,1.0,0.0,0.514439534,0.514439534,33282.0,1.0,0.0,0.514439534,0.514439534,33282.0,1.0,0.0,0.000951057,0.0004,0.2,1.0,1.0,0.0,0.000951057,0.0004,0.2,1.0,1.0,0.0,0.000951057,0.0004,0.2,1.0,1.0,0.0,0.000951057,0.0004,0.2,1.0,1.0,0.0,0.000951057,0.0004,0.2,1.0,1.0,0.0,0.000951057,0.0004,0.2,1.0,1.0,0.0,0.000951057,0.0004,0.2,1.0,1.0,0.0,0.481753674,0.481753674,0.481753674,0.481753674,3.0,6.0,0.481753674,0.481753674,0.481753674,0.481753674,3.0,6.0
0,1,27,87,87,1791590400087000000,1,0.519755567,0.519755567,0.519755567,0.519755567,0.519755567,0.519755567,0.519755567,0.519755567,0.519755567,0.519755567,0.519755567,0.519755567,0.0,0.0,0.8,0.0,2.0,2.0,0.519755567,0.519755567,0.519755567,0.519755567,0.519755567,0.519755567,0.519755567,0.519755567,0.519755567,0.519755567,0.519755567,0.519755567,0.0,0.0,0.8,0.0,2.0,2.0,0.519755567,0.519755567,0.519755567,0.519755567,0.519755567,0.519755567,0.519755567,0.519755567,0.519755567,0.519755567,0.519755567,0.519755567,0.0,0.0,0.8,0.0,2.0,2.0,0.519755567,0.519755567,0.519755567,0.519755567,0.519755567,0.519755567,0.519755567,0.519755567,0.519755567,0.519755567,0.519755567,0.519755567,0.0,0.0,0.8,0.0,2.0,2.0,0.519817343,0.519817343,0.519817343,0.519817343,1.0,0.0,0.519817343,0.519817343,0.519817343,0.519817343,1.0,0.0,0.519817343,0.519817343,33287.0,1.0,0.0,0.519817343,0.519817343,33287.0,1.0,0.0,0.000809017,0.0004,0.2,1.0,1.0,0.0,0.000809017,0.0004,0.2,1.0,1.0,0.0,0.000809017,0.0004,0.2,1.0,1.0,0.0,0.000809017,0.0004,0.2,1.0,1.0,0.0,0.000809017,0.0004,0.2,1.0,1.0,0.0,0.000809017,0.0004,0.2,1.0,1.0,0.0,0.000809017,0.0004,0.2,1.0,1.0,0.0,0.481753674,0.481753674,0.481753674,0.481753674,3.0,7.0,0.481753674,0.481753674,0.481753674,0.481753674,3.0,7.0
0,1,28,88,88,1791590400088000000,1,0.525112643,0.525112643,0.525112643,0.525112643,0.525112643,0.525112643,0.525112643,0.525112643,0.525112643,0.525112643,0.525112643,0.525112643,0.0,0.0,0.8,0.0,2.0,3.0,0.525112643,0.525112643,0.525112643,0.525112643,0.525112643,0.525112643,0.525112643,0.525112643,0.525112643,0.525112643,0.525112643,0.525112643,0.0,0.0,0.8,0.0,2.0,3.0,0.525112643,0.525112643,0.525112643,0.525112643,0.525112643,0.525112643,0.525112643,0.525112643,0.525112643,0.525112643,0.525112643,0.525112643,0.0,0.0,0.8,0.0,2.0,3.0,0.525112643,0.525112643,0.525112643,0.525112643,0.525112643,0.525112643,0.525112643,0.525112643,0.525112643,0.525112643,0.525112643,0.525112643,0.0,0.0,0.8,0.0,2.0,3.0,0.52517463,0.52517463,0.52517463,0.52517463,1.0,0.0,0.52517463,0.52517463,0.52517463,0.52517463,1.0,0.0,0.52517463,0.52517463,33293.0,1.0,0.0,0.52517463,0.52517463,33293.0,1.0,0.0,0.000587785,0.0004,0.2,1.0,1.0,0.0,0.000587785,0.0004,0.2,1.0,1.0,0.0,0.000587785,0.0004,0.2,1.0,1.0,0.0,0.000587785,0.0004,0.2,1.0,1.0,0.0,0.000587785,0.0004,0.2,1.0,1.0,0.0,0.000587785,0.0004,0.2,1.0,1.0,0.0,0.000587785,0.0004,0.2,1.0,1.0,0.0,0.481753674,0.481753674,0.481753674,0.481753674,3.0,8.0,0.481753674,0.481753674,0.481753674,0.481753674,3.0,8.0
0,1,29,89,89,1791590400089000000,1,0.530469719,0.530469719,0.530469719,0.530469719,0.530469719,0.530469719,0.530469719,0.530469719,0.530469719,0.530469719,0.530469719,0.530469719,0.0,0.0,0.8,0.0,2.0,4.0,0.530469719,0.530469719,0.530469719,0.530469719,0.530469719,0.530469719,0.530469719,0.530469719,0.530469719,0.530469719,0.530469719,0.530469719,0.0,0.0,0.8,0.0,2.0,4.0,0.530469719,0.530469719,0.530469719,0.530469719,0.530469719,0.530469719,0.530469719,0.530469719,0.530469719,0.530469719,0.530469719,0.530469719,0.0,0.0,0.8,0.0,2.0,4.0,0.530469719,0.530469719,0.530469719,0.530469719,0.530469719,0.530469719,0.530469719,0.530469719,0.530469719,0.530469719,0.530469719,0.530469719,0.0,0.0,0.8,0.0,2.0,4.0,0.530511184,0.530511184,0.530511184,0.530511184,1.0,0.0,0.530511184,0.530511184,0.530511184,0.530511184,1.0,0.0,0.530511184,0.530511184,33298.0,1.0,0.0,0.530511184,0.530511184,33298.0,1.0,0.0,0.000309017,0.0004,0.2,1.0,1.0,0.0,0.000309017,0.0004,0.2,1.0,1.0,0.0,0.000309017,0.0004,0.2,1.0,1.0,0.0,0.000309017,0.0004,0.2,1.0,1.0,0.0,0.000309017,0.0004,0.2,1.0,1.0,0.0,0.000309017,0.0004,0.2,1.0,1.0,0.0,0.000309017,0.0004,0.2,1.0,1.0,0.0,0.481753674,0.481753674,0.481753674,0.481753674,3.0,9.0,0.481753674,0.481753674,0.481753674,0.481753674,3.0,9.0
0,1,30,90,90,1791590400090000000,1,0.535826795,0.535826795,0.535826795,0.535826795,0.535826795,0.535826795,0.535826795,0.535826795,0.535826795,0.535826795,0.535826795,0.535826795,0.0,0.0,0.8,0.0,1.0,0.0,0.535826795,0.535826795,0.535826795,0.535826795,0.535826795,0.535826795,0.535826795,0.535826795,0.535826795,0.535826795,0.535826795,0.535826795,0.0,0.0,0.8,0.0,1.0,0.0,0.535826795,0.535826795,0.535826795,0.535826795,0.535826795,0.535826795,0.535826795,0.535826795,0.535826795,0.535826795,0.535826795,0.535826795,0.0,0.0,0.8,0.0,1.0,0.0,0.535826795,0.535826795,0.535826795,0.535826795,0.535826795,0.535826795,0.535826795,0.535826795,0.535826795,0.535826795,0.535826795,0.535826795,0.0,0.0,0.8,0.0,1.0,0.0,0.535826795,0.535826795,0.535826795,0.535826795,1.0,0.0,0.535826795,0.535826795,0.535826795,0.535826795,1.0,0.0,0.535826795,0.535826795,33303.0,1.0,0.0,0.535826795,0.535826795,33303.0,1.0,0.0,0.0,0.0004,0.2,1.0,1.0,0.0,0.0,0.0004,0.2,1.0,1.0,0.0,0.0,0.0004,0.2,1.0,1.0,0.0,0.0,0.0004,0.2,1.0,1.0,0.0,0.0,0.0004,0.2,1.0,1.0,0.0,0.0,0.0004,0.2,1.0,1.0,0.0,0.0,0.0004,0.2,1.0,1.0,0.0,0.481753674,0.481753674,0.481753674,0.481753674,3.0,10.0,0.481753674,0.481753674,0.481753674,0.481753674,3.0,10.0
0,1,31,91,91,1791590400091000000,1,0.541078112,0.541078112,0.541078112,0.541078112,0.541078112,0.541078112,0.541078112,0.541078112,0.541078112,0.541078112,0.541078112,0.541078112,0.0,0.0,0.8,0.0,2.0,1.0,0.541078112,0.541078112,0.541078112,0.541078112,0.541078112,0.541078112,0.541078112,0.541078112,0.541078112,0.541078112,0.541078112,0.541078112,0.0,0.0,0.8,0.0,2.0,1.0,0.541078112,0.541078112,0.541078112,0.541078112,0.541078112,0.541078112,0.541078112,0.541078112,0.541078112,0.541078112,0.541078112,0.541078112,0.0,0.0,0.8,0.0,2.0,1.0,0.541078112,0.541078112,0.541078112,0.541078112,0.541078112,0.541078112,0.541078112,0.541078112,0.541078112,0.541078112,0.541078112,0.541078112,0.0,0.0,0.8,0.0,2.0,1.0,0.541121252,0.541121252,0.541121252,0.541121252,1.0,0.0,0.541121252,0.541121252,0.541121252,0.541121252,1.0,0.0,0.541121252,0.541121252,33309.0,1.0,0.0,0.541121252,0.541121252,33309.0,1.0,0.0,-0.000309017,0.0004,0.2,1.0,1.0,0.0,-0.000309017,0.0004,0.2,1.0,1.0,0.0,-0.000309017,0.0004,0.2,1.0,1.0,0.0,-0.000309017,0.0004,0.2,1.0,1.0,0.0,-0.000309017,0.0004,0.2,1.0,1.0,0.0,-0.000309017,0.0004,0.2,1.0,1.0,0.0,-0.000309017,0.0004,0.2,1.0,1.0,0.0,0.481753674,0.481753674,0.481753674,0.481753674,3.0,11.0,0.481753674,0.481753674,0.481753674,0.481753674,3.0,11.0
0,1,32,92,92,1791590400092000000,1,0.546329428,0.546329428,0.546329428,0.546329428,0.546329428,0.546329428,0.546329428,0.546329428,0.546329428,0.546329428,0.546329428,0.546329428,0.0,0.0,0.8,0.0,2.0,2.0,0.546329428,0.546329428,0.546329428,0.546329428,0.546329428,0.546329428,0.546329428,0.546329428,0.546329428,0.546329428,0.546329428,0.546329428,0.0,0.0,0.8,0.0,2.0,2.0,0.546329428,0.546329428,0.546329428,0.546329428,0.546329428,0.546329428,0.546329428,0.546329428,0.546329428,0.546329428,0.546329428,0.546329428,0.0,0.0,0.8,0.0,2.0,2.0,0.546329428,0.546329428,0.546329428,0.546329428,0.546329428,0.546329428,0.546329428,0.546329428,0.546329428,0.546329428,0.546329428,0.546329428,0.0,0.0,0.8,0.0,2.0,2.0,0.546394347,0.546394347,0.546394347,0.546394347,1.0,0.0,0.546394347,0.546394347,0.546394347,0.546394347,1.0,0.0,0.546394347,0.546394347,33314.0,1.0,0.0,0.546394347,0.546394347,33314.0,1.0,0.0,-0.000587785,0.0004,0.2,1.0,1.0,0.0,-0.000587785,0.0004,0.2,1.0,1.0,0.0,-0.000587785,0.0004,0.2,1.0,1.0,0.0,-0.000587785,0.0004,0.2,1.0,1.0,0.0,-0.000587785,0.0004,0.2,1.0,1.0,0.0,-0.000587785,0.0004,0.2,1.0,1.0,0.0,-0.000587785,0.0004,0.2,1.0,1.0,0.0,0.481753674,0.481753674,0.481753674,0.481753674,3.0,12.0,0.481753674,0.481753674,0.481753674,0.481753674,3.0,12.0
0,1,33,93,93,1791590400093000000,1,0.551580745,0.551580745,0.551580745,0.551580745,0.551580745,0.551580745,0.551580745,0.551580745,0.551580745,0.551580745,0.551580745,0.551580745,0.0,0.0,0.8,0.0,2.0,3.0,0.551580745,0.551580745,0.551580745,0.551580745,0.551580745,0.551580745,0.551580745,0.551580745,0.551580745,0.551580745,0.551580745,0.551580745,0.0,0.0,0.8,0.0,2.0,3.0,0.551580745,0.551580745,0.551580745,0.551580745,0.551580745,0.551580745,0.551580745,0.551580745,0.551580745,0.551580745,0.551580745,0.551580745,0.0,0.0,0.8,0.0,2.0,3.0,0.551580745,0.551580745,0.551580745,0.551580745,0.551580745,0.551580745,0.551580745,0.551580745,0.551580745,0.551580745,0.551580745,0.551580745,0.0,0.0,0.8,0.0,2.0,3.0,0.551645871,0.551645871,0.551645871,0.551645871,1.0,0.0,0.551645871,0.551645871,0.551645871,0.551645871,1.0,0.0,0.551645871,0.551645871,33319.0,1.0,0.0,0.551645871,0.551645871,33319.0,1.0,0.0,-0.000809017,0.0004,0.2,1.0,1.0,0.0,-0.000809017,0.0004,0.2,1.0,1.0,0.0,-0.000809017,0.0004,0.2,1.0,1.0,0.0,-0.000809017,0.0004,0.2,1.0,1.0,0.0,-0.000809017,0.0004,0.2,1.0,1.0,0.0,-0.000809017,0.0004,0.2,1.0,1.0,0.0,-0.000809017,0.0004,0.2,1.0,1.0,0.0,0.481753674,0.481753674,0.481753674,0.481753674,3.0,13.0,0.481753674,0.481753674,0.481753674,0.481753674,3.0,13.0
0,1,34,94,94,1791590400094000000,1,0.556832061,0.556832061,0.556832061,0.556832061,0.556832061,0.556832061,0.556832061,0.556832061,0.556832061,0.556832061,0.556832061,0.556832061,0.0,0.0,0.8,0.0,2.0,4.0,0.556832061,0.556832061,0.556832061,0.556832061,0.556832061,0.556832061,0.556832061,0.556832061,0.556832061,0.556832061,0.556832061,0.556832061,0.0,0.0,0.8,0.0,2.0,4.0,0.556832061,0.556832061,0.556832061,0.556832061,0.556832061,0.556832061,0.556832061,0.556832061,0.556832061,0.556832061,0.556832061,0.556832061,0.0,0.0,0.8,0.0,2.0,4.0,0.556832061,0.556832061,0.556832061,0.556832061,0.556832061,0.556832061,0.556832061,0.556832061,0.556832061,0.556832061,0.556832061,0.556832061,0.0,0.0,0.8,0.0,2.0,4.0,0.556875616,0.556875616,0.556875616,0.556875616,1.0,0.0,0.556875616,0.556875616,0.556875616,0.556875616,1.0,0.0,0.556875616,0.556875616,33324.0,1.0,0.0,0.556875616,0.556875616,33324.0,1.0,0.0,-0.000951057,0.0004,0.2,1.0,1.0,0.0,-0.000951057,0.0004,0.2,1.0,1.0,0.0,-0.000951057,0.0004,0.2,1.0,1.0,0.0,-0.000951057,0.0004,0.2,1.0,1.0,0.0,-0.000951057,0.0004,0.2,1.0,1.0,0.0,-0.000951057,0.0004,0.2,1.0,1.0,0.0,-0.000951057,0.0004,0.2,1.0,1.0,0.0,0.481753674,0.481753674,0.481753674,0.481753674,3.0,14.0,0.481753674,0.481753674,0.481753674,0.481753674,3.0,14.0
0,1,35,95,95,1791590400095000000,1,0.562083378,0.562083378,0.562083378,0.562083378,0.562083378,0.562083378,0.562083378,0.562083378,0.562083378,0.562083378,0.562083378,0.562083378,0.0,0.0,0.8,0.0,1.0,0.0,0.562083378,0.562083378,0.562083378,0.562083378,0.562083378,0.562083378,0.562083378,0.562083378,0.562083378,0.562083378,0.562083378,0.562083378,0.0,0.0,0.8,0.0,1.0,0.0,0.562083378,0.562083378,0.562083378,0.562083378,0.562083378,0.562083378,0.562083378,0.562083378,0.562083378,0.562083378,0.562083378,0.562083378,0.0,0.0,0.8,0.0,1.0,0.0,0.562083378,0.562083378,0.562083378,0.562083378,0.562083378,0.562083378,0.562083378,0.562083378,0.562083378,0.562083378,0.562083378,0.562083378,0.0,0.0,0.8,0.0,1.0,0.0,0.562083378,0.562083378,0.562083378,0.562083378,1.0,0.0,0.562083378,0.562083378,0.562083378,0.562083378,1.0,0.0,0.562083378,0.562083378,33330.0,1.0,0.0,0.562083378,0.562083378,33330.0,1.0,0.0,-0.001,0.0004,0.2,1.0,1.0,0.0,-0.001,0.0004,0.2,1.0,1.0,0.0,-0.001,0.0004,0.2,1.0,1.0,0.0,-0.001,0.0004,0.2,1.0,1.0,0.0,-0.001,0.0004,0.2,1.0,1.0,0.0,-0.001,0.0004,0.2,1.0,1.0,0.0,-0.001,0.0004,0.2,1.0,1.0,0.0,0.481753674,0.481753674,0.481753674,0.481753674,3.0,15.0,0.481753674,0.481753674,0.481753674,0.481753674,3.0,15.0
0,1,36,96,96,1791590400096000000,1,0.567223753,0.567223753,0.567223753,0.567223753,0.567223753,0.567223753,0.567223753,0.567223753,0.567223753,0.567223753,0.567223753,0.567223753,0.0,0.0,0.8,0.0,2.0,1.0,0.567223753,0.567223753,0.567223753,0.567223753,0.567223753,0.567223753,0.567223753,0.567223753,0.567223753,0.567223753,0.567223753,0.567223753,0.0,0.0,0.8,0.0,2.0,1.0,0.567223753,0.567223753,0.567223753,0.567223753,0.567223753,0.567223753,0.567223753,0.567223753,0.567223753,0.567223753,0.567223753,0.567223753,0.0,0.0,0.8,0.0,2.0,1.0,0.567223753,0.567223753,0.567223753,0.567223753,0.567223753,0.567223753,0.567223753,0.567223753,0.567223753,0.567223753,0.567223753,0.567223753,0.0,0.0,0.8,0.0,2.0,1.0,0.567268949,0.567268949,0.567268949,0.567268949,1.0,0.0,0.567268949,0.567268949,0.567268949,0.567268949,1.0,0.0,0.567268949,0.567268949,33335.0,1.0,0.0,0.567268949,0.567268949,33335.0,1.0,0.0,-0.000951057,0.0004,0.2,1.0,1.0,0.0,-0.000951057,0.0004,0.2,1.0,1.0,0.0,-0.000951057,0.0004,0.2,1.0,1.0,0.0,-0.000951057,0.0004,0.2,1.0,1.0,0.0,-0.000951057,0.0004,0.2,1.0,1.0,0.0,-0.000951057,0.0004,0.2,1.0,1.0,0.0,-0.000951057,0.0004,0.2,1.0,1.0,0.0,0.481753674,0.481753674,0.481753674,0.481753674,3.0,16.0,0.481753674,0.481753674,0.481753674,0.481753674,3.0,16.0
0,1,37,97,97,1791590400097000000,1,0.572364128,0.572364128,0.572364128,0.572364128,0.572364128,0.572364128,0.572364128,0.572364128,0.572364128,0.572364128,0.572364128,0.572364128,0.0,0.0,0.8,0.0,2.0,2.0,0.572364128,0.572364128,0.572364128,0.572364128,0.572364128,0.572364128,0.572364128,0.572364128,0.572364128,0.572364128,0.572364128,0.572364128,0.0,0.0,0.8,0.0,2.0,2.0,0.572364128,0.572364128,0.572364128,0.572364128,0.572364128,0.572364128,0.572364128,0.572364128,0.572364128,0.572364128,0.572364128,0.572364128,0.0,0.0,0.8,0.0,2.0,2.0,0.572364128,0.572364128,0.572364128,0.572364128,0.572364128,0.572364128,0.572364128,0.572364128,0.572364128,0.572364128,0.572364128,0.572364128,0.0,0.0,0.8,0.0,2.0,2.0,0.572432126,0.572432126,0.572432126,0.572432126,1.0,0.0,0.572432126,0.572432126,0.572432126,0.572432126,1.0,0.0,0.572432126,0.572432126,33340.0,1.0,0.0,0.572432126,0.572432126,33340.0,1.0,0.0,-0.000809017,0.0004,0.2,1.0,1.0,0.0,-0.000809017,0.0004,0.2,1.0,1.0,0.0,-0.000809017,0.0004,0.2,1.0,1.0,0.0,-0.000809017,0.0004,0.2,1.0,1.0,0.0,-0.000809017,0.0004,0.2,1.0,1.0,0.0,-0.000809017,0.0004,0.2,1.0,1.0,0.0,-0.000809017,0.0004,0.2,1.0,1.0,0.0,0.481753674,0.481753674,0.481753674,0.481753674,3.0,17.0,0.481753674,0.481753674,0.481753674,0.481753674,3.0,17.0
0,1,38,98,98,1791590400098000000,1,0.577504503,0.577504503,0.577504503,0.577504503,0.577504503,0.577504503,0.577504503,0.577504503,0.577504503,0.577504503,0.577504503,0.577504503,0.0,0.0,0.8,0.0,2.0,3.0,0.577504503,0.577504503,0.577504503,0.577504503,0.577504503,0.577504503,0.577504503,0.577504503,0.577504503,0.577504503,0.577504503,0.577504503,0.0,0.0,0.8,0.0,2.0,3.0,0.577504503,0.577504503,0.577504503,0.577504503,0.577504503,0.577504503,0.577504503,0.577504503,0.577504503,0.577504503,0.577504503,0.577504503,0.0,0.0,0.8,0.0,2.0,3.0,0.577504503,0.577504503,0.577504503,0.577504503,0.577504503,0.577504503,0.577504503,0.577504503,0.577504503,0.577504503,0.577504503,0.577504503,0.0,0.0,0.8,0.0,2.0,3.0,0.577572703,0.577572703,0.577572703,0.577572703,1.0,0.0,0.577572703,0.577572703,0.577572703,0.577572703,1.0,0.0,0.577572703,0.577572703,33345.0,1.0,0.0,0.577572703,0.577572703,33345.0,1.0,0.0,-0.000587785,0.0004,0.2,1.0,1.0,0.0,-0.000587785,0.0004,0.2,1.0,1.0,0.0,-0.000587785,0.0004,0.2,1.0,1.0,0.0,-0.000587785,0.0004,0.2,1.0,1.0,0.0,-0.000587785,0.0004,0.2,1.0,1.0,0.0,-0.000587785,0.0004,0.2,1.0,1.0,0.0,-0.000587785,0.0004,0.2,1.0,1.0,0.0,0.481753674,0.481753674,0.481753674,0.481753674,3.0,18.0,0.481753674,0.481753674,0.481753674,0.481753674,3.0,18.0
0,1,39,99,99,1791590400099000000,1,0.582644877,0.582644877,0.582644877,0.582644877,0.582644877,0.582644877,0.582644877,0.582644877,0.582644877,0.582644877,0.582644877,0.582644877,0.0,0.0,0.8,0.0,2.0,4.0,0.582644877,0.582644877,0.582644877,0.582644877,0.582644877,0.582644877,0.582644877,0.582644877,0.582644877,0.582644877,0.582644877,0.582644877,0.0,0.0,0.8,0.0,2.0,4.0,0.582644877,0.582644877,0.582644877,0.582644877,0.582644877,0.582644877,0.582644877,0.582644877,0.582644877,0.582644877,0.582644877,0.582644877,0.0,0.0,0.8,0.0,2.0,4.0,0.582644877,0.582644877,0.582644877,0.582644877,0.582644877,0.582644877,0.582644877,0.582644877,0.582644877,0.582644877,0.582644877,0.582644877,0.0,0.0,0.8,0.0,2.0,4.0,0.58269048,0.58269048,0.58269048,0.58269048,1.0,0.0,0.58269048,0.58269048,0.58269048,0.58269048,1.0,0.0,0.58269048,0.58269048,33350.0,1.0,0.0,0.58269048,0.58269048,33350.0,1.0,0.0,-0.000309017,0.0004,0.2,1.0,1.0,0.0,-0.000309017,0.0004,0.2,1.0,1.0,0.0,-0.000309017,0.0004,0.2,1.0,1.0,0.0,-0.000309017,0.0004,0.2,1.0,1.0,0.0,-0.000309017,0.0004,0.2,1.0,1.0,0.0,-0.000309017,0.0004,0.2,1.0,1.0,0.0,-0.000309017,0.0004,0.2,1.0,1.0,0.0,0.481753674,0.481753674,0.481753674,0.481753674,3.0,19.0,0.481753674,0.481753674,0.481753674,0.481753674,3.0,19.0
0,1,40,100,100,1791590400100000000,1,0.587785252,0.587785252,0.587785252,0.587785252,0.587785252,0.587785252,0.587785252,0.587785252,0.587785252,0.587785252,0.587785252,0.587785252,0.0,0.0,0.8,0.0,1.0,0.0,0.587785252,0.587785252,0.587785252,0.587785252,0.587785252,0.587785252,0.587785252,0.587785252,0.587785252,0.587785252,0.587785252,0.587785252,0.0,0.0,0.8,0.0,1.0,0.0,0.587785252,0.587785252,0.587785252,0.587785252,0.587785252,0.587785252,0.587785252,0.587785252,0.587785252,0.587785252,0.587785252,0.587785252,0.0,0.0,0.8,0.0,1.0,0.0,0.587785252,0.587785252,0.587785252,0.587785252,0.587785252,0.587785252,0.587785252,0.587785252,0.587785252,0.587785252,0.587785252,0.587785252,0.0,0.0,0.8,0.0,1.0,0.0,0.587785252,0.587785252,0.587785252,0.587785252,1.0,0.0,0.587785252,0.587785252,0.587785252,0.587785252,1.0,0.0,0.587785252,0.587785252,33355.0,1.0,0.0,0.587785252,0.587785252,33355.0,1.0,0.0,-0.0,0.0004,0.2,1.0,1.0,0.0,-0.0,0.0004,0.2,1.0,1.0,0.0,-0.0,0.0004,0.2,1.0,1.0,0.0,-0.0,0.0004,0.2,1.0,1.0,0.0,-0.0,0.0004,0.2,1.0,1.0,0.0,-0.0,0.0004,0.2,1.0,1.0,0.0,-0.0,0.0004,0.2,1.0,1.0,0.0,0.587785252,0.587785252,0.587785252,0.587785252,3.0,0.0,0.587785252,0.587785252,0.587785252,0.587785252,3.0,0.0
0,1,41,101,101,1791590400101000000,1,0.592809613,0.592809613,0.592809613,0.592809613,0.592809613,0.592809613,0.592809613,0.592809613,0.592809613,0.592809613,0.592809613,0.592809613,0.0,0.0,0.8,0.0,2.0,1.0,0.592809613,0.592809613,0.592809613,0.592809613,0.592809613,0.592809613,0.592809613,0.592809613,0.592809613,0.592809613,0.592809613,0.592809613,0.0,0.0,0.8,0.0,2.0,1.0,0.592809613,0.592809613,0.592809613,0.592809613,0.592809613,0.592809613,0.592809613,0.592809613,0.592809613,0.592809613,0.592809613,0.592809613,0.0,0.0,0.8,0.0,2.0,1.0,0.592809613,0.592809613,0.592809613,0.592809613,0.592809613,0.592809613,0.592809613,0.592809613,0.592809613,0.592809613,0.592809613,0.592809613,0.0,0.0,0.8,0.0,2.0,1.0,0.59285682,0.59285682,0.59285682,0.59285682,1.0,0.0,0.59285682,0.59285682,0.59285682,0.59285682,1.0,0.0,0.59285682,0.59285682,33360.0,1.0,0.0,0.59285682,0.59285682,33360.0,1.0,0.0,0.000309017,0.0004,0.2,1.0,1.0,0.0,0.000309017,0.0004,0.2,1.0,1.0,0.0,0.000309017,0.0004,0.2,1.0,1.0,0.0,0.000309017,0.0004,0.2,1.0,1.0,0.0,0.000309017,0.0004,0.2,1.0,1.0,0.0,0.000309017,0.0004,0.2,1.0,1.0,0.0,0.000309017,0.0004,0.2,1.0,1.0,0.0,0.587785252,0.587785252,0.587785252,0.587785252,3.0,1.0,0.587785252,0.587785252,0.587785252,0.587785252,3.0,1.0
0,1,42,102,102,1791590400102000000,1,0.597833973,0.597833973,0.597833973,0.597833973,0.597833973,0.597833973,0.597833973,0.597833973,0.597833973,0.597833973,0.597833973,0.597833973,0.0,0.0,0.8,0.0,2.0,2.0,0.597833973,0.597833973,0.597833973,0.597833973,0.597833973,0.597833973,0.597833973,0.597833973,0.597833973,0.597833973,0.597833973,0.597833973,0.0,0.0,0.8,0.0,2.0,2.0,0.597833973,0.597833973,0.597833973,0.597833973,0.597833973,0.597833973,0.597833973,0.597833973,0.597833973,0.597833973,0.597833973,0.597833973,0.0,0.0,0.8,0.0,2.0,2.0,0.597833973,0.597833973,0.597833973,0.597833973,0.597833973,0.597833973,0.597833973,0.597833973,0.597833973,0.597833973,0.597833973,0.597833973,0.0,0.0,0.8,0.0,2.0,2.0,0.597904983,0.597904983,0.597904983,0.597904983,1.0,0.0,0.597904983,0.597904983,0.597904983,0.597904983,1.0,0.0,0.597904983,0.597904983,33365.0,1.0,0.0,0.597904983,0.597904983,33365.0,1.0,0.0,0.000587785,0.0004,0.2,1.0,1.0,0.0,0.000587785,0.0004,0.2,1.0,1.0,0.0,0.000587785,0.0004,0.2,1.0,1.0,0.0,0.000587785,0.0004,0.2,1.0,1.0,0.0,0.000587785,0.0004,0.2,1.0,1.0,0.0,0.000587785,0.0004,0.2,1.0,1.0,0.0,0.000587785,0.0004,0.2,1.0,1.0,0.0,0.587785252,0.587785252,0.587785252,0.587785252,3.0,2.0,0.587785252,0.587785252,0.587785252,0.587785252,3.0,2.0
0,1,43,103,103,1791590400103000000,1,0.602858333,0.602858333,0.602858333,0.602858333,0.602858333,0.602858333,0.602858333,0.602858333,0.602858333,0.602858333,0.602858333,0.602858333,0.0,0.0,0.8,0.0,2.0,3.0,0.602858333,0.602858333,0.602858333,0.602858333,0.602858333,0.602858333,0.602858333,0.602858333,0.602858333,0.602858333,0.602858333,0.602858333,0.0,0.0,0.8,0.0,2.0,3.0,0.602858333,0.602858333,0.602858333,0.602858333,0.602858333,0.602858333,0.602858333,0.602858333,0.602858333,0.602858333,0.602858333,0.602858333,0.0,0.0,0.8,0.0,2.0,3.0,0.602858333,0.602858333,0.602858333,0.602858333,0.602858333,0.602858333,0.602858333,0.602858333,0.602858333,0.602858333,0.602858333,0.602858333,0.0,0.0,0.8,0.0,2.0,3.0,0.602929542,0.602929542,0.602929542,0.602929542,1.0,0.0,0.602929542,0.602929542,0.602929542,0.602929542,1.0,0.0,0.602929542,0.602929542,33370.0,1.0,0.0,0.602929542,0.602929542,33370.0,1.0,0.0,0.000809017,0.0004,0.2,1.0,1.0,0.0,0.000809017,0.0004,0.2,1.0,1.0,0.0,0.000809017,0.0004,0.2,1.0,1.0,0.0,0.000809017,0.0004,0.2,1.0,1.0,0.0,0.000809017,0.0004,0.2,1.0,1.0,0.0,0.000809017,0.0004,0.2,1.0,1.0,0.0,0.000809017,0.0004,0.2,1.0,1.0,0.0,0.587785252,0.587785252,0.587785252,0.587785252,3.0,3.0,0.587785252,0.587785252,0.587785252,0.587785252,3.0,3.0
0,1,44,104,104,1791590400104000000,1,0.607882693,0.607882693,0.607882693,0.607882693,0.607882693,0.607882693,0.607882693,0.607882693,0.607882693,0.607882693,0.607882693,0.607882693,0.0,0.0,0.8,0.0,2.0,4.0,0.607882693,0.607882693,0.607882693,0.607882693,0.607882693,0.607882693,0.607882693,0.607882693,0.607882693,0.607882693,0.607882693,0.607882693,0.0,0.0,0.8,0.0,2.0,4.0,0.607882693,0.607882693,0.607882693,0.607882693,0.607882693,0.607882693,0.607882693,0.607882693,0.607882693,0.607882693,0.607882693,0.607882693,0.0,0.0,0.8,0.0,2.0,4.0,0.607882693,0.607882693,0.607882693,0.607882693,0.607882693,0.607882693,0.607882693,0.607882693,0.607882693,0.607882693,0.607882693,0.607882693,0.0,0.0,0.8,0.0,2.0,4.0,0.607930298,0.607930298,0.607930298,0.607930298,1.0,0.0,0.607930298,0.607930298,0.607930298,0.607930298,1.0,0.0,0.607930298,0.607930298,33375.0,1.0,0.0,0.607930298,0.607930298,33375.0,1.0,0.0,0.000951057,0.0004,0.2,1.0,1.0,0.0,0.000951057,0.0004,0.2,1.0,1.0,0.0,0.000951057,0.0004,0.2,1.0,1.0,0.0,0.000951057,0.0004,0.2,1.0,1.0,0.0,0.000951057,0.0004,0.2,1.0,1.0,0.0,0.000951057,0.0004,0.2,1.0,1.0,0.0,0.000951057,0.0004,0.2,1.0,1.0,0.0,0.587785252,0.587785252,0.587785252,0.587785252,3.0,4.0,0.587785252,0.587785252,0.587785252,0.587785252,3.0,4.0
0,1,45,105,105,1791590400105000000,1,0.612907054,0.612907054,0.612907054,0.612907054,0.612907054,0.612907054,0.612907054,0.612907054,0.612907054,0.612907054,0.612907054,0.612907054,0.0,0.0,0.8,0.0,1.0,0.0,0.612907054,0.612907054,0.612907054,0.612907054,0.612907054,0.612907054,0.612907054,0.612907054,0.612907054,0.612907054,0.612907054,0.612907054,0.0,0.0,0.8,0.0,1.0,0.0,0.612907054,0.612907054,0.612907054,0.612907054,0.612907054,0.612907054,0.612907054,0.612907054,0.612907054,0.612907054,0.612907054,0.612907054,0.0,0.0,0.8,0.0,1.0,0.0,0.612907054,0.612907054,0.612907054,0.612907054,0.612907054,0.612907054,0.612907054,0.612907054,0.612907054,0.612907054,0.612907054,0.612907054,0.0,0.0,0.8,0.0,1.0,0.0,0.612907054,0.612907054,0.612907054,0.612907054,1.0,0.0,0.612907054,0.612907054,0.612907054,0.612907054,1.0,0.0,0.612907054,0.612907054,33380.0,1.0,0.0,0.612907054,0.612907054,33380.0,1.0,0.0,0.001,0.0004,0.2,1.0,1.0,0.0,0.001,0.0004,0.2,1.0,1.0,0.0,0.001,0.0004,0.2,1.0,1.0,0.0,0.001,0.0004,0.2,1.0,1.0,0.0,0.001,0.0004,0.2,1.0,1.0,0.0,0.001,0.0004,0.2,1.0,1.0,0.0,0.001,0.0004,0.2,1.0,1.0,0.0,0.587785252,0.587785252,0.587785252,0.587785252,3.0,5.0,0.587785252,0.587785252,0.587785252,0.587785252,3.0,5.0
0,1,46,106,106,1791590400106000000,1,0.617810441,0.617810441,0.617810441,0.617810441,0.617810441,0.617810441,0.617810441,0.617810441,0.617810441,0.617810441,0.617810441,0.617810441,0.0,0.0,0.8,0.0,2.0,1.0,0.617810441,0.617810441,0.617810441,0.617810441,0.617810441,0.617810441,0.617810441,0.617810441,0.617810441,0.617810441,0.617810441,0.617810441,0.0,0.0,0.8,0.0,2.0,1.0,0.617810441,0.617810441,0.617810441,0.617810441,0.617810441,0.617810441,0.617810441,0.617810441,0.617810441,0.617810441,0.617810441,0.617810441,0.0,0.0,0.8,0.0,2.0,1.0,0.617810441,0.617810441,0.617810441,0.617810441,0.617810441,0.617810441,0.617810441,0.617810441,0.617810441,0.617810441,0.617810441,0.617810441,0.0,0.0,0.8,0.0,2.0,1.0,0.617859613,0.617859613,0.617859613,0.617859613,1.0,0.0,0.617859613,0.617859613,0.617859613,0.617859613,1.0,0.0,0.617859613,0.617859613,33385.0,1.0,0.0,0.617859613,0.617859613,33385.0,1.0,0.0,0.000951057,0.0004,0.2,1.0,1.0,0.0,0.000951057,0.0004,0.2,1.0,1.0,0.0,0.000951057,0.0004,0.2,1.0,1.0,0.0,0.000951057,0.0004,0.2,1.0,1.0,0.0,0.000951057,0.0004,0.2,1.0,1.0,0.0,0.000951057,0.0004,0.2,1.0,1.0,0.0,0.000951057,0.0004,0.2,1.0,1.0,0.0,0.587785252,0.587785252,0.587785252,0.587785252,3.0,6.0,0.587785252,0.587785252,0.587785252,0.587785252,3.0,6.0
0,1,47,107,107,1791590400107000000,1,0.622713828,0.622713828,0.622713828,0.622713828,0.622713828,0.622713828,0.622713828,0.622713828,0.622713828,0.622713828,0.622713828,0.622713828,0.0,0.0,0.8,0.0,2.0,2.0,0.622713828,0.622713828,0.622713828,0.622713828,0.622713828,0.622713828,0.622713828,0.622713828,0.622713828,0.622713828,0.622713828,0.622713828,0.0,0.0,0.8,0.0,2.0,2.0,0.622713828,0.622713828,0.622713828,0.622713828,0.622713828,0.622713828,0.622713828,0.622713828,0.622713828,0.622713828,0.622713828,0.622713828,0.0,0.0,0.8,0.0,2.0,2.0,0.622713828,0.622713828,0.622713828,0.622713828,0.622713828,0.622713828,0.622713828,0.622713828,0.622713828,0.622713828,0.622713828,0.622713828,0.0,0.0,0.8,0.0,2.0,2.0,0.62278778,0.62278778,0.62278778,0.62278778,1.0,0.0,0.62278778,0.62278778,0.62278778,0.62278778,1.0,0.0,0.62278778,0.62278778,33390.0,1.0,0.0,0.62278778,0.62278778,33390.0,1.0,0.0,0.000809017,0.0004,0.2,1.0,1.0,0.0,0.000809017,0.0004,0.2,1.0,1.0,0.0,0.000809017,0.0004,0.2,1.0,1.0,0.0,0.000809017,0.0004,0.2,1.0,1.0,0.0,0.000809017,0.0004,0.2,1.0,1.0,0.0,0.000809017,0.0004,0.2,1.0,1.0,0.0,0.000809017,0.0004,0.2,1.0,1.0,0.0,0.587785252,0.587785252,0.587785252,0.587785252,3.0,7.0,0.587785252,0.587785252,0.587785252,0.587785252,3.0,7.0
0,1,48,108,108,1791590400108000000,1,0.627617215,0.627617215,0.627617215,0.627617215,0.627617215,0.627617215,0.627617215,0.627617215,0.627617215,0.627617215,0.627617215,0.627617215,0.0,0.0,0.8,0.0,2.0,3.0,0.627617215,0.627617215,0.627617215,0.627617215,0.627617215,0.627617215,0.627617215,0.627617215,0.627617215,0.627617215,0.627617215,0.627617215,0.0,0.0,0.8,0.0,2.0,3.0,0.627617215,0.627617215,0.627617215,0.627617215,0.627617215,0.627617215,0.627617215,0.627617215,0.627617215,0.627617215,0.627617215,0.627617215,0.0,0.0,0.8,0.0,2.0,3.0,0.627617215,0.627617215,0.627617215,0.627617215,0.627617215,0.627617215,0.627617215,0.627617215,0.627617215,0.627617215,0.627617215,0.627617215,0.0,0.0,0.8,0.0,2.0,3.0,0.627691361,0.627691361,0.627691361,0.627691361,1.0,0.0,0.627691361,0.627691361,0.627691361,0.627691361,1.0,0.0,0.627691361,0.627691361,33395.0,1.0,0.0,0.627691361,0.627691361,33395.0,1.0,0.0,0.000587785,0.0004,0.2,1.0,1.0,0.0,0.000587785,0.0004,0.2,1.0,1.0,0.0,0.000587785,0.0004,0.2,1.0,1.0,0.0,0.000587785,0.0004,0.2,1.0,1.0,0.0,0.000587785,0.0004,0.2,1.0,1.0,0.0,0.000587785,0.0004,0.2,1.0,1.0,0.0,0.000587785,0.0004,0.2,1.0,1.0,0.0,0.587785252,0.587785252,0.587785252,0.587785252,3.0,8.0,0.587785252,0.587785252,0.587785252,0.587785252,3.0,8.0
0,1,49,109,109,1791590400109000000,1,0.632520603,0.632520603,0.632520603,0.632520603,0.632520603,0.632520603,0.632520603,0.632520603,0.632520603,0.632520603,0.632520603,0.632520603,0.0,0.0,0.8,0.0,2.0,4.0,0.632520603,0.632520603,0.632520603,0.632520603,0.632520603,0.632520603,0.632520603,0.632520603,0.632520603,0.632520603,0.632520603,0.632520603,0.0,0.0,0.8,0.0,2.0,4.0,0.632520603,0.632520603,0.632520603,0.632520603,0.632520603,0.632520603,0.632520603,0.632520603,0.632520603,0.632520603,0.632520603,0.632520603,0.0,0.0,0.8,0.0,2.0,4.0,0.632520603,0.632520603,0.632520603,0.632520603,0.632520603,0.632520603,0.632520603,0.632520603,0.632520603,0.632520603,0.632520603,0.632520603,0.0,0.0,0.8,0.0,2.0,4.0,0.632570162,0.632570162,0.632570162,0.632570162,1.0,0.0,0.632570162,0.632570162,0.632570162,0.632570162,1.0,0.0,0.632570162,0.632570162,33400.0,1.0,0.0,0.632570162,0.632570162,33400.0,1.0,0.0,0.000309017,0.0004,0.2,1.0,1.0,0.0,0.000309017,0.0004,0.2,1.0,1.0,0.0,0.000309017,0.0004,0.2,1.0,1.0,0.0,0.000309017,0.0004,0.2,1.0,1.0,0.0,0.000309017,0.0004,0.2,1.0,1.0,0.0,0.000309017,0.0004,0.2,1.0,1.0,0.0,0.000309017,0.0004,0.2,1.0,1.0,0.0,0.587785252,0.587785252,0.587785252,0.587785252,3.0,9.0,0.587785252,0.587785252,0.587785252,0.587785252,3.0,9.0
0,1,50,110,110,1791590400110000000,1,0.63742399,0.63742399,0.63742399,0.63742399,0.63742399,0.63742399,0.63742399,0.63742399,0.63742399,0.63742399,0.63742399,0.63742399,0.0,0.0,0.8,0.0,1.0,0.0,0.63742399,0.63742399,0.63742399,0.63742399,0.63742399,0.63742399,0.63742399,0.63742399,0.63742399,0.63742399,0.63742399,0.63742399,0.0,0.0,0.8,0.0,1.0,0.0,0.63742399,0.63742399,0.63742399,0.63742399,0.63742399,0.63742399,0.63742399,0.63742399,0.63742399,0.63742399,0.63742399,0.63742399,0.0,0.0,0.8,0.0,1.0,0.0,0.63742399,0.63742399,0.63742399,0.63742399,0.63742399,0.63742399,0.63742399,0.63742399,0.63742399,0.63742399,0.63742399,0.63742399,0.0,0.0,0.8,0.0,1.0,0.0,0.63742399,0.63742399,0.63742399,0.63742399,1.0,0.0,0.63742399,0.63742399,0.63742399,0.63742399,1.0,0.0,0.63742399,0.63742399,33405.0,1.0,0.0,0.63742399,0.63742399,33405.0,1.0,0.0,0.0,0.0004,0.2,1.0,1.0,0.0,0.0,0.0004,0.2,1.0,1.0,0.0,0.0,0.0004,0.2,1.0,1.0,0.0,0.0,0.0004,0.2,1.0,1.0,0.0,0.0,0.0004,0.2,1.0,1.0,0.0,0.0,0.0004,0.2,1.0,1.0,0.0,0.0,0.0004,0.2,1.0,1.0,0.0,0.587785252,0.587785252,0.587785252,0.587785252,3.0,10.0,0.587785252,0.587785252,0.587785252,0.587785252,3.0,10.0
0,1,51,111,111,1791590400111000000,1,0.642201565,0.642201565,0.642201565,0.642201565,0.642201565,0.642201565,0.642201565,0.642201565,0.642201565,0.642201565,0.642201565,0.642201565,0.0,0.0,0.8,0.0,2.0,1.0,0.642201565,0.642201565,0.642201565,0.642201565,0.642201565,0.642201565,0.642201565,0.642201565,0.642201565,0.642201565,0.642201565,0.642201565,0.0,0.0,0.8,0.0,2.0,1.0,0.642201565,0.642201565,0.642201565,0.642201565,0.642201565,0.642201565,0.642201565,0.642201565,0.642201565,0.642201565,0.642201565,0.642201565,0.0,0.0,0.8,0.0,2.0,1.0,0.642201565,0.642201565,0.642201565,0.642201565,0.642201565,0.642201565,0.642201565,0.642201565,0.642201565,0.642201565,0.642201565,0.642201565,0.0,0.0,0.8,0.0,2.0,1.0,0.642252653,0.642252653,0.642252653,0.642252653,1.0,0.0,0.642252653,0.642252653,0.642252653,0.642252653,1.0,0.0,0.642252653,0.642252653,33410.0,1.0,0.0,0.642252653,0.642252653,33410.0,1.0,0.0,-0.000309017,0.0004,0.2,1.0,1.0,0.0,-0.000309017,0.0004,0.2,1.0,1.0,0.0,-0.000309017,0.0004,0.2,1.0,1.0,0.0,-0.000309017,0.0004,0.2,1.0,1.0,0.0,-0.000309017,0.0004,0.2,1.0,1.0,0.0,-0.000309017,0.0004,0.2,1.0,1.0,0.0,-0.000309017,0.0004,0.2,1.0,1.0,0.0,0.587785252,0.587785252,0.587785252,0.587785252,3.0,11.0,0.587785252,0.587785252,0.587785252,0.587785252,3.0,11.0
0,1,52,112,112,1791590400112000000,1,0.64697914,0.64697914,0.64697914,0.64697914,0.64697914,0.64697914,0.64697914,0.64697914,0.64697914,0.64697914,0.64697914,0.64697914,0.0,0.0,0.8,0.0,2.0,2.0,0.64697914,0.64697914,0.64697914,0.64697914,0.64697914,0.64697914,0.64697914,0.64697914,0.64697914,0.64697914,0.64697914,0.64697914,0.0,0.0,0.8,0.0,2.0,2.0,0.64697914,0.64697914,0.64697914,0.64697914,0.64697914,0.64697914,0.64697914,0.64697914,0.64697914,0.64697914,0.64697914,0.64697914,0.0,0.0,0.8,0.0,2.0,2.0,0.64697914,0.64697914,0.64697914,0.64697914,0.64697914,0.64697914,0.64697914,0.64697914,0.64697914,0.64697914,0.64697914,0.64697914,0.0,0.0,0.8,0.0,2.0,2.0,0.647055962,0.647055962,0.647055962,0.647055962,1.0,0.0,0.647055962,0.647055962,0.647055962,0.647055962,1.0,0.0,0.647055962,0.647055962,33415.0,1.0,0.0,0.647055962,0.647055962,33415.0,1.0,0.0,-0.000587785,0.0004,0.2,1.0,1.0,0.0,-0.000587785,0.0004,0.2,1.0,1.0,0.0,-0.000587785,0.0004,0.2,1.0,1.0,0.0,-0.000587785,0.0004,0.2,1.0,1.0,0.0,-0.000587785,0.0004,0.2,1.0,1.0,0.0,-0.000587785,0.0004,0.2,1.0,1.0,0.0,-0.000587785,0.0004,0.2,1.0,1.0,0.0,0.587785252,0.587785252,0.587785252,0.587785252,3.0,12.0,0.587785252,0.587785252,0.587785252,0.587785252,3.0,12.0
0,1,53,113,113,1791590400113000000,1,0.651756715,0.651756715,0.651756715,0.651756715,0.651756715,0.651756715,0.651756715,0.651756715,0.651756715,0.651756715,0.651756715,0.651756715,0.0,0.0,0.8,0.0,2.0,3.0,0.651756715,0.651756715,0.651756715,0.651756715,0.651756715,0.651756715,0.651756715,0.651756715,0.651756715,0.651756715,0.651756715,0.651756715,0.0,0.0,0.8,0.0,2.0,3.0,0.651756715,0.651756715,0.651756715,0.651756715,0.651756715,0.651756715,0.651756715,0.651756715,0.651756715,0.651756715,0.651756715,0.651756715,0.0,0.0,0.8,0.0,2.0,3.0,0.651756715,0.651756715,0.651756715,0.651756715,0.651756715,0.651756715,0.651756715,0.651756715,0.651756715,0.651756715,0.651756715,0.651756715,0.0,0.0,0.8,0.0,2.0,3.0,0.651833725,0.651833725,0.651833725,0.651833725,1.0,0.0,0.651833725,0.651833725,0.651833725,0.651833725,1.0,0.0,0.651833725,0.651833725,33419.0,1.0,0.0,0.651833725,0.651833725,33419.0,1.0,0.0,-0.000809017,0.0004,0.2,1.0,1.0,0.0,-0.000809017,0.0004,0.2,1.0,1.0,0.0,-0.000809017,0.0004,0.2,1.0,1.0,0.0,-0.000809017,0.0004,0.2,1.0,1.0,0.0,-0.000809017,0.0004,0.2,1.0,1.0,0.0,-0.000809017,0.0004,0.2,1.0,1.0,0.0,-0.000809017,0.0004,0.2,1.0,1.0,0.0,0.587785252,0.587785252,0.587785252,0.587785252,3.0,13.0,0.587785252,0.587785252,0.587785252,0.587785252,3.0,13.0
0,1,54,114,114,1791590400114000000,1,0.65653429,0.65653429,0.65653429,0.65653429,0.65653429,0.65653429,0.65653429,0.65653429,0.65653429,0.65653429,0.65653429,0.65653429,0.0,0.0,0.8,0.0,2.0,4.0,0.65653429,0.65653429,0.65653429,0.65653429,0.65653429,0.65653429,0.65653429,0.65653429,0.65653429,0.65653429,0.65653429,0.65653429,0.0,0.0,0.8,0.0,2.0,4.0,0.65653429,0.65653429,0.65653429,0.65653429,0.65653429,0.65653429,0.65653429,0.65653429,0.65653429,0.65653429,0.65653429,0.65653429,0.0,0.0,0.8,0.0,2.0,4.0,0.65653429,0.65653429,0.65653429,0.65653429,0.65653429,0.65653429,0.65653429,0.65653429,0.65653429,0.65653429,0.65653429,0.65653429,0.0,0.0,0.8,0.0,2.0,4.0,0.656585756,0.656585756,0.656585756,0.656585756,1.0,0.0,0.656585756,0.656585756,0.656585756,0.656585756,1.0,0.0,0.656585756,0.656585756,33424.0,1.0,0.0,0.656585756,0.656585756,33424.0,1.0,0.0,-0.000951057,0.0004,0.2,1.0,1.0,0.0,-0.000951057,0.0004,0.2,1.0,1.0,0.0,-0.000951057,0.0004,0.2,1.0,1.0,0.0,-0.000951057,0.0004,0.2,1.0,1.0,0.0,-0.000951057,0.0004,0.2,1.0,1.0,0.0,-0.000951057,0.0004,0.2,1.0,1.0,0.0,-0.000951057,0.0004,0.2,1.0,1.0,0.0,0.587785252,0.587785252,0.587785252,0.587785252,3.0,14.0,0.587785252,0.587785252,0.587785252,0.587785252,3.0,14.0
0,1,55,115,115,1791590400115000000,1,0.661311865,0.661311865,0.661311865,0.661311865,0.661311865,0.661311865,0.661311865,0.661311865,0.661311865,0.661311865,0.661311865,0.661311865,0.0,0.0,0.8,0.0,1.0,0.0,0.661311865,0.661311865,0.661311865,0.661311865,0.661311865,0.661311865,0.661311865,0.661311865,0.661311865,0.661311865,0.661311865,0.661311865,0.0,0.0,0.8,0.0,1.0,0.0,0.661311865,0.661311865,0.661311865,0.661311865,0.661311865,0.661311865,0.661311865,0.661311865,0.661311865,0.661311865,0.661311865,0.661311865,0.0,0.0,0.8,0.0,1.0,0.0,0.661311865,0.661311865,0.661311865,0.661311865,0.661311865,0.661311865,0.661311865,0.661311865,0.661311865,0.661311865,0.661311865,0.661311865,0.0,0.0,0.8,0.0,1.0,0.0,0.661311865,0.661311865,0.661311865,0.661311865,1.0,0.0,0.661311865,0.661311865,0.661311865,0.661311865,1.0,0.0,0.661311865,0.661311865,33429.0,1.0,0.0,0.661311865,0.661311865,33429.0,1.0,0.0,-0.001,0.0004,0.2,1.0,1.0,0.0,-0.001,0.0004,0.2,1.0,1.0,0.0,-0.001,0.0004,0.2,1.0,1.0,0.0,-0.001,0.0004,0.2,1.0,1.0,0.0,-0.001,0.0004,0.2,1.0,1.0,0.0,-0.001,0.0004,0.2,1.0,1.0,0.0,-0.001,0.0004,0.2,1.0,1.0,0.0,0.587785252,0.587785252,0.587785252,0.587785252,3.0,15.0,0.587785252,0.587785252,0.587785252,0.587785252,3.0,15.0
0,1,56,116,116,1791590400116000000,1,0.665958913,0.665958913,0.665958913,0.665958913,0.665958913,0.665958913,0.665958913,0.665958913,0.665958913,0.665958913,0.665958913,0.665958913,0.0,0.0,0.8,0.0,2.0,1.0,0.665958913,0.665958913,0.665958913,0.665958913,0.665958913,0.665958913,0.665958913,0.665958913,0.665958913,0.665958913,0.665958913,0.665958913,0.0,0.0,0.8,0.0,2.0,1.0,0.665958913,0.665958913,0.665958913,0.665958913,0.665958913,0.665958913,0.665958913,0.665958913,0.665958913,0.665958913,0.665958913,0.665958913,0.0,0.0,0.8,0.0,2.0,1.0,0.665958913,0.665958913,0.665958913,0.665958913,0.665958913,0.665958913,0.665958913,0.665958913,0.665958913,0.665958913,0.665958913,0.665958913,0.0,0.0,0.8,0.0,2.0,1.0,0.666011867,0.666011867,0.666011867,0.666011867,1.0,0.0,0.666011867,0.666011867,0.666011867,0.666011867,1.0,0.0,0.666011867,0.666011867,33434.0,1.0,0.0,0.666011867,0.666011867,33434.0,1.0,0.0,-0.000951057,0.0004,0.2,1.0,1.0,0.0,-0.000951057,0.0004,0.2,1.0,1.0,0.0,-0.000951057,0.0004,0.2,1.0,1.0,0.0,-0.000951057,0.0004,0.2,1.0,1.0,0.0,-0.000951057,0.0004,0.2,1.0,1.0,0.0,-0.000951057,0.0004,0.2,1.0,1.0,0.0,-0.000951057,0.0004,0.2,1.0,1.0,0.0,0.587785252,0.587785252,0.587785252,0.587785252,3.0,16.0,0.587785252,0.587785252,0.587785252,0.587785252,3.0,16.0
0,1,57,117,117,1791590400117000000,1,0.670605962,0.670605962,0.670605962,0.670605962,0.670605962,0.670605962,0.670605962,0.670605962,0.670605962,0.670605962,0.670605962,0.670605962,0.0,0.0,0.8,0.0,2.0,2.0,0.670605962,0.670605962,0.670605962,0.670605962,0.670605962,0.670605962,0.670605962,0.670605962,0.670605962,0.670605962,0.670605962,0.670605962,0.0,0.0,0.8,0.0,2.0,2.0,0.670605962,0.670605962,0.670605962,0.670605962,0.670605962,0.670605962,0.670605962,0.670605962,0.670605962,0.670605962,0.670605962,0.670605962,0.0,0.0,0.8,0.0,2.0,2.0,0.670605962,0.670605962,0.670605962,0.670605962,0.670605962,0.670605962,0.670605962,0.670605962,0.670605962,0.670605962,0.670605962,0.670605962,0.0,0.0,0.8,0.0,2.0,2.0,0.670685577,0.670685577,0.670685577,0.670685577,1.0,0.0,0.670685577,0.670685577,0.670685577,0.670685577,1.0,0.0,0.670685577,0.670685577,33438.0,1.0,0.0,0.670685577,0.670685577,33438.0,1.0,0.0,-0.000809017,0.0004,0.2,1.0,1.0,0.0,-0.000809017,0.0004,0.2,1.0,1.0,0.0,-0.000809017,0.0004,0.2,1.0,1.0,0.0,-0.000809017,0.0004,0.2,1.0,1.0,0.0,-0.000809017,0.0004,0.2,1.0,1.0,0.0,-0.000809017,0.0004,0.2,1.0,1.0,0.0,-0.000809017,0.0004,0.2,1.0,1.0,0.0,0.587785252,0.587785252,0.587785252,0.587785252,3.0,17.0,0.587785252,0.587785252,0.587785252,0.587785252,3.0,17.0
0,1,58,118,118,1791590400118000000,1,0.67525301,0.67525301,0.67525301,0.67525301,0.67525301,0.67525301,0.67525301,0.67525301,0.67525301,0.67525301,0.67525301,0.67525301,0.0,0.0,0.8,0.0,2.0,3.0,0.67525301,0.67525301,0.67525301,0.67525301,0.67525301,0.67525301,0.67525301,0.67525301,0.67525301,0.67525301,0.67525301,0.67525301,0.0,0.0,0.8,0.0,2.0,3.0,0.67525301,0.67525301,0.67525301,0.67525301,0.67525301,0.67525301,0.67525301,0.67525301,0.67525301,0.67525301,0.67525301,0.67525301,0.0,0.0,0.8,0.0,2.0,3.0,0.67525301,0.67525301,0.67525301,0.67525301,0.67525301,0.67525301,0.67525301,0.67525301,0.67525301,0.67525301,0.67525301,0.67525301,0.0,0.0,0.8,0.0,2.0,3.0,0.675332808,0.675332808,0.675332808,0.675332808,1.0,0.0,0.675332808,0.675332808,0.675332808,0.675332808,1.0,0.0,0.675332808,0.675332808,33443.0,1.0,0.0,0.675332808,0.675332808,33443.0,1.0,0.0,-0.000587785,0.0004,0.2,1.0,1.0,0.0,-0.000587785,0.0004,0.2,1.0,1.0,0.0,-0.000587785,0.0004,0.2,1.0,1.0,0.0,-0.000587785,0.0004,0.2,1.0,1.0,0.0,-0.000587785,0.0004,0.2,1.0,1.0,0.0,-0.000587785,0.0004,0.2,1.0,1.0,0.0,-0.000587785,0.0004,0.2,1.0,1.0,0.0,0.587785252,0.587785252,0.587785252,0.587785252,3.0,18.0,0.587785252,0.587785252,0.587785252,0.587785252,3.0,18.0
0,1,59,119,119,1791590400119000000,1,0.679900058,0.679900058,0.679900058,0.679900058,0.679900058,0.679900058,0.679900058,0.679900058,0.679900058,0.679900058,0.679900058,0.679900058,0.0,0.0,0.8,0.0,2.0,4.0,0.679900058,0.679900058,0.679900058,0.679900058,0.679900058,0.679900058,0.679900058,0.679900058,0.679900058,0.679900058,0.679900058,0.679900058,0.0,0.0,0.8,0.0,2.0,4.0,0.679900058,0.679900058,0.679900058,0.679900058,0.679900058,0.679900058,0.679900058,0.679900058,0.679900058,0.679900058,0.679900058,0.679900058,0.0,0.0,0.8,0.0,2.0,4.0,0.679900058,0.679900058,0.679900058,0.679900058,0.679900058,0.679900058,0.679900058,0.679900058,0.679900058,0.679900058,0.679900058,0.679900058,0.0,0.0,0.8,0.0,2.0,4.0,0.679953379,0.679953379,0.679953379,0.679953379,1.0,0.0,0.679953379,0.679953379,0.679953379,0.679953379,1.0,0.0,0.679953379,0.679953379,33447.0,1.0,0.0,0.679953379,0.679953379,33447.0,1.0,0.0,-0.000309017,0.0004,0.2,1.0,1.0,0.0,-0.000309017,0.0004,0.2,1.0,1.0,0.0,-0.000309017,0.0004,0.2,1.0,1.0,0.0,-0.000309017,0.0004,0.2,1.0,1.0,0.0,-0.000309017,0.0004,0.2,1.0,1.0,0.0,-0.000309017,0.0004,0.2,1.0,1.0,0.0,-0.000309017,0.0004,0.2,1.0,1.0,0.0,0.587785252,0.587785252,0.587785252,0.587785252,3.0,19.0,0.587785252,0.587785252,0.587785252,0.587785252,3.0,19.0
0,2,0,120,120,1791590400120000000,1,0.684547106,0.684547106,0.684547106,0.684547106,0.684547106,0.684547106,0.684547106,0.684547106,0.684547106,0.684547106,0.684547106,0.684547106,0.0,0.0,0.8,0.0,1.0,0.0,0.684547106,0.684547106,0.684547106,0.684547106,0.684547106,0.684547106,0.684547106,0.684547106,0.684547106,0.684547106,0.684547106,0.684547106,0.0,0.0,0.8,0.0,1.0,0.0,0.684547106,0.684547106,0.684547106,0.684547106,0.684547106,0.684547106,0.684547106,0.684547106,0.684547106,0.684547106,0.684547106,0.684547106,0.0,0.0,0.8,0.0,1.0,0.0,0.684547106,0.684547106,0.684547106,0.684547106,0.684547106,0.684547106,0.684547106,0.684547106,0.684547106,0.684547106,0.684547106,0.684547106,0.0,0.0,0.8,0.0,1.0,0.0,0.684547106,0.684547106,0.684547106,0.684547106,1.0,0.0,0.684547106,0.684547106,0.684547106,0.684547106,1.0,0.0,0.684547106,0.684547106,33452.0,1.0,0.0,0.684547106,0.684547106,33452.0,1.0,0.0,-0.0,0.0004,0.2,1.0,1.0,0.0,-0.0,0.0004,0.2,1.0,1.0,0.0,-0.0,0.0004,0.2,1.0,1.0,0.0,-0.0,0.0004,0.2,1.0,1.0,0.0,-0.0,0.0004,0.2,1.0,1.0,0.0,-0.0,0.0004,0.2,1.0,1.0,0.0,-0.0,0.0004,0.2,1.0,1.0,0.0,0.684547106,0.684547106,0.684547106,0.684547106,3.0,0.0,0.684547106,0.684547106,0.684547106,0.684547106,3.0,0.0
0,2,1,121,121,1791590400121000000,1,0.689059041,0.689059041,0.689059041,0.689059041,0.689059041,0.689059041,0.689059041,0.689059041,0.689059041,0.689059041,0.689059041,0.689059041,0.0,0.0,0.8,0.0,2.0,1.0,0.689059041,0.689059041,0.689059041,0.689059041,0.689059041,0.689059041,0.689059041,0.689059041,0.689059041,0.689059041,0.689059041,0.689059041,0.0,0.0,0.8,0.0,2.0,1.0,0.689059041,0.689059041,0.689059041,0.689059041,0.689059041,0.689059041,0.689059041,0.689059041,0.689059041,0.689059041,0.689059041,0.689059041,0.0,0.0,0.8,0.0,2.0,1.0,0.689059041,0.689059041,0.689059041,0.689059041,0.689059041,0.689059041,0.689059041,0.689059041,0.689059041,0.689059041,0.689059041,0.689059041,0.0,0.0,0.8,0.0,2.0,1.0,0.689113808,0.689113808,0.689113808,0.689113808,1.0,0.0,0.689113808,0.689113808,0.689113808,0.689113808,1.0,0.0,0.689113808,0.689113808,33457.0,1.0,0.0,0.689113808,0.689113808,33457.0,1.0,0.0,0.000309017,0.0004,0.2,1.0,1.0,0.0,0.000309017,0.0004,0.2,1.0,1.0,0.0,0.000309017,0.0004,0.2,1.0,1.0,0.0,0.000309017,0.0004,0.2,1.0,1.0,0.0,0.000309017,0.0004,0.2,1.0,1.0,0.0,0.000309017,0.0004,0.2,1.0,1.0,0.0,0.000309017,0.0004,0.2,1.0,1.0,0.0,0.684547106,0.684547106,0.684547106,0.684547106,3.0,1.0,0.684547106,0.684547106,0.684547106,0.684547106,3.0,1.0
0,2,2,122,122,1791590400122000000,1,0.693570976,0.693570976,0.693570976,0.693570976,0.693570976,0.693570976,0.693570976,0.693570976,0.693570976,0.693570976,0.693570976,0.693570976,0.0,0.0,0.8,0.0,2.0,2.0,0.693570976,0.693570976,0.693570976,0.693570976,0.693570976,0.693570976,0.693570976,0.693570976,0.693570976,0.693570976,0.693570976,0.693570976,0.0,0.0,0.8,0.0,2.0,2.0,0.693570976,0.693570976,0.693570976,0.693570976,0.693570976,0.693570976,0.693570976,0.693570976,0.693570976,0.693570976,0.693570976,0.693570976,0.0,0.0,0.8,0.0,2.0,2.0,0.693570976,0.693570976,0.693570976,0.693570976,0.693570976,0.693570976,0.693570976,0.693570976,0.693570976,0.693570976,0.693570976,0.693570976,0.0,0.0,0.8,0.0,2.0,2.0,0.693653306,0.693653306,0.693653306,0.693653306,1.0,0.0,0.693653306,0.693653306,0.693653306,0.693653306,1.0,0.0,0.693653306,0.693653306,33461.0,1.0,0.0,0.693653306,0.693653306,33461.0,1.0,0.0,0.000587785,0.0004,0.2,1.0,1.0,0.0,0.000587785,0.0004,0.2,1.0,1.0,0.0,0.000587785,0.0004,0.2,1.0,1.0,0.0,0.000587785,0.0004,0.2,1.0,1.0,0.0,0.000587785,0.0004,0.2,1.0,1.0,0.0,0.000587785,0.0004,0.2,1.0,1.0,0.0,0.000587785,0.0004,0.2,1.0,1.0,0.0,0.684547106,0.684547106,0.684547106,0.684547106,3.0,2.0,0.684547106,0.684547106,0.684547106,0.684547106,3.0,2.0
0,2,3,123,123,1791590400123000000,1,0.698082911,0.698082911,0.698082911,0.698082911,0.698082911,0.698082911,0.698082911,0.698082911,0.698082911,0.698082911,0.698082911,0.698082911,0.0,0.0,0.8,0.0,2.0,3.0,0.698082911,0.698082911,0.698082911,0.698082911,0.698082911,0.698082911,0.698082911,0.698082911,0.698082911,0.698082911,0.698082911,0.698082911,0.0,0.0,0.8,0.0,2.0,3.0,0.698082911,0.698082911,0.698082911,0.698082911,0.698082911,0.698082911,0.698082911,0.698082911,0.698082911,0.698082911,0.698082911,0.698082911,0.0,0.0,0.8,0.0,2.0,3.0,0.698082911,0.698082911,0.698082911,0.698082911,0.698082911,0.698082911,0.698082911,0.698082911,0.698082911,0.698082911,0.698082911,0.698082911,0.0,0.0,0.8,0.0,2.0,3.0,0.698165419,0.698165419,0.698165419,0.698165419,1.0,0.0,0.698165419,0.698165419,0.698165419,0.698165419,1.0,0.0,0.698165419,0.698165419,33466.0,1.0,0.0,0.698165419,0.698165419,33466.0,1.0,0.0,0.000809017,0.0004,0.2,1.0,1.0,0.0,0.000809017,0.0004,0.2,1.0,1.0,0.0,0.000809017,0.0004,0.2,1.0,1.0,0.0,0.000809017,0.0004,0.2,1.0,1.0,0.0,0.000809017,0.0004,0.2,1.0,1.0,0.0,0.000809017,0.0004,0.2,1.0,1.0,0.0,0.000809017,0.0004,0.2,1.0,1.0,0.0,0.684547106,0.684547106,0.684547106,0.684547106,3.0,3.0,0.684547106,0.684547106,0.684547106,0.684547106,3.0,3.0
0,2,4,124,124,1791590400124000000,1,0.702594846,0.702594846,0.702594846,0.702594846,0.702594846,0.702594846,0.702594846,0.702594846,0.702594846,0.702594846,0.702594846,0.702594846,0.0,0.0,0.8,0.0,2.0,4.0,0.702594846,0.702594846,0.702594846,0.702594846,0.702594846,0.702594846,0.702594846,0.702594846,0.702594846,0.702594846,0.702594846,0.702594846,0.0,0.0,0.8,0.0,2.0,4.0,0.702594846,0.702594846,0.702594846,0.702594846,0.702594846,0.702594846,0.702594846,0.702594846,0.702594846,0.702594846,0.702594846,0.702594846,0.0,0.0,0.8,0.0,2.0,4.0,0.702594846,0.702594846,0.702594846,0.702594846,0.702594846,0.702594846,0.702594846,0.702594846,0.702594846,0.702594846,0.702594846,0.702594846,0.0,0.0,0.8,0.0,2.0,4.0,0.70264997,0.70264997,0.70264997,0.70264997,1.0,0.0,0.70264997,0.70264997,0.70264997,0.70264997,1.0,0.0,0.70264997,0.70264997,33470.0,1.0,0.0,0.70264997,0.70264997,33470.0,1.0,0.0,0.000951057,0.0004,0.2,1.0,1.0,0.0,0.000951057,0.0004,0.2,1.0,1.0,0.0,0.000951057,0.0004,0.2,1.0,1.0,0.0,0.000951057,0.0004,0.2,1.0,1.0,0.0,0.000951057,0.0004,0.2,1.0,1.0,0.0,0.000951057,0.0004,0.2,1.0,1.0,0.0,0.000951057,0.0004,0.2,1.0,1.0,0.0,0.684547106,0.684547106,0.684547106,0.684547106,3.0,4.0,0.684547106,0.684547106,0.684547106,0.684547106,3.0,4.0
0,2,5,125,125,1791590400125000000,1,0.707106781,0.707106781,0.707106781,0.707106781,0.707106781,0.707106781,0.707106781,0.707106781,0.707106781,0.707106781,0.707106781,0.707106781,0.0,0.0,0.8,0.0,1.0,0.0,0.707106781,0.707106781,0.707106781,0.707106781,0.707106781,0.707106781,0.707106781,0.707106781,0.707106781,0.707106781,0.707106781,0.707106781,0.0,0.0,0.8,0.0,1.0,0.0,0.707106781,0.707106781,0.707106781,0.707106781,0.707106781,0.707106781,0.707106781,0.707106781,0.707106781,0.707106781,0.707106781,0.707106781,0.0,0.0,0.8,0.0,1.0,0.0,0.707106781,0.707106781,0.707106781,0.707106781,0.707106781,0.707106781,0.707106781,0.707106781,0.707106781,0.707106781,0.707106781,0.707106781,0.0,0.0,0.8,0.0,1.0,0.0,0.707106781,0.707106781,0.707106781,0.707106781,1.0,0.0,0.707106781,0.707106781,0.707106781,0.707106781,1.0,0.0,0.707106781,0.707106781,33475.0,1.0,0.0,0.707106781,0.707106781,33475.0,1.0,0.0,0.001,0.0004,0.2,1.0,1.0,0.0,0.001,0.0004,0.2,1.0,1.0,0.0,0.001,0.0004,0.2,1.0,1.0,0.0,0.001,0.0004,0.2,1.0,1.0,0.0,0.001,0.0004,0.2,1.0,1.0,0.0,0.001,0.0004,0.2,1.0,1.0,0.0,0.001,0.0004,0.2,1.0,1.0,0.0,0.684547106,0.684547106,0.684547106,0.684547106,3.0,5.0,0.684547106,0.684547106,0.684547106,0.684547106,3.0,5.0
0,2,6,126,126,1791590400126000000,1,0.71147915,0.71147915,0.71147915,0.71147915,0.71147915,0.71147915,0.71147915,0.71147915,0.71147915,0.71147915,0.71147915,0.71147915,0.0,0.0,0.8,0.0,2.0,1.0,0.71147915,0.71147915,0.71147915,0.71147915,0.71147915,0.71147915,0.71147915,0.71147915,0.71147915,0.71147915,0.71147915,0.71147915,0.0,0.0,0.8,0.0,2.0,1.0,0.71147915,0.71147915,0.71147915,0.71147915,0.71147915,0.71147915,0.71147915,0.71147915,0.71147915,0.71147915,0.71147915,0.71147915,0.0,0.0,0.8,0.0,2.0,1.0,0.71147915,0.71147915,0.71147915,0.71147915,0.71147915,0.71147915,0.71147915,0.71147915,0.71147915,0.71147915,0.71147915,0.71147915,0.0,0.0,0.8,0.0,2.0,1.0,0.711535677,0.711535677,0.711535677,0.711535677,1.0,0.0,0.711535677,0.711535677,0.711535677,0.711535677,1.0,0.0,0.711535677,0.711535677,33479.0,1.0,0.0,0.711535677,0.711535677,33479.0,1.0,0.0,0.000951057,0.0004,0.2,1.0,1.0,0.0,0.000951057,0.0004,0.2,1.0,1.0,0.0,0.000951057,0.0004,0.2,1.0,1.0,0.0,0.000951057,0.0004,0.2,1.0,1.0,0.0,0.000951057,0.0004,0.2,1.0,1.0,0.0,0.000951057,0.0004,0.2,1.0,1.0,0.0,0.000951057,0.0004,0.2,1.0,1.0,0.0,0.684547106,0.684547106,0.684547106,0.684547106,3.0,6.0,0.684547106,0.684547106,0.684547106,0.684547106,3.0,6.0
0,2,7,127,127,1791590400127000000,1,0.71585152,0.71585152,0.71585152,0.71585152,0.71585152,0.71585152,0.71585152,0.71585152,0.71585152,0.71585152,0.71585152,0.71585152,0.0,0.0,0.8,0.0,2.0,2.0,0.71585152,0.71585152,0.71585152,0.71585152,0.71585152,0.71585152,0.71585152,0.71585152,0.71585152,0.71585152,0.71585152,0.71585152,0.0,0.0,0.8,0.0,2.0,2.0,0.71585152,0.71585152,0.71585152,0.71585152,0.71585152,0.71585152,0.71585152,0.71585152,0.71585152,0.71585152,0.71585152,0.71585152,0.0,0.0,0.8,0.0,2.0,2.0,0.71585152,0.71585152,0.71585152,0.71585152,0.71585152,0.71585152,0.71585152,0.71585152,0.71585152,0.71585152,0.71585152,0.71585152,0.0,0.0,0.8,0.0,2.0,2.0,0.715936483,0.715936483,0.715936483,0.715936483,1.0,0.0,0.715936483,0.715936483,0.715936483,0.715936483,1.0,0.0,0.715936483,0.715936483,33483.0,1.0,0.0,0.715936483,0.715936483,33483.0,1.0,0.0,0.000809017,0.0004,0.2,1.0,1.0,0.0,0.000809017,0.0004,0.2,1.0,1.0,0.0,0.000809017,0.0004,0.2,1.0,1.0,0.0,0.000809017,0.0004,0.2,1.0,1.0,0.0,0.000809017,0.0004,0.2,1.0,1.0,0.0,0.000809017,0.0004,0.2,1.0,1.0,0.0,0.000809017,0.0004,0.2,1.0,1.0,0.0,0.684547106,0.684547106,0.684547106,0.684547106,3.0,7.0,0.684547106,0.684547106,0.684547106,0.684547106,3.0,7.0
0,2,8,128,128,1791590400128000000,1,0.720223889,0.720223889,0.720223889,0.720223889,0.720223889,0.720223889,0.720223889,0.720223889,0.720223889,0.720223889,0.720223889,0.720223889,0.0,0.0,0.8,0.0,2.0,3.0,0.720223889,0.720223889,0.720223889,0.720223889,0.720223889,0.720223889,0.720223889,0.720223889,0.720223889,0.720223889,0.720223889,0.720223889,0.0,0.0,0.8,0.0,2.0,3.0,0.720223889,0.720223889,0.720223889,0.720223889,0.720223889,0.720223889,0.720223889,0.720223889,0.720223889,0.720223889,0.720223889,0.720223889,0.0,0.0,0.8,0.0,2.0,3.0,0.720223889,0.720223889,0.720223889,0.720223889,0.720223889,0.720223889,0.720223889,0.720223889,0.720223889,0.720223889,0.720223889,0.720223889,0.0,0.0,0.8,0.0,2.0,3.0,0.720309025,0.720309025,0.720309025,0.720309025,1.0,0.0,0.720309025,0.720309025,0.720309025,0.720309025,1.0,0.0,0.720309025,0.720309025,33488.0,1.0,0.0,0.720309025,0.720309025,33488.0,1.0,0.0,0.000587785,0.0004,0.2,1.0,1.0,0.0,0.000587785,0.0004,0.2,1.0,1.0,0.0,0.000587785,0.0004,0.2,1.0,1.0,0.0,0.000587785,0.0004,0.2,1.0,1.0,0.0,0.000587785,0.0004,0.2,1.0,1.0,0.0,0.000587785,0.0004,0.2,1.0,1.0,0.0,0.000587785,0.0004,0.2,1.0,1.0,0.0,0.684547106,0.684547106,0.684547106,0.684547106,3.0,8.0,0.684547106,0.684547106,0.684547106,0.684547106,3.0,8.0
0,2,9,129,129,1791590400129000000,1,0.724596258,0.724596258,0.724596258,0.724596258,0.724596258,0.724596258,0.724596258,0.724596258,0.724596258,0.724596258,0.724596258,0.724596258,0.0,0.0,0.8,0.0,2.0,4.0,0.724596258,0.724596258,0.724596258,0.724596258,0.724596258,0.724596258,0.724596258,0.724596258,0.724596258,0.724596258,0.724596258,0.724596258,0.0,0.0,0.8,0.0,2.0,4.0,0.724596258,0.724596258,0.724596258,0.724596258,0.724596258,0.724596258,0.724596258,0.724596258,0.724596258,0.724596258,0.724596258,0.724596258,0.0,0.0,0.8,0.0,2.0,4.0,0.724596258,0.724596258,0.724596258,0.724596258,0.724596258,0.724596258,0.724596258,0.724596258,0.724596258,0.724596258,0.724596258,0.724596258,0.0,0.0,0.8,0.0,2.0,4.0,0.72465313,0.72465313,0.72465313,0.72465313,1.0,0.0,0.72465313,0.72465313,0.72465313,0.72465313,1.0,0.0,0.72465313,0.72465313,33492.0,1.0,0.0,0.72465313,0.72465313,33492.0,1.0,0.0,0.000309017,0.0004,0.2,1.0,1.0,0.0,0.000309017,0.0004,0.2,1.0,1.0,0.0,0.000309017,0.0004,0.2,1.0,1.0,0.0,0.000309017,0.0004,0.2,1.0,1.0,0.0,0.000309017,0.0004,0.2,1.0,1.0,0.0,0.000309017,0.0004,0.2,1.0,1.0,0.0,0.000309017,0.0004,0.2,1.0,1.0,0.0,0.684547106,0.684547106,0.684547106,0.684547106,3.0,9.0,0.684547106,0.684547106,0.684547106,0.684547106,3.0,9.0
0,2,10,130,130,1791590400130000000,1,0.728968627,0.728968627,0.728968627,0.728968627,0.728968627,0.728968627,0.728968627,0.728968627,0.728968627,0.728968627,0.728968627,0.728968627,0.0,0.0,0.8,0.0,1.0,0.0,0.728968627,0.728968627,0.728968627,0.728968627,0.728968627,0.728968627,0.728968627,0.728968627,0.728968627,0.728968627,0.728968627,0.728968627,0.0,0.0,0.8,0.0,1.0,0.0,0.728968627,0.728968627,0.728968627,0.728968627,0.728968627,0.728968627,0.728968627,0.728968627,0.728968627,0.728968627,0.728968627,0.728968627,0.0,0.0,0.8,0.0,1.0,0.0,0.728968627,0.728968627,0.728968627,0.728968627,0.728968627,0.728968627,0.728968627,0.728968627,0.728968627,0.728968627,0.728968627,0.728968627,0.0,0.0,0.8,0.0,1.0,0.0,0.728968627,0.728968627,0.728968627,0.728968627,1.0,0.0,0.728968627,0.728968627,0.728968627,0.728968627,1.0,0.0,0.728968627,0.728968627,33496.0,1.0,0.0,0.728968627,0.728968627,33496.0,1.0,0.0,-0.0,0.0004,0.2,1.0,1.0,0.0,-0.0,0.0004,0.2,1.0,1.0,0.0,-0.0,0.0004,0.2,1.0,1.0,0.0,-0.0,0.0004,0.2,1.0,1.0,0.0,-0.0,0.0004,0.2,1.0,1.0,0.0,-0.0,0.0004,0.2,1.0,1.0,0.0,-0.0,0.0004,0.2,1.0,1.0,0.0,0.684547106,0.684547106,0.684547106,0.684547106,3.0,10.0,0.684547106,0.684547106,0.684547106,0.684547106,3.0,10.0
0,2,11,131,131,1791590400131000000,1,0.733197116,0.733197116,0.733197116,0.733197116,0.733197116,0.733197116,0.733197116,0.733197116,0.733197116,0.733197116,0.733197116,0.733197116,0.0,0.0,0.8,0.0,2.0,1.0,0.733197116,0.733197116,0.733197116,0.733197116,0.733197116,0.733197116,0.733197116,0.733197116,0.733197116,0.733197116,0.733197116,0.733197116,0.0,0.0,0.8,0.0,2.0,1.0,0.733197116,0.733197116,0.733197116,0.733197116,0.733197116,0.733197116,0.733197116,0.733197116,0.733197116,0.733197116,0.733197116,0.733197116,0.0,0.0,0.8,0.0,2.0,1.0,0.733197116,0.733197116,0.733197116,0.733197116,0.733197116,0.733197116,0.733197116,0.733197116,0.733197116,0.733197116,0.733197116,0.733197116,0.0,0.0,0.8,0.0,2.0,1.0,0.733255346,0.733255346,0.733255346,0.733255346,1.0,0.0,0.733255346,0.733255346,0.733255346,0.733255346,1.0,0.0,0.733255346,0.733255346,33501.0,1.0,0.0,0.733255346,0.733255346,33501.0,1.0,0.0,-0.000309017,0.0004,0.2,1.0,1.0,0.0,-0.000309017,0.0004,0.2,1.0,1.0,0.0,-0.000309017,0.0004,0.2,1.0,1.0,0.0,-0.000309017,0.0004,0.2,1.0,1.0,0.0,-0.000309017,0.0004,0.2,1.0,1.0,0.0,-0.000309017,0.0004,0.2,1.0,1.0,0.0,-0.000309017,0.0004,0.2,1.0,1.0,0.0,0.684547106,0.684547106,0.684547106,0.684547106,3.0,11.0,0.684547106,0.684547106,0.684547106,0.684547106,3.0,11.0
0,2,12,132,132,1791590400132000000,1,0.737425604,0.737425604,0.737425604,0.737425604,0.737425604,0.737425604,0.737425604,0.737425604,0.737425604,0.737425604,0.737425604,0.737425604,0.0,0.0,0.8,0.0,2.0,2.0,0.737425604,0.737425604,0.737425604,0.737425604,0.737425604,0.737425604,0.737425604,0.737425604,0.737425604,0.737425604,0.737425604,0.737425604,0.0,0.0,0.8,0.0,2.0,2.0,0.737425604,0.737425604,0.737425604,0.737425604,0.737425604,0.737425604,0.737425604,0.737425604,0.737425604,0.737425604,0.737425604,0.737425604,0.0,0.0,0.8,0.0,2.0,2.0,0.737425604,0.737425604,0.737425604,0.737425604,0.737425604,0.737425604,0.737425604,0.737425604,0.737425604,0.737425604,0.737425604,0.737425604,0.0,0.0,0.8,0.0,2.0,2.0,0.737513117,0.737513117,0.737513117,0.737513117,1.0,0.0,0.737513117,0.737513117,0.737513117,0.737513117,1.0,0.0,0.737513117,0.737513117,33505.0,1.0,0.0,0.737513117,0.737513117,33505.0,1.0,0.0,-0.000587785,0.0004,0.2,1.0,1.0,0.0,-0.000587785,0.0004,0.2,1.0,1.0,0.0,-0.000587785,0.0004,0.2,1.0,1.0,0.0,-0.000587785,0.0004,0.2,1.0,1.0,0.0,-0.000587785,0.0004,0.2,1.0,1.0,0.0,-0.000587785,0.0004,0.2,1.0,1.0,0.0,-0.000587785,0.0004,0.2,1.0,1.0,0.0,0.684547106,0.684547106,0.684547106,0.684547106,3.0,12.0,0.684547106,0.684547106,0.684547106,0.684547106,3.0,12.0
0,2,13,133,133,1791590400133000000,1,0.741654093,0.741654093,0.741654093,0.741654093,0.741654093,0.741654093,0.741654093,0.741654093,0.741654093,0.741654093,0.741654093,0.741654093,0.0,0.0,0.8,0.0,2.0,3.0,0.741654093,0.741654093,0.741654093,0.741654093,0.741654093,0.741654093,0.741654093,0.741654093,0.741654093,0.741654093,0.741654093,0.741654093,0.0,0.0,0.8,0.0,2.0,3.0,0.741654093,0.741654093,0.741654093,0.741654093,0.741654093,0.741654093,0.741654093,0.741654093,0.741654093,0.741654093,0.741654093,0.741654093,0.0,0.0,0.8,0.0,2.0,3.0,0.741654093,0.741654093,0.741654093,0.741654093,0.741654093,0.741654093,0.741654093,0.741654093,0.741654093,0.741654093,0.741654093,0.741654093,0.0,0.0,0.8,0.0,2.0,3.0,0.741741773,0.741741773,0.741741773,0.741741773,1.0,0.0,0.741741773,0.741741773,0.741741773,0.741741773,1.0,0.0,0.741741773,0.741741773,33509.0,1.0,0.0,0.741741773,0.741741773,33509.0,1.0,0.0,-0.000809017,0.0004,0.2,1.0,1.0,0.0,-0.000809017,0.0004,0.2,1.0,1.0,0.0,-0.000809017,0.0004,0.2,1.0,1.0,0.0,-0.000809017,0.0004,0.2,1.0,1.0,0.0,-0.000809017,0.0004,0.2,1.0,1.0,0.0,-0.000809017,0.0004,0.2,1.0,1.0,0.0,-0.000809017,0.0004,0.2,1.0,1.0,0.0,0.684547106,0.684547106,0.684547106,0.684547106,3.0,13.0,0.684547106,0.684547106,0.684547106,0.684547106,3.0,13.0
0,2,14,134,134,1791590400134000000,1,0.745882581,0.745882581,0.745882581,0.745882581,0.745882581,0.745882581,0.745882581,0.745882581,0.745882581,0.745882581,0.745882581,0.745882581,0.0,0.0,0.8,0.0,2.0,4.0,0.745882581,0.745882581,0.745882581,0.745882581,0.745882581,0.745882581,0.745882581,0.745882581,0.745882581,0.745882581,0.745882581,0.745882581,0.0,0.0,0.8,0.0,2.0,4.0,0.745882581,0.745882581,0.745882581,0.745882581,0.745882581,0.745882581,0.745882581,0.745882581,0.745882581,0.745882581,0.745882581,0.745882581,0.0,0.0,0.8,0.0,2.0,4.0,0.745882581,0.745882581,0.745882581,0.745882581,0.745882581,0.745882581,0.745882581,0.745882581,0.745882581,0.745882581,0.745882581,0.745882581,0.0,0.0,0.8,0.0,2.0,4.0,0.745941145,0.745941145,0.745941145,0.745941145,1.0,0.0,0.745941145,0.745941145,0.745941145,0.745941145,1.0,0.0,0.745941145,0.745941145,33513.0,1.0,0.0,0.745941145,0.745941145,33513.0,1.0,0.0,-0.000951057,0.0004,0.2,1.0,1.0,0.0,-0.000951057,0.0004,0.2,1.0,1.0,0.0,-0.000951057,0.0004,0.2,1.0,1.0,0.0,-0.000951057,0.0004,0.2,1.0,1.0,0.0,-0.000951057,0.0004,0.2,1.0,1.0,0.0,-0.000951057,0.0004,0.2,1.0,1.0,0.0,-0.000951057,0.0004,0.2,1.0,1.0,0.0,0.684547106,0.684547106,0.684547106,0.684547106,3.0,14.0,0.684547106,0.684547106,0.684547106,0.684547106,3.0,14.0
0,2,15,135,135,1791590400135000000,1,0.75011107,0.75011107,0.75011107,0.75011107,0.75011107,0.75011107,0.75011107,0.75011107,0.75011107,0.75011107,0.75011107,0.75011107,0.0,0.0,0.8,0.0,1.0,0.0,0.75011107,0.75011107,0.75011107,0.75011107,0.75011107,0.75011107,0.75011107,0.75011107,0.75011107,0.75011107,0.75011107,0.75011107,0.0,0.0,0.8,0.0,1.0,0.0,0.75011107,0.75011107,0.75011107,0.75011107,0.75011107,0.75011107,0.75011107,0.75011107,0.75011107,0.75011107,0.75011107,0.75011107,0.0,0.0,0.8,0.0,1.0,0.0,0.75011107,0.75011107,0.75011107,0.75011107,0.75011107,0.75011107,0.75011107,0.75011107,0.75011107,0.75011107,0.75011107,0.75011107,0.0,0.0,0.8,0.0,1.0,0.0,0.75011107,0.75011107,0.75011107,0.75011107,1.0,0.0,0.75011107,0.75011107,0.75011107,0.75011107,1.0,0.0,0.75011107,0.75011107,33518.0,1.0,0.0,0.75011107,0.75011107,33518.0,1.0,0.0,-0.001,0.0004,0.2,1.0,1.0,0.0,-0.001,0.0004,0.2,1.0,1.0,0.0,-0.001,0.0004,0.2,1.0,1.0,0.0,-0.001,0.0004,0.2,1.0,1.0,0.0,-0.001,0.0004,0.2,1.0,1.0,0.0,-0.001,0.0004,0.2,1.0,1.0,0.0,-0.001,0.0004,0.2,1.0,1.0,0.0,0.684547106,0.684547106,0.684547106,0.684547106,3.0,15.0,0.684547106,0.684547106,0.684547106,0.684547106,3.0,15.0
0,2,16,136,136,1791590400136000000,1,0.754191504,0.754191504,0.754191504,0.754191504,0.754191504,0.754191504,0.754191504,0.754191504,0.754191504,0.754191504,0.754191504,0.754191504,0.0,0.0,0.8,0.0,2.0,1.0,0.754191504,0.754191504,0.754191504,0.754191504,0.754191504,0.754191504,0.754191504,0.754191504,0.754191504,0.754191504,0.754191504,0.754191504,0.0,0.0,0.8,0.0,2.0,1.0,0.754191504,0.754191504,0.754191504,0.754191504,0.754191504,0.754191504,0.754191504,0.754191504,0.754191504,0.754191504,0.754191504,0.754191504,0.0,0.0,0.8,0.0,2.0,1.0,0.754191504,0.754191504,0.754191504,0.754191504,0.754191504,0.754191504,0.754191504,0.754191504,0.754191504,0.754191504,0.754191504,0.754191504,0.0,0.0,0.8,0.0,2.0,1.0,0.754251381,0.754251381,0.754251381,0.754251381,1.0,0.0,0.754251381,0.754251381,0.754251381,0.754251381,1.0,0.0,0.754251381,0.754251381,33522.0,1.0,0.0,0.754251381,0.754251381,33522.0,1.0,0.0,-0.000951057,0.0004,0.2,1.0,1.0,0.0,-0.000951057,0.0004,0.2,1.0,1.0,0.0,-0.000951057,0.0004,0.2,1.0,1.0,0.0,-0.000951057,0.0004,0.2,1.0,1.0,0.0,-0.000951057,0.0004,0.2,1.0,1.0,0.0,-0.000951057,0.0004,0.2,1.0,1.0,0.0,-0.000951057,0.0004,0.2,1.0,1.0,0.0,0.684547106,0.684547106,0.684547106,0.684547106,3.0,16.0,0.684547106,0.684547106,0.684547106,0.684547106,3.0,16.0
0,2,17,137,137,1791590400137000000,1,0.758271939,0.758271939,0.758271939,0.758271939,0.758271939,0.758271939,0.758271939,0.758271939,0.758271939,0.758271939,0.758271939,0.758271939,0.0,0.0,0.8,0.0,2.0,2.0,0.758271939,0.758271939,0.758271939,0.758271939,0.758271939,0.758271939,0.758271939,0.758271939,0.758271939,0.758271939,0.758271939,0.758271939,0.0,0.0,0.8,0.0,2.0,2.0,0.758271939,0.758271939,0.758271939,0.758271939,0.758271939,0.758271939,0.758271939,0.758271939,0.758271939,0.758271939,0.758271939,0.758271939,0.0,0.0,0.8,0.0,2.0,2.0,0.758271939,0.758271939,0.758271939,0.758271939,0.758271939,0.758271939,0.758271939,0.758271939,0.758271939,0.758271939,0.758271939,0.758271939,0.0,0.0,0.8,0.0,2.0,2.0,0.758361915,0.758361915,0.758361915,0.758361915,1.0,0.0,0.758361915,0.758361915,0.758361915,0.758361915,1.0,0.0,0.758361915,0.758361915,33526.0,1.0,0.0,0.758361915,0.758361915,33526.0,1.0,0.0,-0.000809017,0.0004,0.2,1.0,1.0,0.0,-0.000809017,0.0004,0.2,1.0,1.0,0.0,-0.000809017,0.0004,0.2,1.0,1.0,0.0,-0.000809017,0.0004,0.2,1.0,1.0,0.0,-0.000809017,0.0004,0.2,1.0,1.0,0.0,-0.000809017,0.0004,0.2,1.0,1.0,0.0,-0.000809017,0.0004,0.2,1.0,1.0,0.0,0.684547106,0.684547106,0.684547106,0.684547106,3.0,17.0,0.684547106,0.684547106,0.684547106,0.684547106,3.0,17.0
0,2,18,138,138,1791590400138000000,1,0.762352374,0.762352374,0.762352374,0.762352374,0.762352374,0.762352374,0.762352374,0.762352374,0.762352374,0.762352374,0.762352374,0.762352374,0.0,0.0,0.8,0.0,2.0,3.0,0.762352374,0.762352374,0.762352374,0.762352374,0.762352374,0.762352374,0.762352374,0.762352374,0.762352374,0.762352374,0.762352374,0.762352374,0.0,0.0,0.8,0.0,2.0,3.0,0.762352374,0.762352374,0.762352374,0.762352374,0.762352374,0.762352374,0.762352374,0.762352374,0.762352374,0.762352374,0.762352374,0.762352374,0.0,0.0,0.8,0.0,2.0,3.0,0.762352374,0.762352374,0.762352374,0.762352374,0.762352374,0.762352374,0.762352374,0.762352374,0.762352374,0.762352374,0.762352374,0.762352374,0.0,0.0,0.8,0.0,2.0,3.0,0.762442511,0.762442511,0.762442511,0.762442511,1.0,0.0,0.762442511,0.762442511,0.762442511,0.762442511,1.0,0.0,0.762442511,0.762442511,33530.0,1.0,0.0,0.762442511,0.762442511,33530.0,1.0,0.0,-0.000587785,0.0004,0.2,1.0,1.0,0.0,-0.000587785,0.0004,0.2,1.0,1.0,0.0,-0.000587785,0.0004,0.2,1.0,1.0,0.0,-0.000587785,0.0004,0.2,1.0,1.0,0.0,-0.000587785,0.0004,0.2,1.0,1.0,0.0,-0.000587785,0.0004,0.2,1.0,1.0,0.0,-0.000587785,0.0004,0.2,1.0,1.0,0.0,0.684547106,0.684547106,0.684547106,0.684547106,3.0,18.0,0.684547106,0.684547106,0.684547106,0.684547106,3.0,18.0
0,2,19,139,139,1791590400139000000,1,0.766432808,0.766432808,0.766432808,0.766432808,0.766432808,0.766432808,0.766432808,0.766432808,0.766432808,0.766432808,0.766432808,0.766432808,0.0,0.0,0.8,0.0,2.0,4.0,0.766432808,0.766432808,0.766432808,0.766432808,0.766432808,0.766432808,0.766432808,0.766432808,0.766432808,0.766432808,0.766432808,0.766432808,0.0,0.0,0.8,0.0,2.0,4.0,0.766432808,0.766432808,0.766432808,0.766432808,0.766432808,0.766432808,0.766432808,0.766432808,0.766432808,0.766432808,0.766432808,0.766432808,0.0,0.0,0.8,0.0,2.0,4.0,0.766432808,0.766432808,0.766432808,0.766432808,0.766432808,0.766432808,0.766432808,0.766432808,0.766432808,0.766432808,0.766432808,0.766432808,0.0,0.0,0.8,0.0,2.0,4.0,0.766493007,0.766493007,0.766493007,0.766493007,1.0,0.0,0.766493007,0.766493007,0.766493007,0.766493007,1.0,0.0,0.766493007,0.766493007,33534.0,1.0,0.0,0.766493007,0.766493007,33534.0,1.0,0.0,-0.000309017,0.0004,0.2,1.0,1.0,0.0,-0.000309017,0.0004,0.2,1.0,1.0,0.0,-0.000309017,0.0004,0.2,1.0,1.0,0.0,-0.000309017,0.0004,0.2,1.0,1.0,0.0,-0.000309017,0.0004,0.2,1.0,1.0,0.0,-0.000309017,0.0004,0.2,1.0,1.0,0.0,-0.000309017,0.0004,0.2,1.0,1.0,0.0,0.684547106,0.684547106,0.684547106,0.684547106,3.0,19.0,0.684547106,0.684547106,0.684547106,0.684547106,3.0,19.0
0,2,20,140,140,1791590400140000000,1,0.770513243,0.770513243,0.770513243,0.770513243,0.770513243,0.770513243,0.770513243,0.770513243,0.770513243,0.770513243,0.770513243,0.770513243,0.0,0.0,0.8,0.0,1.0,0.0,0.770513243,0.770513243,0.770513243,0.770513243,0.770513243,0.770513243,0.770513243,0.770513243,0.770513243,0.770513243,0.770513243,0.770513243,0.0,0.0,0.8,0.0,1.0,0.0,0.770513243,0.770513243,0.770513243,0.770513243,0.770513243,0.770513243,0.770513243,0.770513243,0.770513243,0.770513243,0.770513243,0.770513243,0.0,0.0,0.8,0.0,1.0,0.0,0.770513243,0.770513243,0.770513243,0.770513243,0.770513243,0.770513243,0.770513243,0.770513243,0.770513243,0.770513243,0.770513243,0.770513243,0.0,0.0,0.8,0.0,1.0,0.0,0.770513243,0.770513243,0.770513243,0.770513243,1.0,0.0,0.770513243,0.770513243,0.770513243,0.770513243,1.0,0.0,0.770513243,0.770513243,33538.0,1.0,0.0,0.770513243,0.770513243,33538.0,1.0,0.0,0.0,0.0004,0.2,1.0,1.0,0.0,0.0,0.0004,0.2,1.0,1.0,0.0,0.0,0.0004,0.2,1.0,1.0,0.0,0.0,0.0004,0.2,1.0,1.0,0.0,0.0,0.0004,0.2,1.0,1.0,0.0,0.0,0.0004,0.2,1.0,1.0,0.0,0.0,0.0004,0.2,1.0,1.0,0.0,0.770513243,0.770513243,0.770513243,0.770513243,3.0,0.0,0.770513243,0.770513243,0.770513243,0.770513243,3.0,0.0
0,2,21,141,141,1791590400141000000,1,0.774441597,0.774441597,0.774441597,0.774441597,0.774441597,0.774441597,0.774441597,0.774441597,0.774441597,0.774441597,0.774441597,0.774441597,0.0,0.0,0.8,0.0,2.0,1.0,0.774441597,0.774441597,0.774441597,0.774441597,0.774441597,0.774441597,0.774441597,0.774441597,0.774441597,0.774441597,0.774441597,0.774441597,0.0,0.0,0.8,0.0,2.0,1.0,0.774441597,0.774441597,0.774441597,0.774441597,0.774441597,0.774441597,0.774441597,0.774441597,0.774441597,0.774441597,0.774441597,0.774441597,0.0,0.0,0.8,0.0,2.0,1.0,0.774441597,0.774441597,0.774441597,0.774441597,0.774441597,0.774441597,0.774441597,0.774441597,0.774441597,0.774441597,0.774441597,0.774441597,0.0,0.0,0.8,0.0,2.0,1.0,0.77450306,0.77450306,0.77450306,0.77450306,1.0,0.0,0.77450306,0.77450306,0.77450306,0.77450306,1.0,0.0,0.77450306,0.77450306,33542.0,1.0,0.0,0.77450306,0.77450306,33542.0,1.0,0.0,0.000309017,0.0004,0.2,1.0,1.0,0.0,0.000309017,0.0004,0.2,1.0,1.0,0.0,0.000309017,0.0004,0.2,1.0,1.0,0.0,0.000309017,0.0004,0.2,1.0,1.0,0.0,0.000309017,0.0004,0.2,1.0,1.0,0.0,0.000309017,0.0004,0.2,1.0,1.0,0.0,0.000309017,0.0004,0.2,1.0,1.0,0.0,0.770513243,0.770513243,0.770513243,0.770513243,3.0,1.0,0.770513243,0.770513243,0.770513243,0.770513243,3.0,1.0
0,2,22,142,142,1791590400142000000,1,0.778369951,0.778369951,0.778369951,0.778369951,0.778369951,0.778369951,0.778369951,0.778369951,0.778369951,0.778369951,0.778369951,0.778369951,0.0,0.0,0.8,0.0,2.0,2.0,0.778369951,0.778369951,0.778369951,0.778369951,0.778369951,0.778369951,0.778369951,0.778369951,0.778369951,0.778369951,0.778369951,0.778369951,0.0,0.0,0.8,0.0,2.0,2.0,0.778369951,0.778369951,0.778369951,0.778369951,0.778369951,0.778369951,0.778369951,0.778369951,0.778369951,0.778369951,0.778369951,0.778369951,0.0,0.0,0.8,0.0,2.0,2.0,0.778369951,0.778369951,0.778369951,0.778369951,0.778369951,0.778369951,0.778369951,0.778369951,0.778369951,0.778369951,0.778369951,0.778369951,0.0,0.0,0.8,0.0,2.0,2.0,0.778462302,0.778462302,0.778462302,0.778462302,1.0,0.0,0.778462302,0.778462302,0.778462302,0.778462302,1.0,0.0,0.778462302,0.778462302,33546.0,1.0,0.0,0.778462302,0.778462302,33546.0,1.0,0.0,0.000587785,0.0004,0.2,1.0,1.0,0.0,0.000587785,0.0004,0.2,1.0,1.0,0.0,0.000587785,0.0004,0.2,1.0,1.0,0.0,0.000587785,0.0004,0.2,1.0,1.0,0.0,0.000587785,0.0004,0.2,1.0,1.0,0.0,0.000587785,0.0004,0.2,1.0,1.0,0.0,0.000587785,0.0004,0.2,1.0,1.0,0.0,0.770513243,0.770513243,0.770513243,0.770513243,3.0,2.0,0.770513243,0.770513243,0.770513243,0.770513243,3.0,2.0
0,2,23,143,143,1791590400143000000,1,0.782298305,0.782298305,0.782298305,0.782298305,0.782298305,0.782298305,0.782298305,0.782298305,0.782298305,0.782298305,0.782298305,0.782298305,0.0,0.0,0.8,0.0,2.0,3.0,0.782298305,0.782298305,0.782298305,0.782298305,0.782298305,0.782298305,0.782298305,0.782298305,0.782298305,0.782298305,0.782298305,0.782298305,0.0,0.0,0.8,0.0,2.0,3.0,0.782298305,0.782298305,0.782298305,0.782298305,0.782298305,0.782298305,0.782298305,0.782298305,0.782298305,0.782298305,0.782298305,0.782298305,0.0,0.0,0.8,0.0,2.0,3.0,0.782298305,0.782298305,0.782298305,0.782298305,0.782298305,0.782298305,0.782298305,0.782298305,0.782298305,0.782298305,0.782298305,0.782298305,0.0,0.0,0.8,0.0,2.0,3.0,0.782390811,0.782390811,0.782390811,0.782390811,1.0,0.0,0.782390811,0.782390811,0.782390811,0.782390811,1.0,0.0,0.782390811,0.782390811,33550.0,1.0,0.0,0.782390811,0.782390811,33550.0,1.0,0.0,0.000809017,0.0004,0.2,1.0,1.0,0.0,0.000809017,0.0004,0.2,1.0,1.0,0.0,0.000809017,0.0004,0.2,1.0,1.0,0.0,0.000809017,0.0004,0.2,1.0,1.0,0.0,0.000809017,0.0004,0.2,1.0,1.0,0.0,0.000809017,0.0004,0.2,1.0,1.0,0.0,0.000809017,0.0004,0.2,1.0,1.0,0.0,0.770513243,0.770513243,0.770513243,0.770513243,3.0,3.0,0.770513243,0.770513243,0.770513243,0.770513243,3.0,3.0
0,2,24,144,144,1791590400144000000,1,0.786226658,0.786226658,0.786226658,0.786226658,0.786226658,0.786226658,0.786226658,0.786226658,0.786226658,0.786226658,0.786226658,0.786226658,0.0,0.0,0.8,0.0,2.0,4.0,0.786226658,0.786226658,0.786226658,0.786226658,0.786226658,0.786226658,0.786226658,0.786226658,0.786226658,0.786226658,0.786226658,0.786226658,0.0,0.0,0.8,0.0,2.0,4.0,0.786226658,0.786226658,0.786226658,0.786226658,0.786226658,0.786226658,0.786226658,0.786226658,0.786226658,0.786226658,0.786226658,0.786226658,0.0,0.0,0.8,0.0,2.0,4.0,0.786226658,0.786226658,0.786226658,0.786226658,0.786226658,0.786226658,0.786226658,0.786226658,0.786226658,0.786226658,0.786226658,0.786226658,0.0,0.0,0.8,0.0,2.0,4.0,0.786288432,0.786288432,0.786288432,0.786288432,1.0,0.0,0.786288432,0.786288432,0.786288432,0.786288432,1.0,0.0,0.786288432,0.786288432,33554.0,1.0,0.0,0.786288432,0.786288432,33554.0,1.0,0.0,0.000951057,0.0004,0.2,1.0,1.0,0.0,0.000951057,0.0004,0.2,1.0,1.0,0.0,0.000951057,0.0004,0.2,1.0,1.0,0.0,0.000951057,0.0004,0.2,1.0,1.0,0.0,0.000951057,0.0004,0.2,1.0,1.0,0.0,0.000951057,0.0004,0.2,1.0,1.0,0.0,0.000951057,0.0004,0.2,1.0,1.0,0.0,0.770513243,0.770513243,0.770513243,0.770513243,3.0,4.0,0.770513243,0.770513243,0.770513243,0.770513243,3.0,4.0
0,2,25,145,145,1791590400145000000,1,0.790155012,0.790155012,0.790155012,0.790155012,0.790155012,0.790155012,0.790155012,0.790155012,0.790155012,0.790155012,0.790155012,0.790155012,0.0,0.0,0.8,0.0,1.0,0.0,0.790155012,0.790155012,0.790155012,0.790155012,0.790155012,0.790155012,0.790155012,0.790155012,0.790155012,0.790155012,0.790155012,0.790155012,0.0,0.0,0.8,0.0,1.0,0.0,0.790155012,0.790155012,0.790155012,0.790155012,0.790155012,0.790155012,0.790155012,0.790155012,0.790155012,0.790155012,0.790155012,0.790155012,0.0,0.0,0.8,0.0,1.0,0.0,0.790155012,0.790155012,0.790155012,0.790155012,0.790155012,0.790155012,0.790155012,0.790155012,0.790155012,0.790155012,0.790155012,0.790155012,0.0,0.0,0.8,0.0,1.0,0.0,0.790155012,0.790155012,0.790155012,0.790155012,1.0,0.0,0.790155012,0.790155012,0.790155012,0.790155012,1.0,0.0,0.790155012,0.790155012,33558.0,1.0,0.0,0.790155012,0.790155012,33558.0,1.0,0.0,0.001,0.0004,0.2,1.0,1.0,0.0,0.001,0.0004,0.2,1.0,1.0,0.0,0.001,0.0004,0.2,1.0,1.0,0.0,0.001,0.0004,0.2,1.0,1.0,0.0,0.001,0.0004,0.2,1.0,1.0,0.0,0.001,0.0004,0.2,1.0,1.0,0.0,0.001,0.0004,0.2,1.0,1.0,0.0,0.770513243,0.770513243,0.770513243,0.770513243,3.0,5.0,0.770513243,0.770513243,0.770513243,0.770513243,3.0,5.0
0,2,26,146,146,1791590400146000000,1,0.793927409,0.793927409,0.793927409,0.793927409,0.793927409,0.793927409,0.793927409,0.793927409,0.793927409,0.793927409,0.793927409,0.793927409,0.0,0.0,0.8,0.0,2.0,1.0,0.793927409,0.793927409,0.793927409,0.793927409,0.793927409,0.793927409,0.793927409,0.793927409,0.793927409,0.793927409,0.793927409,0.793927409,0.0,0.0,0.8,0.0,2.0,1.0,0.793927409,0.793927409,0.793927409,0.793927409,0.793927409,0.793927409,0.793927409,0.793927409,0.793927409,0.793927409,0.793927409,0.793927409,0.0,0.0,0.8,0.0,2.0,1.0,0.793927409,0.793927409,0.793927409,0.793927409,0.793927409,0.793927409,0.793927409,0.793927409,0.793927409,0.793927409,0.793927409,0.793927409,0.0,0.0,0.8,0.0,2.0,1.0,0.793990399,0.793990399,0.793990399,0.793990399,1.0,0.0,0.793990399,0.793990399,0.793990399,0.793990399,1.0,0.0,0.793990399,0.793990399,33561.0,1.0,0.0,0.793990399,0.793990399,33561.0,1.0,0.0,0.000951057,0.0004,0.2,1.0,1.0,0.0,0.000951057,0.0004,0.2,1.0,1.0,0.0,0.000951057,0.0004,0.2,1.0,1.0,0.0,0.000951057,0.0004,0.2,1.0,1.0,0.0,0.000951057,0.0004,0.2,1.0,1.0,0.0,0.000951057,0.0004,0.2,1.0,1.0,0.0,0.000951057,0.0004,0.2,1.0,1.0,0.0,0.770513243,0.770513243,0.770513243,0.770513243,3.0,6.0,0.770513243,0.770513243,0.770513243,0.770513243,3.0,6.0
0,2,27,147,147,1791590400147000000,1,0.797699805,0.797699805,0.797699805,0.797699805,0.797699805,0.797699805,0.797699805,0.797699805,0.797699805,0.797699805,0.797699805,0.797699805,0.0,0.0,0.8,0.0,2.0,2.0,0.797699805,0.797699805,0.797699805,0.797699805,0.797699805,0.797699805,0.797699805,0.797699805,0.797699805,0.797699805,0.797699805,0.797699805,0.0,0.0,0.8,0.0,2.0,2.0,0.797699805,0.797699805,0.797699805,0.797699805,0.797699805,0.797699805,0.797699805,0.797699805,0.797699805,0.797699805,0.797699805,0.797699805,0.0,0.0,0.8,0.0,2.0,2.0,0.797699805,0.797699805,0.797699805,0.797699805,0.797699805,0.797699805,0.797699805,0.797699805,0.797699805,0.797699805,0.797699805,0.797699805,0.0,0.0,0.8,0.0,2.0,2.0,0.79779444,0.79779444,0.79779444,0.79779444,1.0,0.0,0.79779444,0.79779444,0.79779444,0.79779444,1.0,0.0,0.79779444,0.79779444,33565.0,1.0,0.0,0.79779444,0.79779444,33565.0,1.0,0.0,0.000809017,0.0004,0.2,1.0,1.0,0.0,0.000809017,0.0004,0.2,1.0,1.0,0.0,0.000809017,0.0004,0.2,1.0,1.0,0.0,0.000809017,0.0004,0.2,1.0,1.0,0.0,0.000809017,0.0004,0.2,1.0,1.0,0.0,0.000809017,0.0004,0.2,1.0,1.0,0.0,0.000809017,0.0004,0.2,1.0,1.0,0.0,0.770513243,0.770513243,0.770513243,0.770513243,3.0,7.0,0.770513243,0.770513243,0.770513243,0.770513243,3.0,7.0
0,2,28,148,148,1791590400148000000,1,0.801472202,0.801472202,0.801472202,0.801472202,0.801472202,0.801472202,0.801472202,0.801472202,0.801472202,0.801472202,0.801472202,0.801472202,0.0,0.0,0.8,0.0,2.0,3.0,0.801472202,0.801472202,0.801472202,0.801472202,0.801472202,0.801472202,0.801472202,0.801472202,0.801472202,0.801472202,0.801472202,0.801472202,0.0,0.0,0.8,0.0,2.0,3.0,0.801472202,0.801472202,0.801472202,0.801472202,0.801472202,0.801472202,0.801472202,0.801472202,0.801472202,0.801472202,0.801472202,0.801472202,0.0,0.0,0.8,0.0,2.0,3.0,0.801472202,0.801472202,0.801472202,0.801472202,0.801472202,0.801472202,0.801472202,0.801472202,0.801472202,0.801472202,0.801472202,0.801472202,0.0,0.0,0.8,0.0,2.0,3.0,0.801566985,0.801566985,0.801566985,0.801566985,1.0,0.0,0.801566985,0.801566985,0.801566985,0.801566985,1.0,0.0,0.801566985,0.801566985,33569.0,1.0,0.0,0.801566985,0.801566985,33569.0,1.0,0.0,0.000587785,0.0004,0.2,1.0,1.0,0.0,0.000587785,0.0004,0.2,1.0,1.0,0.0,0.000587785,0.0004,0.2,1.0,1.0,0.0,0.000587785,0.0004,0.2,1.0,1.0,0.0,0.000587785,0.0004,0.2,1.0,1.0,0.0,0.000587785,0.0004,0.2,1.0,1.0,0.0,0.000587785,0.0004,0.2,1.0,1.0,0.0,0.770513243,0.770513243,0.770513243,0.770513243,3.0,8.0,0.770513243,0.770513243,0.770513243,0.770513243,3.0,8.0
0,2,29,149,149,1791590400149000000,1,0.805244598,0.805244598,0.805244598,0.805244598,0.805244598,0.805244598,0.805244598,0.805244598,0.805244598,0.805244598,0.805244598,0.805244598,0.0,0.0,0.8,0.0,2.0,4.0,0.805244598,0.805244598,0.805244598,0.805244598,0.805244598,0.805244598,0.805244598,0.805244598,0.805244598,0.805244598,0.805244598,0.805244598,0.0,0.0,0.8,0.0,2.0,4.0,0.805244598,0.805244598,0.805244598,0.805244598,0.805244598,0.805244598,0.805244598,0.805244598,0.805244598,0.805244598,0.805244598,0.805244598,0.0,0.0,0.8,0.0,2.0,4.0,0.805244598,0.805244598,0.805244598,0.805244598,0.805244598,0.805244598,0.805244598,0.805244598,0.805244598,0.805244598,0.805244598,0.805244598,0.0,0.0,0.8,0.0,2.0,4.0,0.805307886,0.805307886,0.805307886,0.805307886,1.0,0.0,0.805307886,0.805307886,0.805307886,0.805307886,1.0,0.0,0.805307886,0.805307886,33573.0,1.0,0.0,0.805307886,0.805307886,33573.0,1.0,0.0,0.000309017,0.0004,0.2,1.0,1.0,0.0,0.000309017,0.0004,0.2,1.0,1.0,0.0,0.000309017,0.0004,0.2,1.0,1.0,0.0,0.000309017,0.0004,0.2,1.0,1.0,0.0,0.000309017,0.0004,0.2,1.0,1.0,0.0,0.000309017,0.0004,0.2,1.0,1.0,0.0,0.000309017,0.0004,0.2,1.0,1.0,0.0,0.770513243,0.770513243,0.770513243,0.770513243,3.0,9.0,0.770513243,0.770513243,0.770513243,0.770513243,3.0,9.0
0,2,30,150,150,1791590400150000000,1,0.809016994,0.809016994,0.809016994,0.809016994,0.809016994,0.809016994,0.809016994,0.809016994,0.809016994,0.809016994,0.809016994,0.809016994,0.0,0.0,0.8,0.0,1.0,0.0,0.809016994,0.809016994,0.809016994,0.809016994,0.809016994,0.809016994,0.809016994,0.809016994,0.809016994,0.809016994,0.809016994,0.809016994,0.0,0.0,0.8,0.0,1.0,0.0,0.809016994,0.809016994,0.809016994,0.809016994,0.809016994,0.809016994,0.809016994,0.809016994,0.809016994,0.809016994,0.809016994,0.809016994,0.0,0.0,0.8,0.0,1.0,0.0,0.809016994,0.809016994,0.809016994,0.809016994,0.809016994,0.809016994,0.809016994,0.809016994,0.809016994,0.809016994,0.809016994,0.809016994,0.0,0.0,0.8,0.0,1.0,0.0,0.809016994,0.809016994,0.809016994,0.809016994,1.0,0.0,0.809016994,0.809016994,0.809016994,0.809016994,1.0,0.0,0.809016994,0.809016994,33577.0,1.0,0.0,0.809016994,0.809016994,33577.0,1.0,0.0,0.0,0.0004,0.2,1.0,1.0,0.0,0.0,0.0004,0.2,1.0,1.0,0.0,0.0,0.0004,0.2,1.0,1.0,0.0,0.0,0.0004,0.2,1.0,1.0,0.0,0.0,0.0004,0.2,1.0,1.0,0.0,0.0,0.0004,0.2,1.0,1.0,0.0,0.0,0.0004,0.2,1.0,1.0,0.0,0.770513243,0.770513243,0.770513243,0.770513243,3.0,10.0,0.770513243,0.770513243,0.770513243,0.770513243,3.0,10.0
0,2,31,151,151,1791590400151000000,1,0.81262971,0.81262971,0.81262971,0.81262971,0.81262971,0.81262971,0.81262971,0.81262971,0.81262971,0.81262971,0.81262971,0.81262971,0.0,0.0,0.8,0.0,2.0,1.0,0.81262971,0.81262971,0.81262971,0.81262971,0.81262971,0.81262971,0.81262971,0.81262971,0.81262971,0.81262971,0.81262971,0.81262971,0.0,0.0,0.8,0.0,2.0,1.0,0.81262971,0.81262971,0.81262971,0.81262971,0.81262971,0.81262971,0.81262971,0.81262971,0.81262971,0.81262971,0.81262971,0.81262971,0.0,0.0,0.8,0.0,2.0,1.0,0.81262971,0.81262971,0.81262971,0.81262971,0.81262971,0.81262971,0.81262971,0.81262971,0.81262971,0.81262971,0.81262971,0.81262971,0.0,0.0,0.8,0.0,2.0,1.0,0.812694164,0.812694164,0.812694164,0.812694164,1.0,0.0,0.812694164,0.812694164,0.812694164,0.812694164,1.0,0.0,0.812694164,0.812694164,33580.0,1.0,0.0,0.812694164,0.812694164,33580.0,1.0,0.0,-0.000309017,0.0004,0.2,1.0,1.0,0.0,-0.000309017,0.0004,0.2,1.0,1.0,0.0,-0.000309017,0.0004,0.2,1.0,1.0,0.0,-0.000309017,0.0004,0.2,1.0,1.0,0.0,-0.000309017,0.0004,0.2,1.0,1.0,0.0,-0.000309017,0.0004,0.2,1.0,1.0,0.0,-0.000309017,0.0004,0.2,1.0,1.0,0.0,0.770513243,0.770513243,0.770513243,0.770513243,3.0,11.0,0.770513243,0.770513243,0.770513243,0.770513243,3.0,11.0
0,2,32,152,152,1791590400152000000,1,0.816242426,0.816242426,0.816242426,0.816242426,0.816242426,0.816242426,0.816242426,0.816242426,0.816242426,0.816242426,0.816242426,0.816242426,0.0,0.0,0.8,0.0,2.0,2.0,0.816242426,0.816242426,0.816242426,0.816242426,0.816242426,0.816242426,0.816242426,0.816242426,0.816242426,0.816242426,0.816242426,0.816242426,0.0,0.0,0.8,0.0,2.0,2.0,0.816242426,0.816242426,0.816242426,0.816242426,0.816242426,0.816242426,0.816242426,0.816242426,0.816242426,0.816242426,0.816242426,0.816242426,0.0,0.0,0.8,0.0,2.0,2.0,0.816242426,0.816242426,0.816242426,0.816242426,0.816242426,0.816242426,0.816242426,0.816242426,0.816242426,0.816242426,0.816242426,0.816242426,0.0,0.0,0.8,0.0,2.0,2.0,0.816339251,0.816339251,0.816339251,0.816339251,1.0,0.0,0.816339251,0.816339251,0.816339251,0.816339251,1.0,0.0,0.816339251,0.816339251,33584.0,1.0,0.0,0.816339251,0.816339251,33584.0,1.0,0.0,-0.000587785,0.0004,0.2,1.0,1.0,0.0,-0.000587785,0.0004,0.2,1.0,1.0,0.0,-0.000587785,0.0004,0.2,1.0,1.0,0.0,-0.000587785,0.0004,0.2,1.0,1.0,0.0,-0.000587785,0.0004,0.2,1.0,1.0,0.0,-0.000587785,0.0004,0.2,1.0,1.0,0.0,-0.000587785,0.0004,0.2,1.0,1.0,0.0,0.770513243,0.770513243,0.770513243,0.770513243,3.0,12.0,0.770513243,0.770513243,0.770513243,0.770513243,3.0,12.0
0,2,33,153,153,1791590400153000000,1,0.819855142,0.819855142,0.819855142,0.819855142,0.819855142,0.819855142,0.819855142,0.819855142,0.819855142,0.819855142,0.819855142,0.819855142,0.0,0.0,0.8,0.0,2.0,3.0,0.819855142,0.819855142,0.819855142,0.819855142,0.819855142,0.819855142,0.819855142,0.819855142,0.819855142,0.819855142,0.819855142,0.819855142,0.0,0.0,0.8,0.0,2.0,3.0,0.819855142,0.819855142,0.819855142,0.819855142,0.819855142,0.819855142,0.819855142,0.819855142,0.819855142,0.819855142,0.819855142,0.819855142,0.0,0.0,0.8,0.0,2.0,3.0,0.819855142,0.819855142,0.819855142,0.819855142,0.819855142,0.819855142,0.819855142,0.819855142,0.819855142,0.819855142,0.819855142,0.819855142,0.0,0.0,0.8,0.0,2.0,3.0,0.819952109,0.819952109,0.819952109,0.819952109,1.0,0.0,0.819952109,0.819952109,0.819952109,0.819952109,1.0,0.0,0.819952109,0.819952109,33587.0,1.0,0.0,0.819952109,0.819952109,33587.0,1.0,0.0,-0.000809017,0.0004,0.2,1.0,1.0,0.0,-0.000809017,0.0004,0.2,1.0,1.0,0.0,-0.000809017,0.0004,0.2,1.0,1.0,0.0,-0.000809017,0.0004,0.2,1.0,1.0,0.0,-0.000809017,0.0004,0.2,1.0,1.0,0.0,-0.000809017,0.0004,0.2,1.0,1.0,0.0,-0.000809017,0.0004,0.2,1.0,1.0,0.0,0.770513243,0.770513243,0.770513243,0.770513243,3.0,13.0,0.770513243,0.770513243,0.770513243,0.770513243,3.0,13.0
0,2,34,154,154,1791590400154000000,1,0.823467858,0.823467858,0.823467858,0.823467858,0.823467858,0.823467858,0.823467858,0.823467858,0.823467858,0.823467858,0.823467858,0.823467858,0.0,0.0,0.8,0.0,2.0,4.0,0.823467858,0.823467858,0.823467858,0.823467858,0.823467858,0.823467858,0.823467858,0.823467858,0.823467858,0.823467858,0.823467858,0.823467858,0.0,0.0,0.8,0.0,2.0,4.0,0.823467858,0.823467858,0.823467858,0.823467858,0.823467858,0.823467858,0.823467858,0.823467858,0.823467858,0.823467858,0.823467858,0.823467858,0.0,0.0,0.8,0.0,2.0,4.0,0.823467858,0.823467858,0.823467858,0.823467858,0.823467858,0.823467858,0.823467858,0.823467858,0.823467858,0.823467858,0.823467858,0.823467858,0.0,0.0,0.8,0.0,2.0,4.0,0.823532598,0.823532598,0.823532598,0.823532598,1.0,0.0,0.823532598,0.823532598,0.823532598,0.823532598,1.0,0.0,0.823532598,0.823532598,33591.0,1.0,0.0,0.823532598,0.823532598,33591.0,1.0,0.0,-0.000951057,0.0004,0.2,1.0,1.0,0.0,-0.000951057,0.0004,0.2,1.0,1.0,0.0,-0.000951057,0.0004,0.2,1.0,1.0,0.0,-0.000951057,0.0004,0.2,1.0,1.0,0.0,-0.000951057,0.0004,0.2,1.0,1.0,0.0,-0.000951057,0.0004,0.2,1.0,1.0,0.0,-0.000951057,0.0004,0.2,1.0,1.0,0.0,0.770513243,0.770513243,0.770513243,0.770513243,3.0,14.0,0.770513243,0.770513243,0.770513243,0.770513243,3.0,14.0
0,2,35,155,155,1791590400155000000,1,0.827080574,0.827080574,0.827080574,0.827080574,0.827080574,0.827080574,0.827080574,0.827080574,0.827080574,0.827080574,0.827080574,0.827080574,0.0,0.0,0.8,0.0,1.0,0.0,0.827080574,0.827080574,0.827080574,0.827080574,0.827080574,0.827080574,0.827080574,0.827080574,0.827080574,0.827080574,0.827080574,0.827080574,0.0,0.0,0.8,0.0,1.0,0.0,0.827080574,0.827080574,0.827080574,0.827080574,0.827080574,0.827080574,0.827080574,0.827080574,0.827080574,0.827080574,0.827080574,0.827080574,0.0,0.0,0.8,0.0,1.0,0.0,0.827080574,0.827080574,0.827080574,0.827080574,0.827080574,0.827080574,0.827080574,0.827080574,0.827080574,0.827080574,0.827080574,0.827080574,0.0,0.0,0.8,0.0,1.0,0.0,0.827080574,0.827080574,0.827080574,0.827080574,1.0,0.0,0.827080574,0.827080574,0.827080574,0.827080574,1.0,0.0,0.827080574,0.827080574,33595.0,1.0,0.0,0.827080574,0.827080574,33595.0,1.0,0.0,-0.001,0.0004,0.2,1.0,1.0,0.0,-0.001,0.0004,0.2,1.0,1.0,0.0,-0.001,0.0004,0.2,1.0,1.0,0.0,-0.001,0.0004,0.2,1.0,1.0,0.0,-0.001,0.0004,0.2,1.0,1.0,0.0,-0.001,0.0004,0.2,1.0,1.0,0.0,-0.001,0.0004,0.2,1.0,1.0,0.0,0.770513243,0.770513243,0.770513243,0.770513243,3.0,15.0,0.770513243,0.770513243,0.770513243,0.770513243,3.0,15.0
0,2,36,156,156,1791590400156000000,1,0.830530045,0.830530045,0.830530045,0.830530045,0.830530045,0.830530045,0.830530045,0.830530045,0.830530045,0.830530045,0.830530045,0.830530045,0.0,0.0,0.8,0.0,2.0,1.0,0.830530045,0.830530045,0.830530045,0.830530045,0.830530045,0.830530045,0.830530045,0.830530045,0.830530045,0.830530045,0.830530045,0.830530045,0.0,0.0,0.8,0.0,2.0,1.0,0.830530045,0.830530045,0.830530045,0.830530045,0.830530045,0.830530045,0.830530045,0.830530045,0.830530045,0.830530045,0.830530045,0.830530045,0.0,0.0,0.8,0.0,2.0,1.0,0.830530045,0.830530045,0.830530045,0.830530045,0.830530045,0.830530045,0.830530045,0.830530045,0.830530045,0.830530045,0.830530045,0.830530045,0.0,0.0,0.8,0.0,2.0,1.0,0.830595899,0.830595899,0.830595899,0.830595899,1.0,0.0,0.830595899,0.830595899,0.830595899,0.830595899,1.0,0.0,0.830595899,0.830595899,33598.0,1.0,0.0,0.830595899,0.830595899,33598.0,1.0,0.0,-0.000951057,0.0004,0.2,1.0,1.0,0.0,-0.000951057,0.0004,0.2,1.0,1.0,0.0,-0.000951057,0.0004,0.2,1.0,1.0,0.0,-0.000951057,0.0004,0.2,1.0,1.0,0.0,-0.000951057,0.0004,0.2,1.0,1.0,0.0,-0.000951057,0.0004,0.2,1.0,1.0,0.0,-0.000951057,0.0004,0.2,1.0,1.0,0.0,0.770513243,0.770513243,0.770513243,0.770513243,3.0,16.0,0.770513243,0.770513243,0.770513243,0.770513243,3.0,16.0
0,2,37,157,157,1791590400157000000,1,0.833979515,0.833979515,0.833979515,0.833979515,0.833979515,0.833979515,0.833979515,0.833979515,0.833979515,0.833979515,0.833979515,0.833979515,0.0,0.0,0.8,0.0,2.0,2.0,0.833979515,0.833979515,0.833979515,0.833979515,0.833979515,0.833979515,0.833979515,0.833979515,0.833979515,0.833979515,0.833979515,0.833979515,0.0,0.0,0.8,0.0,2.0,2.0,0.833979515,0.833979515,0.833979515,0.833979515,0.833979515,0.833979515,0.833979515,0.833979515,0.833979515,0.833979515,0.833979515,0.833979515,0.0,0.0,0.8,0.0,2.0,2.0,0.833979515,0.833979515,0.833979515,0.833979515,0.833979515,0.833979515,0.833979515,0.833979515,0.833979515,0.833979515,0.833979515,0.833979515,0.0,0.0,0.8,0.0,2.0,2.0,0.834078434,0.834078434,0.834078434,0.834078434,1.0,0.0,0.834078434,0.834078434,0.834078434,0.834078434,1.0,0.0,0.834078434,0.834078434,33602.0,1.0,0.0,0.834078434,0.834078434,33602.0,1.0,0.0,-0.000809017,0.0004,0.2,1.0,1.0,0.0,-0.000809017,0.0004,0.2,1.0,1.0,0.0,-0.000809017,0.0004,0.2,1.0,1.0,0.0,-0.000809017,0.0004,0.2,1.0,1.0,0.0,-0.000809017,0.0004,0.2,1.0,1.0,0.0,-0.000809017,0.0004,0.2,1.0,1.0,0.0,-0.000809017,0.0004,0.2,1.0,1.0,0.0,0.770513243,0.770513243,0.770513243,0.770513243,3.0,17.0,0.770513243,0.770513243,0.770513243,0.770513243,3.0,17.0
0,2,38,158,158,1791590400158000000,1,0.837428985,0.837428985,0.837428985,0.837428985,0.837428985,0.837428985,0.837428985,0.837428985,0.837428985,0.837428985,0.837428985,0.837428985,0.0,0.0,0.8,0.0,2.0,3.0,0.837428985,0.837428985,0.837428985,0.837428985,0.837428985,0.837428985,0.837428985,0.837428985,0.837428985,0.837428985,0.837428985,0.837428985,0.0,0.0,0.8,0.0,2.0,3.0,0.837428985,0.837428985,0.837428985,0.837428985,0.837428985,0.837428985,0.837428985,0.837428985,0.837428985,0.837428985,0.837428985,0.837428985,0.0,0.0,0.8,0.0,2.0,3.0,0.837428985,0.837428985,0.837428985,0.837428985,0.837428985,0.837428985,0.837428985,0.837428985,0.837428985,0.837428985,0.837428985,0.837428985,0.0,0.0,0.8,0.0,2.0,3.0,0.83752804,0.83752804,0.83752804,0.83752804,1.0,0.0,0.83752804,0.83752804,0.83752804,0.83752804,1.0,0.0,0.83752804,0.83752804,33605.0,1.0,0.0,0.83752804,0.83752804,33605.0,1.0,0.0,-0.000587785,0.0004,0.2,1.0,1.0,0.0,-0.000587785,0.0004,0.2,1.0,1.0,0.0,-0.000587785,0.0004,0.2,1.0,1.0,0.0,-0.000587785,0.0004,0.2,1.0,1.0,0.0,-0.000587785,0.0004,0.2,1.0,1.0,0.0,-0.000587785,0.0004,0.2,1.0,1.0,0.0,-0.000587785,0.0004,0.2,1.0,1.0,0.0,0.770513243,0.770513243,0.770513243,0.770513243,3.0,18.0,0.770513243,0.770513243,0.770513243,0.770513243,3.0,18.0
0,2,39,159,159,1791590400159000000,1,0.840878455,0.840878455,0.840878455,0.840878455,0.840878455,0.840878455,0.840878455,0.840878455,0.840878455,0.840878455,0.840878455,0.840878455,0.0,0.0,0.8,0.0,2.0,4.0,0.840878455,0.840878455,0.840878455,0.840878455,0.840878455,0.840878455,0.840878455,0.840878455,0.840878455,0.840878455,0.840878455,0.840878455,0.0,0.0,0.8,0.0,2.0,4.0,0.840878455,0.840878455,0.840878455,0.840878455,0.840878455,0.840878455,0.840878455,0.840878455,0.840878455,0.840878455,0.840878455,0.840878455,0.0,0.0,0.8,0.0,2.0,4.0,0.840878455,0.840878455,0.840878455,0.840878455,0.840878455,0.840878455,0.840878455,0.840878455,0.840878455,0.840878455,0.840878455,0.840878455,0.0,0.0,0.8,0.0,2.0,4.0,0.840944582,0.840944582,0.840944582,0.840944582,1.0,0.0,0.840944582,0.840944582,0.840944582,0.840944582,1.0,0.0,0.840944582,0.840944582,33608.0,1.0,0.0,0.840944582,0.840944582,33608.0,1.0,0.0,-0.000309017,0.0004,0.2,1.0,1.0,0.0,-0.000309017,0.0004,0.2,1.0,1.0,0.0,-0.000309017,0.0004,0.2,1.0,1.0,0.0,-0.000309017,0.0004,0.2,1.0,1.0,0.0,-0.000309017,0.0004,0.2,1.0,1.0,0.0,-0.000309017,0.0004,0.2,1.0,1.0,0.0,-0.000309017,0.0004,0.2,1.0,1.0,0.0,0.770513243,0.770513243,0.770513243,0.770513243,3.0,19.0,0.770513243,0.770513243,0.770513243,0.770513243,3.0,19.0
0,2,40,160,160,1791590400160000000,1,0.844327926,0.844327926,0.844327926,0.844327926,0.844327926,0.844327926,0.844327926,0.844327926,0.844327926,0.844327926,0.844327926,0.844327926,0.0,0.0,0.8,0.0,1.0,0.0,0.844327926,0.844327926,0.844327926,0.844327926,0.844327926,0.844327926,0.844327926,0.844327926,0.844327926,0.844327926,0.844327926,0.844327926,0.0,0.0,0.8,0.0,1.0,0.0,0.844327926,0.844327926,0.844327926,0.844327926,0.844327926,0.844327926,0.844327926,0.844327926,0.844327926,0.844327926,0.844327926,0.844327926,0.0,0.0,0.8,0.0,1.0,0.0,0.844327926,0.844327926,0.844327926,0.844327926,0.844327926,0.844327926,0.844327926,0.844327926,0.844327926,0.844327926,0.844327926,0.844327926,0.0,0.0,0.8,0.0,1.0,0.0,0.844327926,0.844327926,0.844327926,0.844327926,1.0,0.0,0.844327926,0.844327926,0.844327926,0.844327926,1.0,0.0,0.844327926,0.844327926,33612.0,1.0,0.0,0.844327926,0.844327926,33612.0,1.0,0.0,0.0,0.0004,0.2,1.0,1.0,0.0,0.0,0.0004,0.2,1.0,1.0,0.0,0.0,0.0004,0.2,1.0,1.0,0.0,0.0,0.0004,0.2,1.0,1.0,0.0,0.0,0.0004,0.2,1.0,1.0,0.0,0.0,0.0004,0.2,1.0,1.0,0.0,0.0,0.0004,0.2,1.0,1.0,0.0,0.844327926,0.844327926,0.844327926,0.844327926,3.0,0.0,0.844327926,0.844327926,0.844327926,0.844327926,3.0,0.0
0,2,41,161,161,1791590400161000000,1,0.847610746,0.847610746,0.847610746,0.847610746,0.847610746,0.847610746,0.847610746,0.847610746,0.847610746,0.847610746,0.847610746,0.847610746,0.0,0.0,0.8,0.0,2.0,1.0,0.847610746,0.847610746,0.847610746,0.847610746,0.847610746,0.847610746,0.847610746,0.847610746,0.847610746,0.847610746,0.847610746,0.847610746,0.0,0.0,0.8,0.0,2.0,1.0,0.847610746,0.847610746,0.847610746,0.847610746,0.847610746,0.847610746,0.847610746,0.847610746,0.847610746,0.847610746,0.847610746,0.847610746,0.0,0.0,0.8,0.0,2.0,1.0,0.847610746,0.847610746,0.847610746,0.847610746,0.847610746,0.847610746,0.847610746,0.847610746,0.847610746,0.847610746,0.847610746,0.847610746,0.0,0.0,0.8,0.0,2.0,1.0,0.847677936,0.847677936,0.847677936,0.847677936,1.0,0.0,0.847677936,0.847677936,0.847677936,0.847677936,1.0,0.0,0.847677936,0.847677936,33615.0,1.0,0.0,0.847677936,0.847677936,33615.0,1.0,0.0,0.000309017,0.0004,0.2,1.0,1.0,0.0,0.000309017,0.0004,0.2,1.0,1.0,0.0,0.000309017,0.0004,0.2,1.0,1.0,0.0,0.000309017,0.0004,0.2,1.0,1.0,0.0,0.000309017,0.0004,0.2,1.0,1.0,0.0,0.000309017,0.0004,0.2,1.0,1.0,0.0,0.000309017,0.0004,0.2,1.0,1.0,0.0,0.844327926,0.844327926,0.844327926,0.844327926,3.0,1.0,0.844327926,0.844327926,0.844327926,0.844327926,3.0,1.0
0,2,42,162,162,1791590400162000000,1,0.850893566,0.850893566,0.850893566,0.850893566,0.850893566,0.850893566,0.850893566,0.850893566,0.850893566,0.850893566,0.850893566,0.850893566,0.0,0.0,0.8,0.0,2.0,2.0,0.850893566,0.850893566,0.850893566,0.850893566,0.850893566,0.850893566,0.850893566,0.850893566,0.850893566,0.850893566,0.850893566,0.850893566,0.0,0.0,0.8,0.0,2.0,2.0,0.850893566,0.850893566,0.850893566,0.850893566,0.850893566,0.850893566,0.850893566,0.850893566,0.850893566,0.850893566,0.850893566,0.850893566,0.0,0.0,0.8,0.0,2.0,2.0,0.850893566,0.850893566,0.850893566,0.850893566,0.850893566,0.850893566,0.850893566,0.850893566,0.850893566,0.850893566,0.850893566,0.850893566,0.0,0.0,0.8,0.0,2.0,2.0,0.850994482,0.850994482,0.850994482,0.850994482,1.0,0.0,0.850994482,0.850994482,0.850994482,0.850994482,1.0,0.0,0.850994482,0.850994482,33618.0,1.0,0.0,0.850994482,0.850994482,33618.0,1.0,0.0,0.000587785,0.0004,0.2,1.0,1.0,0.0,0.000587785,0.0004,0.2,1.0,1.0,0.0,0.000587785,0.0004,0.2,1.0,1.0,0.0,0.000587785,0.0004,0.2,1.0,1.0,0.0,0.000587785,0.0004,0.2,1.0,1.0,0.0,0.000587785,0.0004,0.2,1.0,1.0,0.0,0.000587785,0.0004,0.2,1.0,1.0,0.0,0.844327926,0.844327926,0.844327926,0.844327926,3.0,2.0,0.844327926,0.844327926,0.844327926,0.844327926,3.0,2.0
0,2,43,163,163,1791590400163000000,1,0.854176386,0.854176386,0.854176386,0.854176386,0.854176386,0.854176386,0.854176386,0.854176386,0.854176386,0.854176386,0.854176386,0.854176386,0.0,0.0,0.8,0.0,2.0,3.0,0.854176386,0.854176386,0.854176386,0.854176386,0.854176386,0.854176386,0.854176386,0.854176386,0.854176386,0.854176386,0.854176386,0.854176386,0.0,0.0,0.8,0.0,2.0,3.0,0.854176386,0.854176386,0.854176386,0.854176386,0.854176386,0.854176386,0.854176386,0.854176386,0.854176386,0.854176386,0.854176386,0.854176386,0.0,0.0,0.8,0.0,2.0,3.0,0.854176386,0.854176386,0.854176386,0.854176386,0.854176386,0.854176386,0.854176386,0.854176386,0.854176386,0.854176386,0.854176386,0.854176386,0.0,0.0,0.8,0.0,2.0,3.0,0.854277432,0.854277432,0.854277432,0.854277432,1.0,0.0,0.854277432,0.854277432,0.854277432,0.854277432,1.0,0.0,0.854277432,0.854277432,33622.0,1.0,0.0,0.854277432,0.854277432,33622.0,1.0,0.0,0.000809017,0.0004,0.2,1.0,1.0,0.0,0.000809017,0.0004,0.2,1.0,1.0,0.0,0.000809017,0.0004,0.2,1.0,1.0,0.0,0.000809017,0.0004,0.2,1.0,1.0,0.0,0.000809017,0.0004,0.2,1.0,1.0,0.0,0.000809017,0.0004,0.2,1.0,1.0,0.0,0.000809017,0.0004,0.2,1.0,1.0,0.0,0.844327926,0.844327926,0.844327926,0.844327926,3.0,3.0,0.844327926,0.844327926,0.844327926,0.844327926,3.0,3.0
0,2,44,164,164,1791590400164000000,1,0.857459207,0.857459207,0.857459207,0.857459207,0.857459207,0.857459207,0.857459207,0.857459207,0.857459207,0.857459207,0.857459207,0.857459207,0.0,0.0,0.8,0.0,2.0,4.0,0.857459207,0.857459207,0.857459207,0.857459207,0.857459207,0.857459207,0.857459207,0.857459207,0.857459207,0.857459207,0.857459207,0.857459207,0.0,0.0,0.8,0.0,2.0,4.0,0.857459207,0.857459207,0.857459207,0.857459207,0.857459207,0.857459207,0.857459207,0.857459207,0.857459207,0.857459207,0.857459207,0.857459207,0.0,0.0,0.8,0.0,2.0,4.0,0.857459207,0.857459207,0.857459207,0.857459207,0.857459207,0.857459207,0.857459207,0.857459207,0.857459207,0.857459207,0.857459207,0.857459207,0.0,0.0,0.8,0.0,2.0,4.0,0.857526656,0.857526656,0.857526656,0.857526656,1.0,0.0,0.857526656,0.857526656,0.857526656,0.857526656,1.0,0.0,0.857526656,0.857526656,33625.0,1.0,0.0,0.857526656,0.857526656,33625.0,1.0,0.0,0.000951057,0.0004,0.2,1.0,1.0,0.0,0.000951057,0.0004,0.2,1.0,1.0,0.0,0.000951057,0.0004,0.2,1.0,1.0,0.0,0.000951057,0.0004,0.2,1.0,1.0,0.0,0.000951057,0.0004,0.2,1.0,1.0,0.0,0.000951057,0.0004,0.2,1.0,1.0,0.0,0.000951057,0.0004,0.2,1.0,1.0,0.0,0.844327926,0.844327926,0.844327926,0.844327926,3.0,4.0,0.844327926,0.844327926,0.844327926,0.844327926,3.0,4.0
0,2,45,165,165,1791590400165000000,1,0.860742027,0.860742027,0.860742027,0.860742027,0.860742027,0.860742027,0.860742027,0.860742027,0.860742027,0.860742027,0.860742027,0.860742027,0.0,0.0,0.8,0.0,1.0,0.0,0.860742027,0.860742027,0.860742027,0.860742027,0.860742027,0.860742027,0.860742027,0.860742027,0.860742027,0.860742027,0.860742027,0.860742027,0.0,0.0,0.8,0.0,1.0,0.0,0.860742027,0.860742027,0.860742027,0.860742027,0.860742027,0.860742027,0.860742027,0.860742027,0.860742027,0.860742027,0.860742027,0.860742027,0.0,0.0,0.8,0.0,1.0,0.0,0.860742027,0.860742027,0.860742027,0.860742027,0.860742027,0.860742027,0.860742027,0.860742027,0.860742027,0.860742027,0.860742027,0.860742027,0.0,0.0,0.8,0.0,1.0,0.0,0.860742027,0.860742027,0.860742027,0.860742027,1.0,0.0,0.860742027,0.860742027,0.860742027,0.860742027,1.0,0.0,0.860742027,0.860742027,33628.0,1.0,0.0,0.860742027,0.860742027,33628.0,1.0,0.0,0.001,0.0004,0.2,1.0,1.0,0.0,0.001,0.0004,0.2,1.0,1.0,0.0,0.001,0.0004,0.2,1.0,1.0,0.0,0.001,0.0004,0.2,1.0,1.0,0.0,0.001,0.0004,0.2,1.0,1.0,0.0,0.001,0.0004,0.2,1.0,1.0,0.0,0.001,0.0004,0.2,1.0,1.0,0.0,0.844327926,0.844327926,0.844327926,0.844327926,3.0,5.0,0.844327926,0.844327926,0.844327926,0.844327926,3.0,5.0
0,2,46,166,166,1791590400166000000,1,0.863854958,0.863854958,0.863854958,0.863854958,0.863854958,0.863854958,0.863854958,0.863854958,0.863854958,0.863854958,0.863854958,0.863854958,0.0,0.0,0.8,0.0,2.0,1.0,0.863854958,0.863854958,0.863854958,0.863854958,0.863854958,0.863854958,0.863854958,0.863854958,0.863854958,0.863854958,0.863854958,0.863854958,0.0,0.0,0.8,0.0,2.0,1.0,0.863854958,0.863854958,0.863854958,0.863854958,0.863854958,0.863854958,0.863854958,0.863854958,0.863854958,0.863854958,0.863854958,0.863854958,0.0,0.0,0.8,0.0,2.0,1.0,0.863854958,0.863854958,0.863854958,0.863854958,0.863854958,0.863854958,0.863854958,0.863854958,0.863854958,0.863854958,0.863854958,0.863854958,0.0,0.0,0.8,0.0,2.0,1.0,0.863923417,0.863923417,0.863923417,0.863923417,1.0,0.0,0.863923417,0.863923417,0.863923417,0.863923417,1.0,0.0,0.863923417,0.863923417,33631.0,1.0,0.0,0.863923417,0.863923417,33631.0,1.0,0.0,0.000951057,0.0004,0.2,1.0,1.0,0.0,0.000951057,0.0004,0.2,1.0,1.0,0.0,0.000951057,0.0004,0.2,1.0,1.0,0.0,0.000951057,0.0004,0.2,1.0,1.0,0.0,0.000951057,0.0004,0.2,1.0,1.0,0.0,0.000951057,0.0004,0.2,1.0,1.0,0.0,0.000951057,0.0004,0.2,1.0,1.0,0.0,0.844327926,0.844327926,0.844327926,0.844327926,3.0,6.0,0.844327926,0.844327926,0.844327926,0.844327926,3.0,6.0
0,2,47,167,167,1791590400167000000,1,0.866967888,0.866967888,0.866967888,0.866967888,0.866967888,0.866967888,0.866967888,0.866967888,0.866967888,0.866967888,0.866967888,0.866967888,0.0,0.0,0.8,0.0,2.0,2.0,0.866967888,0.866967888,0.866967888,0.866967888,0.866967888,0.866967888,0.866967888,0.866967888,0.866967888,0.866967888,0.866967888,0.866967888,0.0,0.0,0.8,0.0,2.0,2.0,0.866967888,0.866967888,0.866967888,0.866967888,0.866967888,0.866967888,0.866967888,0.866967888,0.866967888,0.866967888,0.866967888,0.866967888,0.0,0.0,0.8,0.0,2.0,2.0,0.866967888,0.866967888,0.866967888,0.866967888,0.866967888,0.866967888,0.866967888,0.866967888,0.866967888,0.866967888,0.866967888,0.866967888,0.0,0.0,0.8,0.0,2.0,2.0,0.867070701,0.867070701,0.867070701,0.867070701,1.0,0.0,0.867070701,0.867070701,0.867070701,0.867070701,1.0,0.0,0.867070701,0.867070701,33635.0,1.0,0.0,0.867070701,0.867070701,33635.0,1.0,0.0,0.000809017,0.0004,0.2,1.0,1.0,0.0,0.000809017,0.0004,0.2,1.0,1.0,0.0,0.000809017,0.0004,0.2,1.0,1.0,0.0,0.000809017,0.0004,0.2,1.0,1.0,0.0,0.000809017,0.0004,0.2,1.0,1.0,0.0,0.000809017,0.0004,0.2,1.0,1.0,0.0,0.000809017,0.0004,0.2,1.0,1.0,0.0,0.844327926,0.844327926,0.844327926,0.844327926,3.0,7.0,0.844327926,0.844327926,0.844327926,0.844327926,3.0,7.0
0,2,48,168,168,1791590400168000000,1,0.870080819,0.870080819,0.870080819,0.870080819,0.870080819,0.870080819,0.870080819,0.870080819,0.870080819,0.870080819,0.870080819,0.870080819,0.0,0.0,0.8,0.0,2.0,3.0,0.870080819,0.870080819,0.870080819,0.870080819,0.870080819,0.870080819,0.870080819,0.870080819,0.870080819,0.870080819,0.870080819,0.870080819,0.0,0.0,0.8,0.0,2.0,3.0,0.870080819,0.870080819,0.870080819,0.870080819,0.870080819,0.870080819,0.870080819,0.870080819,0.870080819,0.870080819,0.870080819,0.870080819,0.0,0.0,0.8,0.0,2.0,3.0,0.870080819,0.870080819,0.870080819,0.870080819,0.870080819,0.870080819,0.870080819,0.870080819,0.870080819,0.870080819,0.870080819,0.870080819,0.0,0.0,0.8,0.0,2.0,3.0,0.870183755,0.870183755,0.870183755,0.870183755,1.0,0.0,0.870183755,0.870183755,0.870183755,0.870183755,1.0,0.0,0.870183755,0.870183755,33638.0,1.0,0.0,0.870183755,0.870183755,33638.0,1.0,0.0,0.000587785,0.0004,0.2,1.0,1.0,0.0,0.000587785,0.0004,0.2,1.0,1.0,0.0,0.000587785,0.0004,0.2,1.0,1.0,0.0,0.000587785,0.0004,0.2,1.0,1.0,0.0,0.000587785,0.0004,0.2,1.0,1.0,0.0,0.000587785,0.0004,0.2,1.0,1.0,0.0,0.000587785,0.0004,0.2,1.0,1.0,0.0,0.844327926,0.844327926,0.844327926,0.844327926,3.0,8.0,0.844327926,0.844327926,0.844327926,0.844327926,3.0,8.0
0,2,49,169,169,1791590400169000000,1,0.873193749,0.873193749,0.873193749,0.873193749,0.873193749,0.873193749,0.873193749,0.873193749,0.873193749,0.873193749,0.873193749,0.873193749,0.0,0.0,0.8,0.0,2.0,4.0,0.873193749,0.873193749,0.873193749,0.873193749,0.873193749,0.873193749,0.873193749,0.873193749,0.873193749,0.873193749,0.873193749,0.873193749,0.0,0.0,0.8,0.0,2.0,4.0,0.873193749,0.873193749,0.873193749,0.873193749,0.873193749,0.873193749,0.873193749,0.873193749,0.873193749,0.873193749,0.873193749,0.873193749,0.0,0.0,0.8,0.0,2.0,4.0,0.873193749,0.873193749,0.873193749,0.873193749,0.873193749,0.873193749,0.873193749,0.873193749,0.873193749,0.873193749,0.873193749,0.873193749,0.0,0.0,0.8,0.0,2.0,4.0,0.873262455,0.873262455,0.873262455,0.873262455,1.0,0.0,0.873262455,0.873262455,0.873262455,0.873262455,1.0,0.0,0.873262455,0.873262455,33641.0,1.0,0.0,0.873262455,0.873262455,33641.0,1.0,0.0,0.000309017,0.0004,0.2,1.0,1.0,0.0,0.000309017,0.0004,0.2,1.0,1.0,0.0,0.000309017,0.0004,0.2,1.0,1.0,0.0,0.000309017,0.0004,0.2,1.0,1.0,0.0,0.000309017,0.0004,0.2,1.0,1.0,0.0,0.000309017,0.0004,0.2,1.0,1.0,0.0,0.000309017,0.0004,0.2,1.0,1.0,0.0,0.844327926,0.844327926,0.844327926,0.844327926,3.0,9.0,0.844327926,0.844327926,0.844327926,0.844327926,3.0,9.0
0,2,50,170,170,1791590400170000000,1,0.87630668,0.87630668,0.87630668,0.87630668,0.87630668,0.87630668,0.87630668,0.87630668,0.87630668,0.87630668,0.87630668,0.87630668,0.0,0.0,0.8,0.0,1.0,0.0,0.87630668,0.87630668,0.87630668,0.87630668,0.87630668,0.87630668,0.87630668,0.87630668,0.87630668,0.87630668,0.87630668,0.87630668,0.0,0.0,0.8,0.0,1.0,0.0,0.87630668,0.87630668,0.87630668,0.87630668,0.87630668,0.87630668,0.87630668,0.87630668,0.87630668,0.87630668,0.87630668,0.87630668,0.0,0.0,0.8,0.0,1.0,0.0,0.87630668,0.87630668,0.87630668,0.87630668,0.87630668,0.87630668,0.87630668,0.87630668,0.87630668,0.87630668,0.87630668,0.87630668,0.0,0.0,0.8,0.0,1.0,0.0,0.87630668,0.87630668,0.87630668,0.87630668,1.0,0.0,0.87630668,0.87630668,0.87630668,0.87630668,1.0,0.0,0.87630668,0.87630668,33644.0,1.0,0.0,0.87630668,0.87630668,33644.0,1.0,0.0,-0.0,0.0004,0.2,1.0,1.0,0.0,-0.0,0.0004,0.2,1.0,1.0,0.0,-0.0,0.0004,0.2,1.0,1.0,0.0,-0.0,0.0004,0.2,1.0,1.0,0.0,-0.0,0.0004,0.2,1.0,1.0,0.0,-0.0,0.0004,0.2,1.0,1.0,0.0,-0.0,0.0004,0.2,1.0,1.0,0.0,0.844327926,0.844327926,0.844327926,0.844327926,3.0,10.0,0.844327926,0.844327926,0.844327926,0.844327926,3.0,10.0
0,2,51,171,171,1791590400171000000,1,0.879246649,0.879246649,0.879246649,0.879246649,0.879246649,0.879246649,0.879246649,0.879246649,0.879246649,0.879246649,0.879246649,0.879246649,0.0,0.0,0.8,0.0,2.0,1.0,0.879246649,0.879246649,0.879246649,0.879246649,0.879246649,0.879246649,0.879246649,0.879246649,0.879246649,0.879246649,0.879246649,0.879246649,0.0,0.0,0.8,0.0,2.0,1.0,0.879246649,0.879246649,0.879246649,0.879246649,0.879246649,0.879246649,0.879246649,0.879246649,0.879246649,0.879246649,0.879246649,0.879246649,0.0,0.0,0.8,0.0,2.0,1.0,0.879246649,0.879246649,0.879246649,0.879246649,0.879246649,0.879246649,0.879246649,0.879246649,0.879246649,0.879246649,0.879246649,0.879246649,0.0,0.0,0.8,0.0,2.0,1.0,0.87931631,0.87931631,0.87931631,0.87931631,1.0,0.0,0.87931631,0.87931631,0.87931631,0.87931631,1.0,0.0,0.87931631,0.87931631,33647.0,1.0,0.0,0.87931631,0.87931631,33647.0,1.0,0.0,-0.000309017,0.0004,0.2,1.0,1.0,0.0,-0.000309017,0.0004,0.2,1.0,1.0,0.0,-0.000309017,0.0004,0.2,1.0,1.0,0.0,-0.000309017,0.0004,0.2,1.0,1.0,0.0,-0.000309017,0.0004,0.2,1.0,1.0,0.0,-0.000309017,0.0004,0.2,1.0,1.0,0.0,-0.000309017,0.0004,0.2,1.0,1.0,0.0,0.844327926,0.844327926,0.844327926,0.844327926,3.0,11.0,0.844327926,0.844327926,0.844327926,0.844327926,3.0,11.0
0,2,52,172,172,1791590400172000000,1,0.882186618,0.882186618,0.882186618,0.882186618,0.882186618,0.882186618,0.882186618,0.882186618,0.882186618,0.882186618,0.882186618,0.882186618,0.0,0.0,0.8,0.0,2.0,2.0,0.882186618,0.882186618,0.882186618,0.882186618,0.882186618,0.882186618,0.882186618,0.882186618,0.882186618,0.882186618,0.882186618,0.882186618,0.0,0.0,0.8,0.0,2.0,2.0,0.882186618,0.882186618,0.882186618,0.882186618,0.882186618,0.882186618,0.882186618,0.882186618,0.882186618,0.882186618,0.882186618,0.882186618,0.0,0.0,0.8,0.0,2.0,2.0,0.882186618,0.882186618,0.882186618,0.882186618,0.882186618,0.882186618,0.882186618,0.882186618,0.882186618,0.882186618,0.882186618,0.882186618,0.0,0.0,0.8,0.0,2.0,2.0,0.882291226,0.882291226,0.882291226,0.882291226,1.0,0.0,0.882291226,0.882291226,0.882291226,0.882291226,1.0,0.0,0.882291226,0.882291226,33650.0,1.0,0.0,0.882291226,0.882291226,33650.0,1.0,0.0,-0.000587785,0.0004,0.2,1.0,1.0,0.0,-0.000587785,0.0004,0.2,1.0,1.0,0.0,-0.000587785,0.0004,0.2,1.0,1.0,0.0,-0.000587785,0.0004,0.2,1.0,1.0,0.0,-0.000587785,0.0004,0.2,1.0,1.0,0.0,-0.000587785,0.0004,0.2,1.0,1.0,0.0,-0.000587785,0.0004,0.2,1.0,1.0,0.0,0.844327926,0.844327926,0.844327926,0.844327926,3.0,12.0,0.844327926,0.844327926,0.844327926,0.844327926,3.0,12.0
0,2,53,173,173,1791590400173000000,1,0.885126587,0.885126587,0.885126587,0.885126587,0.885126587,0.885126587,0.885126587,0.885126587,0.885126587,0.885126587,0.885126587,0.885126587,0.0,0.0,0.8,0.0,2.0,3.0,0.885126587,0.885126587,0.885126587,0.885126587,0.885126587,0.885126587,0.885126587,0.885126587,0.885126587,0.885126587,0.885126587,0.885126587,0.0,0.0,0.8,0.0,2.0,3.0,0.885126587,0.885126587,0.885126587,0.885126587,0.885126587,0.885126587,0.885126587,0.885126587,0.885126587,0.885126587,0.885126587,0.885126587,0.0,0.0,0.8,0.0,2.0,3.0,0.885126587,0.885126587,0.885126587,0.885126587,0.885126587,0.885126587,0.885126587,0.885126587,0.885126587,0.885126587,0.885126587,0.885126587,0.0,0.0,0.8,0.0,2.0,3.0,0.885231311,0.885231311,0.885231311,0.885231311,1.0,0.0,0.885231311,0.885231311,0.885231311,0.885231311,1.0,0.0,0.885231311,0.885231311,33653.0,1.0,0.0,0.885231311,0.885231311,33653.0,1.0,0.0,-0.000809017,0.0004,0.2,1.0,1.0,0.0,-0.000809017,0.0004,0.2,1.0,1.0,0.0,-0.000809017,0.0004,0.2,1.0,1.0,0.0,-0.000809017,0.0004,0.2,1.0,1.0,0.0,-0.000809017,0.0004,0.2,1.0,1.0,0.0,-0.000809017,0.0004,0.2,1.0,1.0,0.0,-0.000809017,0.0004,0.2,1.0,1.0,0.0,0.844327926,0.844327926,0.844327926,0.844327926,3.0,13.0,0.844327926,0.844327926,0.844327926,0.844327926,3.0,13.0
0,2,54,174,174,1791590400174000000,1,0.888066555,0.888066555,0.888066555,0.888066555,0.888066555,0.888066555,0.888066555,0.888066555,0.888066555,0.888066555,0.888066555,0.888066555,0.0,0.0,0.8,0.0,2.0,4.0,0.888066555,0.888066555,0.888066555,0.888066555,0.888066555,0.888066555,0.888066555,0.888066555,0.888066555,0.888066555,0.888066555,0.888066555,0.0,0.0,0.8,0.0,2.0,4.0,0.888066555,0.888066555,0.888066555,0.888066555,0.888066555,0.888066555,0.888066555,0.888066555,0.888066555,0.888066555,0.888066555,0.888066555,0.0,0.0,0.8,0.0,2.0,4.0,0.888066555,0.888066555,0.888066555,0.888066555,0.888066555,0.888066555,0.888066555,0.888066555,0.888066555,0.888066555,0.888066555,0.888066555,0.0,0.0,0.8,0.0,2.0,4.0,0.888136449,0.888136449,0.888136449,0.888136449,1.0,0.0,0.888136449,0.888136449,0.888136449,0.888136449,1.0,0.0,0.888136449,0.888136449,33656.0,1.0,0.0,0.888136449,0.888136449,33656.0,1.0,0.0,-0.000951057,0.0004,0.2,1.0,1.0,0.0,-0.000951057,0.0004,0.2,1.0,1.0,0.0,-0.000951057,0.0004,0.2,1.0,1.0,0.0,-0.000951057,0.0004,0.2,1.0,1.0,0.0,-0.000951057,0.0004,0.2,1.0,1.0,0.0,-0.000951057,0.0004,0.2,1.0,1.0,0.0,-0.000951057,0.0004,0.2,1.0,1.0,0.0,0.844327926,0.844327926,0.844327926,0.844327926,3.0,14.0,0.844327926,0.844327926,0.844327926,0.844327926,3.0,14.0
0,2,55,175,175,1791590400175000000,1,0.891006524,0.891006524,0.891006524,0.891006524,0.891006524,0.891006524,0.891006524,0.891006524,0.891006524,0.891006524,0.891006524,0.891006524,0.0,0.0,0.8,0.0,1.0,0.0,0.891006524,0.891006524,0.891006524,0.891006524,0.891006524,0.891006524,0.891006524,0.891006524,0.891006524,0.891006524,0.891006524,0.891006524,0.0,0.0,0.8,0.0,1.0,0.0,0.891006524,0.891006524,0.891006524,0.891006524,0.891006524,0.891006524,0.891006524,0.891006524,0.891006524,0.891006524,0.891006524,0.891006524,0.0,0.0,0.8,0.0,1.0,0.0,0.891006524,0.891006524,0.891006524,0.891006524,0.891006524,0.891006524,0.891006524,0.891006524,0.891006524,0.891006524,0.891006524,0.891006524,0.0,0.0,0.8,0.0,1.0,0.0,0.891006524,0.891006524,0.891006524,0.891006524,1.0,0.0,0.891006524,0.891006524,0.891006524,0.891006524,1.0,0.0,0.891006524,0.891006524,33659.0,1.0,0.0,0.891006524,0.891006524,33659.0,1.0,0.0,-0.001,0.0004,0.2,1.0,1.0,0.0,-0.001,0.0004,0.2,1.0,1.0,0.0,-0.001,0.0004,0.2,1.0,1.0,0.0,-0.001,0.0004,0.2,1.0,1.0,0.0,-0.001,0.0004,0.2,1.0,1.0,0.0,-0.001,0.0004,0.2,1.0,1.0,0.0,-0.001,0.0004,0.2,1.0,1.0,0.0,0.844327926,0.844327926,0.844327926,0.844327926,3.0,15.0,0.844327926,0.844327926,0.844327926,0.844327926,3.0,15.0
0,2,56,176,176,1791590400176000000,1,0.89377063,0.89377063,0.89377063,0.89377063,0.89377063,0.89377063,0.89377063,0.89377063,0.89377063,0.89377063,0.89377063,0.89377063,0.0,0.0,0.8,0.0,2.0,1.0,0.89377063,0.89377063,0.89377063,0.89377063,0.89377063,0.89377063,0.89377063,0.89377063,0.89377063,0.89377063,0.89377063,0.89377063,0.0,0.0,0.8,0.0,2.0,1.0,0.89377063,0.89377063,0.89377063,0.89377063,0.89377063,0.89377063,0.89377063,0.89377063,0.89377063,0.89377063,0.89377063,0.89377063,0.0,0.0,0.8,0.0,2.0,1.0,0.89377063,0.89377063,0.89377063,0.89377063,0.89377063,0.89377063,0.89377063,0.89377063,0.89377063,0.89377063,0.89377063,0.89377063,0.0,0.0,0.8,0.0,2.0,1.0,0.893841424,0.893841424,0.893841424,0.893841424,1.0,0.0,0.893841424,0.893841424,0.893841424,0.893841424,1.0,0.0,0.893841424,0.893841424,33661.0,1.0,0.0,0.893841424,0.893841424,33661.0,1.0,0.0,-0.000951057,0.0004,0.2,1.0,1.0,0.0,-0.000951057,0.0004,0.2,1.0,1.0,0.0,-0.000951057,0.0004,0.2,1.0,1.0,0.0,-0.000951057,0.0004,0.2,1.0,1.0,0.0,-0.000951057,0.0004,0.2,1.0,1.0,0.0,-0.000951057,0.0004,0.2,1.0,1.0,0.0,-0.000951057,0.0004,0.2,1.0,1.0,0.0,0.844327926,0.844327926,0.844327926,0.844327926,3.0,16.0,0.844327926,0.844327926,0.844327926,0.844327926,3.0,16.0
0,2,57,177,177,1791590400177000000,1,0.896534735,0.896534735,0.896534735,0.896534735,0.896534735,0.896534735,0.896534735,0.896534735,0.896534735,0.896534735,0.896534735,0.896534735,0.0,0.0,0.8,0.0,2.0,2.0,0.896534735,0.896534735,0.896534735,0.896534735,0.896534735,0.896534735,0.896534735,0.896534735,0.896534735,0.896534735,0.896534735,0.896534735,0.0,0.0,0.8,0.0,2.0,2.0,0.896534735,0.896534735,0.896534735,0.896534735,0.896534735,0.896534735,0.896534735,0.896534735,0.896534735,0.896534735,0.896534735,0.896534735,0.0,0.0,0.8,0.0,2.0,2.0,0.896534735,0.896534735,0.896534735,0.896534735,0.896534735,0.896534735,0.896534735,0.896534735,0.896534735,0.896534735,0.896534735,0.896534735,0.0,0.0,0.8,0.0,2.0,2.0,0.896641037,0.896641037,0.896641037,0.896641037,1.0,0.0,0.896641037,0.896641037,0.896641037,0.896641037,1.0,0.0,0.896641037,0.896641037,33664.0,1.0,0.0,0.896641037,0.896641037,33664.0,1.0,0.0,-0.000809017,0.0004,0.2,1.0,1.0,0.0,-0.000809017,0.0004,0.2,1.0,1.0,0.0,-0.000809017,0.0004,0.2,1.0,1.0,0.0,-0.000809017,0.0004,0.2,1.0,1.0,0.0,-0.000809017,0.0004,0.2,1.0,1.0,0.0,-0.000809017,0.0004,0.2,1.0,1.0,0.0,-0.000809017,0.0004,0.2,1.0,1.0,0.0,0.844327926,0.844327926,0.844327926,0.844327926,3.0,17.0,0.844327926,0.844327926,0.844327926,0.844327926,3.0,17.0
0,2,58,178,178,1791590400178000000,1,0.899298841,0.899298841,0.899298841,0.899298841,0.899298841,0.899298841,0.899298841,0.899298841,0.899298841,0.899298841,0.899298841,0.899298841,0.0,0.0,0.8,0.0,2.0,3.0,0.899298841,0.899298841,0.899298841,0.899298841,0.899298841,0.899298841,0.899298841,0.899298841,0.899298841,0.899298841,0.899298841,0.899298841,0.0,0.0,0.8,0.0,2.0,3.0,0.899298841,0.899298841,0.899298841,0.899298841,0.899298841,0.899298841,0.899298841,0.899298841,0.899298841,0.899298841,0.899298841,0.899298841,0.0,0.0,0.8,0.0,2.0,3.0,0.899298841,0.899298841,0.899298841,0.899298841,0.899298841,0.899298841,0.899298841,0.899298841,0.899298841,0.899298841,0.899298841,0.899298841,0.0,0.0,0.8,0.0,2.0,3.0,0.899405252,0.899405252,0.899405252,0.899405252,1.0,0.0,0.899405252,0.899405252,0.899405252,0.899405252,1.0,0.0,0.899405252,0.899405252,33667.0,1.0,0.0,0.899405252,0.899405252,33667.0,1.0,0.0,-0.000587785,0.0004,0.2,1.0,1.0,0.0,-0.000587785,0.0004,0.2,1.0,1.0,0.0,-0.000587785,0.0004,0.2,1.0,1.0,0.0,-0.000587785,0.0004,0.2,1.0,1.0,0.0,-0.000587785,0.0004,0.2,1.0,1.0,0.0,-0.000587785,0.0004,0.2,1.0,1.0,0.0,-0.000587785,0.0004,0.2,1.0,1.0,0.0,0.844327926,0.844327926,0.844327926,0.844327926,3.0,18.0,0.844327926,0.844327926,0.844327926,0.844327926,3.0,18.0
0,2,59,179,179,1791590400179000000,1,0.902062947,0.902062947,0.902062947,0.902062947,0.902062947,0.902062947,0.902062947,0.902062947,0.902062947,0.902062947,0.902062947,0.902062947,0.0,0.0,0.8,0.0,2.0,4.0,0.902062947,0.902062947,0.902062947,0.902062947,0.902062947,0.902062947,0.902062947,0.902062947,0.902062947,0.902062947,0.902062947,0.902062947,0.0,0.0,0.8,0.0,2.0,4.0,0.902062947,0.902062947,0.902062947,0.902062947,0.902062947,0.902062947,0.902062947,0.902062947,0.902062947,0.902062947,0.902062947,0.902062947,0.0,0.0,0.8,0.0,2.0,4.0,0.902062947,0.902062947,0.902062947,0.902062947,0.902062947,0.902062947,0.902062947,0.902062947,0.902062947,0.902062947,0.902062947,0.902062947,0.0,0.0,0.8,0.0,2.0,4.0,0.902133959,0.902133959,0.902133959,0.902133959,1.0,0.0,0.902133959,0.902133959,0.902133959,0.902133959,1.0,0.0,0.902133959,0.902133959,33670.0,1.0,0.0,0.902133959,0.902133959,33670.0,1.0,0.0,-0.000309017,0.0004,0.2,1.0,1.0,0.0,-0.000309017,0.0004,0.2,1.0,1.0,0.0,-0.000309017,0.0004,0.2,1.0,1.0,0.0,-0.000309017,0.0004,0.2,1.0,1.0,0.0,-0.000309017,0.0004,0.2,1.0,1.0,0.0,-0.000309017,0.0004,0.2,1.0,1.0,0.0,-0.000309017,0.0004,0.2,1.0,1.0,0.0,0.844327926,0.844327926,0.844327926,0.844327926,3.0,19.0,0.844327926,0.844327926,0.844327926,0.844327926,3.0,19.0
0,3,0,180,180,1791590400180000000,1,0.904827052,0.904827052,0.904827052,0.904827052,0.904827052,0.904827052,0.904827052,0.904827052,0.904827052,0.904827052,0.904827052,0.904827052,0.0,0.0,0.8,0.0,1.0,0.0,0.904827052,0.904827052,0.904827052,0.904827052,0.904827052,0.904827052,0.904827052,0.904827052,0.904827052,0.904827052,0.904827052,0.904827052,0.0,0.0,0.8,0.0,1.0,0.0,0.904827052,0.904827052,0.904827052,0.904827052,0.904827052,0.904827052,0.904827052,0.904827052,0.904827052,0.904827052,0.904827052,0.904827052,0.0,0.0,0.8,0.0,1.0,0.0,0.904827052,0.904827052,0.904827052,0.904827052,0.904827052,0.904827052,0.904827052,0.904827052,0.904827052,0.904827052,0.904827052,0.904827052,0.0,0.0,0.8,0.0,1.0,0.0,0.904827052,0.904827052,0.904827052,0.904827052,1.0,0.0,0.904827052,0.904827052,0.904827052,0.904827052,1.0,0.0,0.904827052,0.904827052,33672.0,1.0,0.0,0.904827052,0.904827052,33672.0,1.0,0.0,-0.0,0.0004,0.2,1.0,1.0,0.0,-0.0,0.0004,0.2,1.0,1.0,0.0,-0.0,0.0004,0.2,1.0,1.0,0.0,-0.0,0.0004,0.2,1.0,1.0,0.0,-0.0,0.0004,0.2,1.0,1.0,0.0,-0.0,0.0004,0.2,1.0,1.0,0.0,-0.0,0.0004,0.2,1.0,1.0,0.0,0.904827052,0.904827052,0.904827052,0.904827052,3.0,0.0,0.904827052,0.904827052,0.904827052,0.904827052,3.0,0.0
0,3,1,181,181,1791590400181000000,1,0.907412567,0.907412567,0.907412567,0.907412567,0.907412567,0.907412567,0.907412567,0.907412567,0.907412567,0.907412567,0.907412567,0.907412567,0.0,0.0,0.8,0.0,2.0,1.0,0.907412567,0.907412567,0.907412567,0.907412567,0.907412567,0.907412567,0.907412567,0.907412567,0.907412567,0.907412567,0.907412567,0.907412567,0.0,0.0,0.8,0.0,2.0,1.0,0.907412567,0.907412567,0.907412567,0.907412567,0.907412567,0.907412567,0.907412567,0.907412567,0.907412567,0.907412567,0.907412567,0.907412567,0.0,0.0,0.8,0.0,2.0,1.0,0.907412567,0.907412567,0.907412567,0.907412567,0.907412567,0.907412567,0.907412567,0.907412567,0.907412567,0.907412567,0.907412567,0.907412567,0.0,0.0,0.8,0.0,2.0,1.0,0.907484425,0.907484425,0.907484425,0.907484425,1.0,0.0,0.907484425,0.907484425,0.907484425,0.907484425,1.0,0.0,0.907484425,0.907484425,33675.0,1.0,0.0,0.907484425,0.907484425,33675.0,1.0,0.0,0.000309017,0.0004,0.2,1.0,1.0,0.0,0.000309017,0.0004,0.2,1.0,1.0,0.0,0.000309017,0.0004,0.2,1.0,1.0,0.0,0.000309017,0.0004,0.2,1.0,1.0,0.0,0.000309017,0.0004,0.2,1.0,1.0,0.0,0.000309017,0.0004,0.2,1.0,1.0,0.0,0.000309017,0.0004,0.2,1.0,1.0,0.0,0.904827052,0.904827052,0.904827052,0.904827052,3.0,1.0,0.904827052,0.904827052,0.904827052,0.904827052,3.0,1.0
0,3,2,182,182,1791590400182000000,1,0.909998082,0.909998082,0.909998082,0.909998082,0.909998082,0.909998082,0.909998082,0.909998082,0.909998082,0.909998082,0.909998082,0.909998082,0.0,0.0,0.8,0.0,2.0,2.0,0.909998082,0.909998082,0.909998082,0.909998082,0.909998082,0.909998082,0.909998082,0.909998082,0.909998082,0.909998082,0.909998082,0.909998082,0.0,0.0,0.8,0.0,2.0,2.0,0.909998082,0.909998082,0.909998082,0.909998082,0.909998082,0.909998082,0.909998082,0.909998082,0.909998082,0.909998082,0.909998082,0.909998082,0.0,0.0,0.8,0.0,2.0,2.0,0.909998082,0.909998082,0.909998082,0.909998082,0.909998082,0.909998082,0.909998082,0.909998082,0.909998082,0.909998082,0.909998082,0.909998082,0.0,0.0,0.8,0.0,2.0,2.0,0.910105971,0.910105971,0.910105971,0.910105971,1.0,0.0,0.910105971,0.910105971,0.910105971,0.910105971,1.0,0.0,0.910105971,0.910105971,33678.0,1.0,0.0,0.910105971,0.910105971,33678.0,1.0,0.0,0.000587785,0.0004,0.2,1.0,1.0,0.0,0.000587785,0.0004,0.2,1.0,1.0,0.0,0.000587785,0.0004,0.2,1.0,1.0,0.0,0.000587785,0.0004,0.2,1.0,1.0,0.0,0.000587785,0.0004,0.2,1.0,1.0,0.0,0.000587785,0.0004,0.2,1.0,1.0,0.0,0.000587785,0.0004,0.2,1.0,1.0,0.0,0.904827052,0.904827052,0.904827052,0.904827052,3.0,2.0,0.904827052,0.904827052,0.904827052,0.904827052,3.0,2.0
0,3,3,183,183,1791590400183000000,1,0.912583596,0.912583596,0.912583596,0.912583596,0.912583596,0.912583596,0.912583596,0.912583596,0.912583596,0.912583596,0.912583596,0.912583596,0.0,0.0,0.8,0.0,2.0,3.0,0.912583596,0.912583596,0.912583596,0.912583596,0.912583596,0.912583596,0.912583596,0.912583596,0.912583596,0.912583596,0.912583596,0.912583596,0.0,0.0,0.8,0.0,2.0,3.0,0.912583596,0.912583596,0.912583596,0.912583596,0.912583596,0.912583596,0.912583596,0.912583596,0.912583596,0.912583596,0.912583596,0.912583596,0.0,0.0,0.8,0.0,2.0,3.0,0.912583596,0.912583596,0.912583596,0.912583596,0.912583596,0.912583596,0.912583596,0.912583596,0.912583596,0.912583596,0.912583596,0.912583596,0.0,0.0,0.8,0.0,2.0,3.0,0.912691587,0.912691587,0.912691587,0.912691587,1.0,0.0,0.912691587,0.912691587,0.912691587,0.912691587,1.0,0.0,0.912691587,0.912691587,33680.0,1.0,0.0,0.912691587,0.912691587,33680.0,1.0,0.0,0.000809017,0.0004,0.2,1.0,1.0,0.0,0.000809017,0.0004,0.2,1.0,1.0,0.0,0.000809017,0.0004,0.2,1.0,1.0,0.0,0.000809017,0.0004,0.2,1.0,1.0,0.0,0.000809017,0.0004,0.2,1.0,1.0,0.0,0.000809017,0.0004,0.2,1.0,1.0,0.0,0.000809017,0.0004,0.2,1.0,1.0,0.0,0.904827052,0.904827052,0.904827052,0.904827052,3.0,3.0,0.904827052,0.904827052,0.904827052,0.904827052,3.0,3.0
0,3,4,184,184,1791590400184000000,1,0.915169111,0.915169111,0.915169111,0.915169111,0.915169111,0.915169111,0.915169111,0.915169111,0.915169111,0.915169111,0.915169111,0.915169111,0.0,0.0,0.8,0.0,2.0,4.0,0.915169111,0.915169111,0.915169111,0.915169111,0.915169111,0.915169111,0.915169111,0.915169111,0.915169111,0.915169111,0.915169111,0.915169111,0.0,0.0,0.8,0.0,2.0,4.0,0.915169111,0.915169111,0.915169111,0.915169111,0.915169111,0.915169111,0.915169111,0.915169111,0.915169111,0.915169111,0.915169111,0.915169111,0.0,0.0,0.8,0.0,2.0,4.0,0.915169111,0.915169111,0.915169111,0.915169111,0.915169111,0.915169111,0.915169111,0.915169111,0.915169111,0.915169111,0.915169111,0.915169111,0.0,0.0,0.8,0.0,2.0,4.0,0.915241173,0.915241173,0.915241173,0.915241173,1.0,0.0,0.915241173,0.915241173,0.915241173,0.915241173,1.0,0.0,0.915241173,0.915241173,33683.0,1.0,0.0,0.915241173,0.915241173,33683.0,1.0,0.0,0.000951057,0.0004,0.2,1.0,1.0,0.0,0.000951057,0.0004,0.2,1.0,1.0,0.0,0.000951057,0.0004,0.2,1.0,1.0,0.0,0.000951057,0.0004,0.2,1.0,1.0,0.0,0.000951057,0.0004,0.2,1.0,1.0,0.0,0.000951057,0.0004,0.2,1.0,1.0,0.0,0.000951057,0.0004,0.2,1.0,1.0,0.0,0.904827052,0.904827052,0.904827052,0.904827052,3.0,4.0,0.904827052,0.904827052,0.904827052,0.904827052,3.0,4.0
0,3,5,185,185,1791590400185000000,1,0.917754626,0.917754626,0.917754626,0.917754626,0.917754626,0.917754626,0.917754626,0.917754626,0.917754626,0.917754626,0.917754626,0.917754626,0.0,0.0,0.8,0.0,1.0,0.0,0.917754626,0.917754626,0.917754626,0.917754626,0.917754626,0.917754626,0.917754626,0.917754626,0.917754626,0.917754626,0.917754626,0.917754626,0.0,0.0,0.8,0.0,1.0,0.0,0.917754626,0.917754626,0.917754626,0.917754626,0.917754626,0.917754626,0.917754626,0.917754626,0.917754626,0.917754626,0.917754626,0.917754626,0.0,0.0,0.8,0.0,1.0,0.0,0.917754626,0.917754626,0.917754626,0.917754626,0.917754626,0.917754626,0.917754626,0.917754626,0.917754626,0.917754626,0.917754626,0.917754626,0.0,0.0,0.8,0.0,1.0,0.0,0.917754626,0.917754626,0.917754626,0.917754626,1.0,0.0,0.917754626,0.917754626,0.917754626,0.917754626,1.0,0.0,0.917754626,0.917754626,33685.0,1.0,0.0,0.917754626,0.917754626,33685.0,1.0,0.0,0.001,0.0004,0.2,1.0,1.0,0.0,0.001,0.0004,0.2,1.0,1.0,0.0,0.001,0.0004,0.2,1.0,1.0,0.0,0.001,0.0004,0.2,1.0,1.0,0.0,0.001,0.0004,0.2,1.0,1.0,0.0,0.001,0.0004,0.2,1.0,1.0,0.0,0.001,0.0004,0.2,1.0,1.0,0.0,0.904827052,0.904827052,0.904827052,0.904827052,3.0,5.0,0.904827052,0.904827052,0.904827052,0.904827052,3.0,5.0
0,3,6,186,186,1791590400186000000,1,0.920158998,0.920158998,0.920158998,0.920158998,0.920158998,0.920158998,0.920158998,0.920158998,0.920158998,0.920158998,0.920158998,0.920158998,0.0,0.0,0.8,0.0,2.0,1.0,0.920158998,0.920158998,0.920158998,0.920158998,0.920158998,0.920158998,0.920158998,0.920158998,0.920158998,0.920158998,0.920158998,0.920158998,0.0,0.0,0.8,0.0,2.0,1.0,0.920158998,0.920158998,0.920158998,0.920158998,0.920158998,0.920158998,0.920158998,0.920158998,0.920158998,0.920158998,0.920158998,0.920158998,0.0,0.0,0.8,0.0,2.0,1.0,0.920158998,0.920158998,0.920158998,0.920158998,0.920158998,0.920158998,0.920158998,0.920158998,0.920158998,0.920158998,0.920158998,0.920158998,0.0,0.0,0.8,0.0,2.0,1.0,0.920231847,0.920231847,0.920231847,0.920231847,1.0,0.0,0.920231847,0.920231847,0.920231847,0.920231847,1.0,0.0,0.920231847,0.920231847,33688.0,1.0,0.0,0.920231847,0.920231847,33688.0,1.0,0.0,0.000951057,0.0004,0.2,1.0,1.0,0.0,0.000951057,0.0004,0.2,1.0,1.0,0.0,0.000951057,0.0004,0.2,1.0,1.0,0.0,0.000951057,0.0004,0.2,1.0,1.0,0.0,0.000951057,0.0004,0.2,1.0,1.0,0.0,0.000951057,0.0004,0.2,1.0,1.0,0.0,0.000951057,0.0004,0.2,1.0,1.0,0.0,0.904827052,0.904827052,0.904827052,0.904827052,3.0,6.0,0.904827052,0.904827052,0.904827052,0.904827052,3.0,6.0
0,3,7,187,187,1791590400187000000,1,0.92256337,0.92256337,0.92256337,0.92256337,0.92256337,0.92256337,0.92256337,0.92256337,0.92256337,0.92256337,0.92256337,0.92256337,0.0,0.0,0.8,0.0,2.0,2.0,0.92256337,0.92256337,0.92256337,0.92256337,0.92256337,0.92256337,0.92256337,0.92256337,0.92256337,0.92256337,0.92256337,0.92256337,0.0,0.0,0.8,0.0,2.0,2.0,0.92256337,0.92256337,0.92256337,0.92256337,0.92256337,0.92256337,0.92256337,0.92256337,0.92256337,0.92256337,0.92256337,0.92256337,0.0,0.0,0.8,0.0,2.0,2.0,0.92256337,0.92256337,0.92256337,0.92256337,0.92256337,0.92256337,0.92256337,0.92256337,0.92256337,0.92256337,0.92256337,0.92256337,0.0,0.0,0.8,0.0,2.0,2.0,0.92267274,0.92267274,0.92267274,0.92267274,1.0,0.0,0.92267274,0.92267274,0.92267274,0.92267274,1.0,0.0,0.92267274,0.92267274,33690.0,1.0,0.0,0.92267274,0.92267274,33690.0,1.0,0.0,0.000809017,0.0004,0.2,1.0,1.0,0.0,0.000809017,0.0004,0.2,1.0,1.0,0.0,0.000809017,0.0004,0.2,1.0,1.0,0.0,0.000809017,0.0004,0.2,1.0,1.0,0.0,0.000809017,0.0004,0.2,1.0,1.0,0.0,0.000809017,0.0004,0.2,1.0,1.0,0.0,0.000809017,0.0004,0.2,1.0,1.0,0.0,0.904827052,0.904827052,0.904827052,0.904827052,3.0,7.0,0.904827052,0.904827052,0.904827052,0.904827052,3.0,7.0
0,3,8,188,188,1791590400188000000,1,0.924967742,0.924967742,0.924967742,0.924967742,0.924967742,0.924967742,0.924967742,0.924967742,0.924967742,0.924967742,0.924967742,0.924967742,0.0,0.0,0.8,0.0,2.0,3.0,0.924967742,0.924967742,0.924967742,0.924967742,0.924967742,0.924967742,0.924967742,0.924967742,0.924967742,0.924967742,0.924967742,0.924967742,0.0,0.0,0.8,0.0,2.0,3.0,0.924967742,0.924967742,0.924967742,0.924967742,0.924967742,0.924967742,0.924967742,0.924967742,0.924967742,0.924967742,0.924967742,0.924967742,0.0,0.0,0.8,0.0,2.0,3.0,0.924967742,0.924967742,0.924967742,0.924967742,0.924967742,0.924967742,0.924967742,0.924967742,0.924967742,0.924967742,0.924967742,0.924967742,0.0,0.0,0.8,0.0,2.0,3.0,0.925077207,0.925077207,0.925077207,0.925077207,1.0,0.0,0.925077207,0.925077207,0.925077207,0.925077207,1.0,0.0,0.925077207,0.925077207,33693.0,1.0,0.0,0.925077207,0.925077207,33693.0,1.0,0.0,0.000587785,0.0004,0.2,1.0,1.0,0.0,0.000587785,0.0004,0.2,1.0,1.0,0.0,0.000587785,0.0004,0.2,1.0,1.0,0.0,0.000587785,0.0004,0.2,1.0,1.0,0.0,0.000587785,0.0004,0.2,1.0,1.0,0.0,0.000587785,0.0004,0.2,1.0,1.0,0.0,0.000587785,0.0004,0.2,1.0,1.0,0.0,0.904827052,0.904827052,0.904827052,0.904827052,3.0,8.0,0.904827052,0.904827052,0.904827052,0.904827052,3.0,8.0
0,3,9,189,189,1791590400189000000,1,0.927372114,0.927372114,0.927372114,0.927372114,0.927372114,0.927372114,0.927372114,0.927372114,0.927372114,0.927372114,0.927372114,0.927372114,0.0,0.0,0.8,0.0,2.0,4.0,0.927372114,0.927372114,0.927372114,0.927372114,0.927372114,0.927372114,0.927372114,0.927372114,0.927372114,0.927372114,0.927372114,0.927372114,0.0,0.0,0.8,0.0,2.0,4.0,0.927372114,0.927372114,0.927372114,0.927372114,0.927372114,0.927372114,0.927372114,0.927372114,0.927372114,0.927372114,0.927372114,0.927372114,0.0,0.0,0.8,0.0,2.0,4.0,0.927372114,0.927372114,0.927372114,0.927372114,0.927372114,0.927372114,0.927372114,0.927372114,0.927372114,0.927372114,0.927372114,0.927372114,0.0,0.0,0.8,0.0,2.0,4.0,0.927445153,0.927445153,0.927445153,0.927445153,1.0,0.0,0.927445153,0.927445153,0.927445153,0.927445153,1.0,0.0,0.927445153,0.927445153,33695.0,1.0,0.0,0.927445153,0.927445153,33695.0,1.0,0.0,0.000309017,0.0004,0.2,1.0,1.0,0.0,0.000309017,0.0004,0.2,1.0,1.0,0.0,0.000309017,0.0004,0.2,1.0,1.0,0.0,0.000309017,0.0004,0.2,1.0,1.0,0.0,0.000309017,0.0004,0.2,1.0,1.0,0.0,0.000309017,0.0004,0.2,1.0,1.0,0.0,0.000309017,0.0004,0.2,1.0,1.0,0.0,0.904827052,0.904827052,0.904827052,0.904827052,3.0,9.0,0.904827052,0.904827052,0.904827052,0.904827052,3.0,9.0
0,3,10,190,190,1791590400190000000,1,0.929776486,0.929776486,0.929776486,0.929776486,0.929776486,0.929776486,0.929776486,0.929776486,0.929776486,0.929776486,0.929776486,0.929776486,0.0,0.0,0.8,0.0,1.0,0.0,0.929776486,0.929776486,0.929776486,0.929776486,0.929776486,0.929776486,0.929776486,0.929776486,0.929776486,0.929776486,0.929776486,0.929776486,0.0,0.0,0.8,0.0,1.0,0.0,0.929776486,0.929776486,0.929776486,0.929776486,0.929776486,0.929776486,0.929776486,0.929776486,0.929776486,0.929776486,0.929776486,0.929776486,0.0,0.0,0.8,0.0,1.0,0.0,0.929776486,0.929776486,0.929776486,0.929776486,0.929776486,0.929776486,0.929776486,0.929776486,0.929776486,0.929776486,0.929776486,0.929776486,0.0,0.0,0.8,0.0,1.0,0.0,0.929776486,0.929776486,0.929776486,0.929776486,1.0,0.0,0.929776486,0.929776486,0.929776486,0.929776486,1.0,0.0,0.929776486,0.929776486,33697.0,1.0,0.0,0.929776486,0.929776486,33697.0,1.0,0.0,0.0,0.0004,0.2,1.0,1.0,0.0,0.0,0.0004,0.2,1.0,1.0,0.0,0.0,0.0004,0.2,1.0,1.0,0.0,0.0,0.0004,0.2,1.0,1.0,0.0,0.0,0.0004,0.2,1.0,1.0,0.0,0.0,0.0004,0.2,1.0,1.0,0.0,0.0,0.0004,0.2,1.0,1.0,0.0,0.904827052,0.904827052,0.904827052,0.904827052,3.0,10.0,0.904827052,0.904827052,0.904827052,0.904827052,3.0,10.0
0,3,11,191,191,1791590400191000000,1,0.931997343,0.931997343,0.931997343,0.931997343,0.931997343,0.931997343,0.931997343,0.931997343,0.931997343,0.931997343,0.931997343,0.931997343,0.0,0.0,0.8,0.0,2.0,1.0,0.931997343,0.931997343,0.931997343,0.931997343,0.931997343,0.931997343,0.931997343,0.931997343,0.931997343,0.931997343,0.931997343,0.931997343,0.0,0.0,0.8,0.0,2.0,1.0,0.931997343,0.931997343,0.931997343,0.931997343,0.931997343,0.931997343,0.931997343,0.931997343,0.931997343,0.931997343,0.931997343,0.931997343,0.0,0.0,0.8,0.0,2.0,1.0,0.931997343,0.931997343,0.931997343,0.931997343,0.931997343,0.931997343,0.931997343,0.931997343,0.931997343,0.931997343,0.931997343,0.931997343,0.0,0.0,0.8,0.0,2.0,1.0,0.932071112,0.932071112,0.932071112,0.932071112,1.0,0.0,0.932071112,0.932071112,0.932071112,0.932071112,1.0,0.0,0.932071112,0.932071112,33700.0,1.0,0.0,0.932071112,0.932071112,33700.0,1.0,0.0,-0.000309017,0.0004,0.2,1.0,1.0,0.0,-0.000309017,0.0004,0.2,1.0,1.0,0.0,-0.000309017,0.0004,0.2,1.0,1.0,0.0,-0.000309017,0.0004,0.2,1.0,1.0,0.0,-0.000309017,0.0004,0.2,1.0,1.0,0.0,-0.000309017,0.0004,0.2,1.0,1.0,0.0,-0.000309017,0.0004,0.2,1.0,1.0,0.0,0.904827052,0.904827052,0.904827052,0.904827052,3.0,11.0,0.904827052,0.904827052,0.904827052,0.904827052,3.0,11.0
0,3,12,192,192,1791590400192000000,1,0.934218199,0.934218199,0.934218199,0.934218199,0.934218199,0.934218199,0.934218199,0.934218199,0.934218199,0.934218199,0.934218199,0.934218199,0.0,0.0,0.8,0.0,2.0,2.0,0.934218199,0.934218199,0.934218199,0.934218199,0.934218199,0.934218199,0.934218199,0.934218199,0.934218199,0.934218199,0.934218199,0.934218199,0.0,0.0,0.8,0.0,2.0,2.0,0.934218199,0.934218199,0.934218199,0.934218199,0.934218199,0.934218199,0.934218199,0.934218199,0.934218199,0.934218199,0.934218199,0.934218199,0.0,0.0,0.8,0.0,2.0,2.0,0.934218199,0.934218199,0.934218199,0.934218199,0.934218199,0.934218199,0.934218199,0.934218199,0.934218199,0.934218199,0.934218199,0.934218199,0.0,0.0,0.8,0.0,2.0,2.0,0.934328942,0.934328942,0.934328942,0.934328942,1.0,0.0,0.934328942,0.934328942,0.934328942,0.934328942,1.0,0.0,0.934328942,0.934328942,33702.0,1.0,0.0,0.934328942,0.934328942,33702.0,1.0,0.0,-0.000587785,0.0004,0.2,1.0,1.0,0.0,-0.000587785,0.0004,0.2,1.0,1.0,0.0,-0.000587785,0.0004,0.2,1.0,1.0,0.0,-0.000587785,0.0004,0.2,1.0,1.0,0.0,-0.000587785,0.0004,0.2,1.0,1.0,0.0,-0.000587785,0.0004,0.2,1.0,1.0,0.0,-0.000587785,0.0004,0.2,1.0,1.0,0.0,0.904827052,0.904827052,0.904827052,0.904827052,3.0,12.0,0.904827052,0.904827052,0.904827052,0.904827052,3.0,12.0
0,3,13,193,193,1791590400193000000,1,0.936439056,0.936439056,0.936439056,0.936439056,0.936439056,0.936439056,0.936439056,0.936439056,0.936439056,0.936439056,0.936439056,0.936439056,0.0,0.0,0.8,0.0,2.0,3.0,0.936439056,0.936439056,0.936439056,0.936439056,0.936439056,0.936439056,0.936439056,0.936439056,0.936439056,0.936439056,0.936439056,0.936439056,0.0,0.0,0.8,0.0,2.0,3.0,0.936439056,0.936439056,0.936439056,0.936439056,0.936439056,0.936439056,0.936439056,0.936439056,0.936439056,0.936439056,0.936439056,0.936439056,0.0,0.0,0.8,0.0,2.0,3.0,0.936439056,0.936439056,0.936439056,0.936439056,0.936439056,0.936439056,0.936439056,0.936439056,0.936439056,0.936439056,0.936439056,0.936439056,0.0,0.0,0.8,0.0,2.0,3.0,0.936549887,0.936549887,0.936549887,0.936549887,1.0,0.0,0.936549887,0.936549887,0.936549887,0.936549887,1.0,0.0,0.936549887,0.936549887,33704.0,1.0,0.0,0.936549887,0.936549887,33704.0,1.0,0.0,-0.000809017,0.0004,0.2,1.0,1.0,0.0,-0.000809017,0.0004,0.2,1.0,1.0,0.0,-0.000809017,0.0004,0.2,1.0,1.0,0.0,-0.000809017,0.0004,0.2,1.0,1.0,0.0,-0.000809017,0.0004,0.2,1.0,1.0,0.0,-0.000809017,0.0004,0.2,1.0,1.0,0.0,-0.000809017,0.0004,0.2,1.0,1.0,0.0,0.904827052,0.904827052,0.904827052,0.904827052,3.0,13.0,0.904827052,0.904827052,0.904827052,0.904827052,3.0,13.0
0,3,14,194,194,1791590400194000000,1,0.938659912,0.938659912,0.938659912,0.938659912,0.938659912,0.938659912,0.938659912,0.938659912,0.938659912,0.938659912,0.938659912,0.938659912,0.0,0.0,0.8,0.0,2.0,4.0,0.938659912,0.938659912,0.938659912,0.938659912,0.938659912,0.938659912,0.938659912,0.938659912,0.938659912,0.938659912,0.938659912,0.938659912,0.0,0.0,0.8,0.0,2.0,4.0,0.938659912,0.938659912,0.938659912,0.938659912,0.938659912,0.938659912,0.938659912,0.938659912,0.938659912,0.938659912,0.938659912,0.938659912,0.0,0.0,0.8,0.0,2.0,4.0,0.938659912,0.938659912,0.938659912,0.938659912,0.938659912,0.938659912,0.938659912,0.938659912,0.938659912,0.938659912,0.938659912,0.938659912,0.0,0.0,0.8,0.0,2.0,4.0,0.938733858,0.938733858,0.938733858,0.938733858,1.0,0.0,0.938733858,0.938733858,0.938733858,0.938733858,1.0,0.0,0.938733858,0.938733858,33706.0,1.0,0.0,0.938733858,0.938733858,33706.0,1.0,0.0,-0.000951057,0.0004,0.2,1.0,1.0,0.0,-0.000951057,0.0004,0.2,1.0,1.0,0.0,-0.000951057,0.0004,0.2,1.0,1.0,0.0,-0.000951057,0.0004,0.2,1.0,1.0,0.0,-0.000951057,0.0004,0.2,1.0,1.0,0.0,-0.000951057,0.0004,0.2,1.0,1.0,0.0,-0.000951057,0.0004,0.2,1.0,1.0,0.0,0.904827052,0.904827052,0.904827052,0.904827052,3.0,14.0,0.904827052,0.904827052,0.904827052,0.904827052,3.0,14.0
0,3,15,195,195,1791590400195000000,1,0.940880769,0.940880769,0.940880769,0.940880769,0.940880769,0.940880769,0.940880769,0.940880769,0.940880769,0.940880769,0.940880769,0.940880769,0.0,0.0,0.8,0.0,1.0,0.0,0.940880769,0.940880769,0.940880769,0.940880769,0.940880769,0.940880769,0.940880769,0.940880769,0.940880769,0.940880769,0.940880769,0.940880769,0.0,0.0,0.8,0.0,1.0,0.0,0.940880769,0.940880769,0.940880769,0.940880769,0.940880769,0.940880769,0.940880769,0.940880769,0.940880769,0.940880769,0.940880769,0.940880769,0.0,0.0,0.8,0.0,1.0,0.0,0.940880769,0.940880769,0.940880769,0.940880769,0.940880769,0.940880769,0.940880769,0.940880769,0.940880769,0.940880769,0.940880769,0.940880769,0.0,0.0,0.8,0.0,1.0,0.0,0.940880769,0.940880769,0.940880769,0.940880769,1.0,0.0,0.940880769,0.940880769,0.940880769,0.940880769,1.0,0.0,0.940880769,0.940880769,33708.0,1.0,0.0,0.940880769,0.940880769,33708.0,1.0,0.0,-0.001,0.0004,0.2,1.0,1.0,0.0,-0.001,0.0004,0.2,1.0,1.0,0.0,-0.001,0.0004,0.2,1.0,1.0,0.0,-0.001,0.0004,0.2,1.0,1.0,0.0,-0.001,0.0004,0.2,1.0,1.0,0.0,-0.001,0.0004,0.2,1.0,1.0,0.0,-0.001,0.0004,0.2,1.0,1.0,0.0,0.904827052,0.904827052,0.904827052,0.904827052,3.0,15.0,0.904827052,0.904827052,0.904827052,0.904827052,3.0,15.0
0,3,16,196,196,1791590400196000000,1,0.942915918,0.942915918,0.942915918,0.942915918,0.942915918,0.942915918,0.942915918,0.942915918,0.942915918,0.942915918,0.942915918,0.942915918,0.0,0.0,0.8,0.0,2.0,1.0,0.942915918,0.942915918,0.942915918,0.942915918,0.942915918,0.942915918,0.942915918,0.942915918,0.942915918,0.942915918,0.942915918,0.942915918,0.0,0.0,0.8,0.0,2.0,1.0,0.942915918,0.942915918,0.942915918,0.942915918,0.942915918,0.942915918,0.942915918,0.942915918,0.942915918,0.942915918,0.942915918,0.942915918,0.0,0.0,0.8,0.0,2.0,1.0,0.942915918,0.942915918,0.942915918,0.942915918,0.942915918,0.942915918,0.942915918,0.942915918,0.942915918,0.942915918,0.942915918,0.942915918,0.0,0.0,0.8,0.0,2.0,1.0,0.942990536,0.942990536,0.942990536,0.942990536,1.0,0.0,0.942990536,0.942990536,0.942990536,0.942990536,1.0,0.0,0.942990536,0.942990536,33710.0,1.0,0.0,0.942990536,0.942990536,33710.0,1.0,0.0,-0.000951057,0.0004,0.2,1.0,1.0,0.0,-0.000951057,0.0004,0.2,1.0,1.0,0.0,-0.000951057,0.0004,0.2,1.0,1.0,0.0,-0.000951057,0.0004,0.2,1.0,1.0,0.0,-0.000951057,0.0004,0.2,1.0,1.0,0.0,-0.000951057,0.0004,0.2,1.0,1.0,0.0,-0.000951057,0.0004,0.2,1.0,1.0,0.0,0.904827052,0.904827052,0.904827052,0.904827052,3.0,16.0,0.904827052,0.904827052,0.904827052,0.904827052,3.0,16.0
0,3,17,197,197,1791590400197000000,1,0.944951068,0.944951068,0.944951068,0.944951068,0.944951068,0.944951068,0.944951068,0.944951068,0.944951068,0.944951068,0.944951068,0.944951068,0.0,0.0,0.8,0.0,2.0,2.0,0.944951068,0.944951068,0.944951068,0.944951068,0.944951068,0.944951068,0.944951068,0.944951068,0.944951068,0.944951068,0.944951068,0.944951068,0.0,0.0,0.8,0.0,2.0,2.0,0.944951068,0.944951068,0.944951068,0.944951068,0.944951068,0.944951068,0.944951068,0.944951068,0.944951068,0.944951068,0.944951068,0.944951068,0.0,0.0,0.8,0.0,2.0,2.0,0.944951068,0.944951068,0.944951068,0.944951068,0.944951068,0.944951068,0.944951068,0.944951068,0.944951068,0.944951068,0.944951068,0.944951068,0.0,0.0,0.8,0.0,2.0,2.0,0.945063075,0.945063075,0.945063075,0.945063075,1.0,0.0,0.945063075,0.945063075,0.945063075,0.945063075,1.0,0.0,0.945063075,0.945063075,33713.0,1.0,0.0,0.945063075,0.945063075,33713.0,1.0,0.0,-0.000809017,0.0004,0.2,1.0,1.0,0.0,-0.000809017,0.0004,0.2,1.0,1.0,0.0,-0.000809017,0.0004,0.2,1.0,1.0,0.0,-0.000809017,0.0004,0.2,1.0,1.0,0.0,-0.000809017,0.0004,0.2,1.0,1.0,0.0,-0.000809017,0.0004,0.2,1.0,1.0,0.0,-0.000809017,0.0004,0.2,1.0,1.0,0.0,0.904827052,0.904827052,0.904827052,0.904827052,3.0,17.0,0.904827052,0.904827052,0.904827052,0.904827052,3.0,17.0
0,3,18,198,198,1791590400198000000,1,0.946986217,0.946986217,0.946986217,0.946986217,0.946986217,0.946986217,0.946986217,0.946986217,0.946986217,0.946986217,0.946986217,0.946986217,0.0,0.0,0.8,0.0,2.0,3.0,0.946986217,0.946986217,0.946986217,0.946986217,0.946986217,0.946986217,0.946986217,0.946986217,0.946986217,0.946986217,0.946986217,0.946986217,0.0,0.0,0.8,0.0,2.0,3.0,0.946986217,0.946986217,0.946986217,0.946986217,0.946986217,0.946986217,0.946986217,0.946986217,0.946986217,0.946986217,0.946986217,0.946986217,0.0,0.0,0.8,0.0,2.0,3.0,0.946986217,0.946986217,0.946986217,0.946986217,0.946986217,0.946986217,0.946986217,0.946986217,0.946986217,0.946986217,0.946986217,0.946986217,0.0,0.0,0.8,0.0,2.0,3.0,0.947098305,0.947098305,0.947098305,0.947098305,1.0,0.0,0.947098305,0.947098305,0.947098305,0.947098305,1.0,0.0,0.947098305,0.947098305,33715.0,1.0,0.0,0.947098305,0.947098305,33715.0,1.0,0.0,-0.000587785,0.0004,0.2,1.0,1.0,0.0,-0.000587785,0.0004,0.2,1.0,1.0,0.0,-0.000587785,0.0004,0.2,1.0,1.0,0.0,-0.000587785,0.0004,0.2,1.0,1.0,0.0,-0.000587785,0.0004,0.2,1.0,1.0,0.0,-0.000587785,0.0004,0.2,1.0,1.0,0.0,-0.000587785,0.0004,0.2,1.0,1.0,0.0,0.904827052,0.904827052,0.904827052,0.904827052,3.0,18.0,0.904827052,0.904827052,0.904827052,0.904827052,3.0,18.0
0,3,19,199,199,1791590400199000000,1,0.949021367,0.949021367,0.949021367,0.949021367,0.949021367,0.949021367,0.949021367,0.949021367,0.949021367,0.949021367,0.949021367,0.949021367,0.0,0.0,0.8,0.0,2.0,4.0,0.949021367,0.949021367,0.949021367,0.949021367,0.949021367,0.949021367,0.949021367,0.949021367,0.949021367,0.949021367,0.949021367,0.949021367,0.0,0.0,0.8,0.0,2.0,4.0,0.949021367,0.949021367,0.949021367,0.949021367,0.949021367,0.949021367,0.949021367,0.949021367,0.949021367,0.949021367,0.949021367,0.949021367,0.0,0.0,0.8,0.0,2.0,4.0,0.949021367,0.949021367,0.949021367,0.949021367,0.949021367,0.949021367,0.949021367,0.949021367,0.949021367,0.949021367,0.949021367,0.949021367,0.0,0.0,0.8,0.0,2.0,4.0,0.949096145,0.949096145,0.949096145,0.949096145,1.0,0.0,0.949096145,0.949096145,0.949096145,0.949096145,1.0,0.0,0.949096145,0.949096145,33717.0,1.0,0.0,0.949096145,0.949096145,33717.0,1.0,0.0,-0.000309017,0.0004,0.2,1.0,1.0,0.0,-0.000309017,0.0004,0.2,1.0,1.0,0.0,-0.000309017,0.0004,0.2,1.0,1.0,0.0,-0.000309017,0.0004,0.2,1.0,1.0,0.0,-0.000309017,0.0004,0.2,1.0,1.0,0.0,-0.000309017,0.0004,0.2,1.0,1.0,0.0,-0.000309017,0.0004,0.2,1.0,1.0,0.0,0.904827052,0.904827052,0.904827052,0.904827052,3.0,19.0,0.904827052,0.904827052,0.904827052,0.904827052,3.0,19.0
0,3,20,200,200,1791590400200000000,1,0.951056516,0.951056516,0.951056516,0.951056516,0.951056516,0.951056516,0.951056516,0.951056516,0.951056516,0.951056516,0.951056516,0.951056516,0.0,0.0,0.8,0.0,1.0,0.0,0.951056516,0.951056516,0.951056516,0.951056516,0.951056516,0.951056516,0.951056516,0.951056516,0.951056516,0.951056516,0.951056516,0.951056516,0.0,0.0,0.8,0.0,1.0,0.0,0.951056516,0.951056516,0.951056516,0.951056516,0.951056516,0.951056516,0.951056516,0.951056516,0.951056516,0.951056516,0.951056516,0.951056516,0.0,0.0,0.8,0.0,1.0,0.0,0.951056516,0.951056516,0.951056516,0.951056516,0.951056516,0.951056516,0.951056516,0.951056516,0.951056516,0.951056516,0.951056516,0.951056516,0.0,0.0,0.8,0.0,1.0,0.0,0.951056516,0.951056516,0.951056516,0.951056516,1.0,0.0,0.951056516,0.951056516,0.951056516,0.951056516,1.0,0.0,0.951056516,0.951056516,33719.0,1.0,0.0,0.951056516,0.951056516,33719.0,1.0,0.0,-0.0,0.0004,0.2,1.0,1.0,0.0,-0.0,0.0004,0.2,1.0,1.0,0.0,-0.0,0.0004,0.2,1.0,1.0,0.0,-0.0,0.0004,0.2,1.0,1.0,0.0,-0.0,0.0004,0.2,1.0,1.0,0.0,-0.0,0.0004,0.2,1.0,1.0,0.0,-0.0,0.0004,0.2,1.0,1.0,0.0,0.951056516,0.951056516,0.951056516,0.951056516,3.0,0.0,0.951056516,0.951056516,0.951056516,0.951056516,3.0,0.0
0,3,21,201,201,1791590400201000000,1,0.95290395,0.95290395,0.95290395,0.95290395,0.95290395,0.95290395,0.95290395,0.95290395,0.95290395,0.95290395,0.95290395,0.95290395,0.0,0.0,0.8,0.0,2.0,1.0,0.95290395,0.95290395,0.95290395,0.95290395,0.95290395,0.95290395,0.95290395,0.95290395,0.95290395,0.95290395,0.95290395,0.95290395,0.0,0.0,0.8,0.0,2.0,1.0,0.95290395,0.95290395,0.95290395,0.95290395,0.95290395,0.95290395,0.95290395,0.95290395,0.95290395,0.95290395,0.95290395,0.95290395,0.0,0.0,0.8,0.0,2.0,1.0,0.95290395,0.95290395,0.95290395,0.95290395,0.95290395,0.95290395,0.95290395,0.95290395,0.95290395,0.95290395,0.95290395,0.95290395,0.0,0.0,0.8,0.0,2.0,1.0,0.952979342,0.952979342,0.952979342,0.952979342,1.0,0.0,0.952979342,0.952979342,0.952979342,0.952979342,1.0,0.0,0.952979342,0.952979342,33720.0,1.0,0.0,0.952979342,0.952979342,33720.0,1.0,0.0,0.000309017,0.0004,0.2,1.0,1.0,0.0,0.000309017,0.0004,0.2,1.0,1.0,0.0,0.000309017,0.0004,0.2,1.0,1.0,0.0,0.000309017,0.0004,0.2,1.0,1.0,0.0,0.000309017,0.0004,0.2,1.0,1.0,0.0,0.000309017,0.0004,0.2,1.0,1.0,0.0,0.000309017,0.0004,0.2,1.0,1.0,0.0,0.951056516,0.951056516,0.951056516,0.951056516,3.0,1.0,0.951056516,0.951056516,0.951056516,0.951056516,3.0,1.0
0,3,22,202,202,1791590400202000000,1,0.954751384,0.954751384,0.954751384,0.954751384,0.954751384,0.954751384,0.954751384,0.954751384,0.954751384,0.954751384,0.954751384,0.954751384,0.0,0.0,0.8,0.0,2.0,2.0,0.954751384,0.954751384,0.954751384,0.954751384,0.954751384,0.954751384,0.954751384,0.954751384,0.954751384,0.954751384,0.954751384,0.954751384,0.0,0.0,0.8,0.0,2.0,2.0,0.954751384,0.954751384,0.954751384,0.954751384,0.954751384,0.954751384,0.954751384,0.954751384,0.954751384,0.954751384,0.954751384,0.954751384,0.0,0.0,0.8,0.0,2.0,2.0,0.954751384,0.954751384,0.954751384,0.954751384,0.954751384,0.954751384,0.954751384,0.954751384,0.954751384,0.954751384,0.954751384,0.954751384,0.0,0.0,0.8,0.0,2.0,2.0,0.954864545,0.954864545,0.954864545,0.954864545,1.0,0.0,0.954864545,0.954864545,0.954864545,0.954864545,1.0,0.0,0.954864545,0.954864545,33722.0,1.0,0.0,0.954864545,0.954864545,33722.0,1.0,0.0,0.000587785,0.0004,0.2,1.0,1.0,0.0,0.000587785,0.0004,0.2,1.0,1.0,0.0,0.000587785,0.0004,0.2,1.0,1.0,0.0,0.000587785,0.0004,0.2,1.0,1.0,0.0,0.000587785,0.0004,0.2,1.0,1.0,0.0,0.000587785,0.0004,0.2,1.0,1.0,0.0,0.000587785,0.0004,0.2,1.0,1.0,0.0,0.951056516,0.951056516,0.951056516,0.951056516,3.0,2.0,0.951056516,0.951056516,0.951056516,0.951056516,3.0,2.0
0,3,23,203,203,1791590400203000000,1,0.956598818,0.956598818,0.956598818,0.956598818,0.956598818,0.956598818,0.956598818,0.956598818,0.956598818,0.956598818,0.956598818,0.956598818,0.0,0.0,0.8,0.0,2.0,3.0,0.956598818,0.956598818,0.956598818,0.956598818,0.956598818,0.956598818,0.956598818,0.956598818,0.956598818,0.956598818,0.956598818,0.956598818,0.0,0.0,0.8,0.0,2.0,3.0,0.956598818,0.956598818,0.956598818,0.956598818,0.956598818,0.956598818,0.956598818,0.956598818,0.956598818,0.956598818,0.956598818,0.956598818,0.0,0.0,0.8,0.0,2.0,3.0,0.956598818,0.956598818,0.956598818,0.956598818,0.956598818,0.956598818,0.956598818,0.956598818,0.956598818,0.956598818,0.956598818,0.956598818,0.0,0.0,0.8,0.0,2.0,3.0,0.956712052,0.956712052,0.956712052,0.956712052,1.0,0.0,0.956712052,0.956712052,0.956712052,0.956712052,1.0,0.0,0.956712052,0.956712052,33724.0,1.0,0.0,0.956712052,0.956712052,33724.0,1.0,0.0,0.000809017,0.0004,0.2,1.0,1.0,0.0,0.000809017,0.0004,0.2,1.0,1.0,0.0,0.000809017,0.0004,0.2,1.0,1.0,0.0,0.000809017,0.0004,0.2,1.0,1.0,0.0,0.000809017,0.0004,0.2,1.0,1.0,0.0,0.000809017,0.0004,0.2,1.0,1.0,0.0,0.000809017,0.0004,0.2,1.0,1.0,0.0,0.951056516,0.951056516,0.951056516,0.951056516,3.0,3.0,0.951056516,0.951056516,0.951056516,0.951056516,3.0,3.0
0,3,24,204,204,1791590400204000000,1,0.958446252,0.958446252,0.958446252,0.958446252,0.958446252,0.958446252,0.958446252,0.958446252,0.958446252,0.958446252,0.958446252,0.958446252,0.0,0.0,0.8,0.0,2.0,4.0,0.958446252,0.958446252,0.958446252,0.958446252,0.958446252,0.958446252,0.958446252,0.958446252,0.958446252,0.958446252,0.958446252,0.958446252,0.0,0.0,0.8,0.0,2.0,4.0,0.958446252,0.958446252,0.958446252,0.958446252,0.958446252,0.958446252,0.958446252,0.958446252,0.958446252,0.958446252,0.958446252,0.958446252,0.0,0.0,0.8,0.0,2.0,4.0,0.958446252,0.958446252,0.958446252,0.958446252,0.958446252,0.958446252,0.958446252,0.958446252,0.958446252,0.958446252,0.958446252,0.958446252,0.0,0.0,0.8,0.0,2.0,4.0,0.958521789,0.958521789,0.958521789,0.958521789,1.0,0.0,0.958521789,0.958521789,0.958521789,0.958521789,1.0,0.0,0.958521789,0.958521789,33726.0,1.0,0.0,0.958521789,0.958521789,33726.0,1.0,0.0,0.000951057,0.0004,0.2,1.0,1.0,0.0,0.000951057,0.0004,0.2,1.0,1.0,0.0,0.000951057,0.0004,0.2,1.0,1.0,0.0,0.000951057,0.0004,0.2,1.0,1.0,0.0,0.000951057,0.0004,0.2,1.0,1.0,0.0,0.000951057,0.0004,0.2,1.0,1.0,0.0,0.000951057,0.0004,0.2,1.0,1.0,0.0,0.951056516,0.951056516,0.951056516,0.951056516,3.0,4.0,0.951056516,0.951056516,0.951056516,0.951056516,3.0,4.0
0,3,25,205,205,1791590400205000000,1,0.960293686,0.960293686,0.960293686,0.960293686,0.960293686,0.960293686,0.960293686,0.960293686,0.960293686,0.960293686,0.960293686,0.960293686,0.0,0.0,0.8,0.0,1.0,0.0,0.960293686,0.960293686,0.960293686,0.960293686,0.960293686,0.960293686,0.960293686,0.960293686,0.960293686,0.960293686,0.960293686,0.960293686,0.0,0.0,0.8,0.0,1.0,0.0,0.960293686,0.960293686,0.960293686,0.960293686,0.960293686,0.960293686,0.960293686,0.960293686,0.960293686,0.960293686,0.960293686,0.960293686,0.0,0.0,0.8,0.0,1.0,0.0,0.960293686,0.960293686,0.960293686,0.960293686,0.960293686,0.960293686,0.960293686,0.960293686,0.960293686,0.960293686,0.960293686,0.960293686,0.0,0.0,0.8,0.0,1.0,0.0,0.960293686,0.960293686,0.960293686,0.960293686,1.0,0.0,0.960293686,0.960293686,0.960293686,0.960293686,1.0,0.0,0.960293686,0.960293686,33728.0,1.0,0.0,0.960293686,0.960293686,33728.0,1.0,0.0,0.001,0.0004,0.2,1.0,1.0,0.0,0.001,0.0004,0.2,1.0,1.0,0.0,0.001,0.0004,0.2,1.0,1.0,0.0,0.001,0.0004,0.2,1.0,1.0,0.0,0.001,0.0004,0.2,1.0,1.0,0.0,0.001,0.0004,0.2,1.0,1.0,0.0,0.001,0.0004,0.2,1.0,1.0,0.0,0.951056516,0.951056516,0.951056516,0.951056516,3.0,5.0,0.951056516,0.951056516,0.951056516,0.951056516,3.0,5.0
0,3,26,206,206,1791590400206000000,1,0.961951581,0.961951581,0.961951581,0.961951581,0.961951581,0.961951581,0.961951581,0.961951581,0.961951581,0.961951581,0.961951581,0.961951581,0.0,0.0,0.8,0.0,2.0,1.0,0.961951581,0.961951581,0.961951581,0.961951581,0.961951581,0.961951581,0.961951581,0.961951581,0.961951581,0.961951581,0.961951581,0.961951581,0.0,0.0,0.8,0.0,2.0,1.0,0.961951581,0.961951581,0.961951581,0.961951581,0.961951581,0.961951581,0.961951581,0.961951581,0.961951581,0.961951581,0.961951581,0.961951581,0.0,0.0,0.8,0.0,2.0,1.0,0.961951581,0.961951581,0.961951581,0.961951581,0.961951581,0.961951581,0.961951581,0.961951581,0.961951581,0.961951581,0.961951581,0.961951581,0.0,0.0,0.8,0.0,2.0,1.0,0.962027672,0.962027672,0.962027672,0.962027672,1.0,0.0,0.962027672,0.962027672,0.962027672,0.962027672,1.0,0.0,0.962027672,0.962027672,33730.0,1.0,0.0,0.962027672,0.962027672,33730.0,1.0,0.0,0.000951057,0.0004,0.2,1.0,1.0,0.0,0.000951057,0.0004,0.2,1.0,1.0,0.0,0.000951057,0.0004,0.2,1.0,1.0,0.0,0.000951057,0.0004,0.2,1.0,1.0,0.0,0.000951057,0.0004,0.2,1.0,1.0,0.0,0.000951057,0.0004,0.2,1.0,1.0,0.0,0.000951057,0.0004,0.2,1.0,1.0,0.0,0.951056516,0.951056516,0.951056516,0.951056516,3.0,6.0,0.951056516,0.951056516,0.951056516,0.951056516,3.0,6.0
0,3,27,207,207,1791590400207000000,1,0.963609476,0.963609476,0.963609476,0.963609476,0.963609476,0.963609476,0.963609476,0.963609476,0.963609476,0.963609476,0.963609476,0.963609476,0.0,0.0,0.8,0.0,2.0,2.0,0.963609476,0.963609476,0.963609476,0.963609476,0.963609476,0.963609476,0.963609476,0.963609476,0.963609476,0.963609476,0.963609476,0.963609476,0.0,0.0,0.8,0.0,2.0,2.0,0.963609476,0.963609476,0.963609476,0.963609476,0.963609476,0.963609476,0.963609476,0.963609476,0.963609476,0.963609476,0.963609476,0.963609476,0.0,0.0,0.8,0.0,2.0,2.0,0.963609476,0.963609476,0.963609476,0.963609476,0.963609476,0.963609476,0.963609476,0.963609476,0.963609476,0.963609476,0.963609476,0.963609476,0.0,0.0,0.8,0.0,2.0,2.0,0.963723678,0.963723678,0.963723678,0.963723678,1.0,0.0,0.963723678,0.963723678,0.963723678,0.963723678,1.0,0.0,0.963723678,0.963723678,33731.0,1.0,0.0,0.963723678,0.963723678,33731.0,1.0,0.0,0.000809017,0.0004,0.2,1.0,1.0,0.0,0.000809017,0.0004,0.2,1.0,1.0,0.0,0.000809017,0.0004,0.2,1.0,1.0,0.0,0.000809017,0.0004,0.2,1.0,1.0,0.0,0.000809017,0.0004,0.2,1.0,1.0,0.0,0.000809017,0.0004,0.2,1.0,1.0,0.0,0.000809017,0.0004,0.2,1.0,1.0,0.0,0.951056516,0.951056516,0.951056516,0.951056516,3.0,7.0,0.951056516,0.951056516,0.951056516,0.951056516,3.0,7.0
0,3,28,208,208,1791590400208000000,1,0.965267371,0.965267371,0.965267371,0.965267371,0.965267371,0.965267371,0.965267371,0.965267371,0.965267371,0.965267371,0.965267371,0.965267371,0.0,0.0,0.8,0.0,2.0,3.0,0.965267371,0.965267371,0.965267371,0.965267371,0.965267371,0.965267371,0.965267371,0.965267371,0.965267371,0.965267371,0.965267371,0.965267371,0.0,0.0,0.8,0.0,2.0,3.0,0.965267371,0.965267371,0.965267371,0.965267371,0.965267371,0.965267371,0.965267371,0.965267371,0.965267371,0.965267371,0.965267371,0.965267371,0.0,0.0,0.8,0.0,2.0,3.0,0.965267371,0.965267371,0.965267371,0.965267371,0.965267371,0.965267371,0.965267371,0.965267371,0.965267371,0.965267371,0.965267371,0.965267371,0.0,0.0,0.8,0.0,2.0,3.0,0.965381639,0.965381639,0.965381639,0.965381639,1.0,0.0,0.965381639,0.965381639,0.965381639,0.965381639,1.0,0.0,0.965381639,0.965381639,33733.0,1.0,0.0,0.965381639,0.965381639,33733.0,1.0,0.0,0.000587785,0.0004,0.2,1.0,1.0,0.0,0.000587785,0.0004,0.2,1.0,1.0,0.0,0.000587785,0.0004,0.2,1.0,1.0,0.0,0.000587785,0.0004,0.2,1.0,1.0,0.0,0.000587785,0.0004,0.2,1.0,1.0,0.0,0.000587785,0.0004,0.2,1.0,1.0,0.0,0.000587785,0.0004,0.2,1.0,1.0,0.0,0.951056516,0.951056516,0.951056516,0.951056516,3.0,8.0,0.951056516,0.951056516,0.951056516,0.951056516,3.0,8.0
0,3,29,209,209,1791590400209000000,1,0.966925266,0.966925266,0.966925266,0.966925266,0.966925266,0.966925266,0.966925266,0.966925266,0.966925266,0.966925266,0.966925266,0.966925266,0.0,0.0,0.8,0.0,2.0,4.0,0.966925266,0.966925266,0.966925266,0.966925266,0.966925266,0.966925266,0.966925266,0.966925266,0.966925266,0.966925266,0.966925266,0.966925266,0.0,0.0,0.8,0.0,2.0,4.0,0.966925266,0.966925266,0.966925266,0.966925266,0.966925266,0.966925266,0.966925266,0.966925266,0.966925266,0.966925266,0.966925266,0.966925266,0.0,0.0,0.8,0.0,2.0,4.0,0.966925266,0.966925266,0.966925266,0.966925266,0.966925266,0.966925266,0.966925266,0.966925266,0.966925266,0.966925266,0.966925266,0.966925266,0.0,0.0,0.8,0.0,2.0,4.0,0.967001488,0.967001488,0.967001488,0.967001488,1.0,0.0,0.967001488,0.967001488,0.967001488,0.967001488,1.0,0.0,0.967001488,0.967001488,33735.0,1.0,0.0,0.967001488,0.967001488,33735.0,1.0,0.0,0.000309017,0.0004,0.2,1.0,1.0,0.0,0.000309017,0.0004,0.2,1.0,1.0,0.0,0.000309017,0.0004,0.2,1.0,1.0,0.0,0.000309017,0.0004,0.2,1.0,1.0,0.0,0.000309017,0.0004,0.2,1.0,1.0,0.0,0.000309017,0.0004,0.2,1.0,1.0,0.0,0.000309017,0.0004,0.2,1.0,1.0,0.0,0.951056516,0.951056516,0.951056516,0.951056516,3.0,9.0,0.951056516,0.951056516,0.951056516,0.951056516,3.0,9.0
0,3,30,210,210,1791590400210000000,1,0.968583161,0.968583161,0.968583161,0.968583161,0.968583161,0.968583161,0.968583161,0.968583161,0.968583161,0.968583161,0.968583161,0.968583161,0.0,0.0,0.8,0.0,1.0,0.0,0.968583161,0.968583161,0.968583161,0.968583161,0.968583161,0.968583161,0.968583161,0.968583161,0.968583161,0.968583161,0.968583161,0.968583161,0.0,0.0,0.8,0.0,1.0,0.0,0.968583161,0.968583161,0.968583161,0.968583161,0.968583161,0.968583161,0.968583161,0.968583161,0.968583161,0.968583161,0.968583161,0.968583161,0.0,0.0,0.8,0.0,1.0,0.0,0.968583161,0.968583161,0.968583161,0.968583161,0.968583161,0.968583161,0.968583161,0.968583161,0.968583161,0.968583161,0.968583161,0.968583161,0.0,0.0,0.8,0.0,1.0,0.0,0.968583161,0.968583161,0.968583161,0.968583161,1.0,0.0,0.968583161,0.968583161,0.968583161,0.968583161,1.0,0.0,0.968583161,0.968583161,33736.0,1.0,0.0,0.968583161,0.968583161,33736.0,1.0,0.0,0.0,0.0004,0.2,1.0,1.0,0.0,0.0,0.0004,0.2,1.0,1.0,0.0,0.0,0.0004,0.2,1.0,1.0,0.0,0.0,0.0004,0.2,1.0,1.0,0.0,0.0,0.0004,0.2,1.0,1.0,0.0,0.0,0.0004,0.2,1.0,1.0,0.0,0.0,0.0004,0.2,1.0,1.0,0.0,0.951056516,0.951056516,0.951056516,0.951056516,3.0,10.0,0.951056516,0.951056516,0.951056516,0.951056516,3.0,10.0
0,3,31,211,211,1791590400211000000,1,0.970049881,0.970049881,0.970049881,0.970049881,0.970049881,0.970049881,0.970049881,0.970049881,0.970049881,0.970049881,0.970049881,0.970049881,0.0,0.0,0.8,0.0,2.0,1.0,0.970049881,0.970049881,0.970049881,0.970049881,0.970049881,0.970049881,0.970049881,0.970049881,0.970049881,0.970049881,0.970049881,0.970049881,0.0,0.0,0.8,0.0,2.0,1.0,0.970049881,0.970049881,0.970049881,0.970049881,0.970049881,0.970049881,0.970049881,0.970049881,0.970049881,0.970049881,0.970049881,0.970049881,0.0,0.0,0.8,0.0,2.0,1.0,0.970049881,0.970049881,0.970049881,0.970049881,0.970049881,0.970049881,0.970049881,0.970049881,0.970049881,0.970049881,0.970049881,0.970049881,0.0,0.0,0.8,0.0,2.0,1.0,0.970126596,0.970126596,0.970126596,0.970126596,1.0,0.0,0.970126596,0.970126596,0.970126596,0.970126596,1.0,0.0,0.970126596,0.970126596,33738.0,1.0,0.0,0.970126596,0.970126596,33738.0,1.0,0.0,-0.000309017,0.0004,0.2,1.0,1.0,0.0,-0.000309017,0.0004,0.2,1.0,1.0,0.0,-0.000309017,0.0004,0.2,1.0,1.0,0.0,-0.000309017,0.0004,0.2,1.0,1.0,0.0,-0.000309017,0.0004,0.2,1.0,1.0,0.0,-0.000309017,0.0004,0.2,1.0,1.0,0.0,-0.000309017,0.0004,0.2,1.0,1.0,0.0,0.951056516,0.951056516,0.951056516,0.951056516,3.0,11.0,0.951056516,0.951056516,0.951056516,0.951056516,3.0,11.0
0,3,32,212,212,1791590400212000000,1,0.971516601,0.971516601,0.971516601,0.971516601,0.971516601,0.971516601,0.971516601,0.971516601,0.971516601,0.971516601,0.971516601,0.971516601,0.0,0.0,0.8,0.0,2.0,2.0,0.971516601,0.971516601,0.971516601,0.971516601,0.971516601,0.971516601,0.971516601,0.971516601,0.971516601,0.971516601,0.971516601,0.971516601,0.0,0.0,0.8,0.0,2.0,2.0,0.971516601,0.971516601,0.971516601,0.971516601,0.971516601,0.971516601,0.971516601,0.971516601,0.971516601,0.971516601,0.971516601,0.971516601,0.0,0.0,0.8,0.0,2.0,2.0,0.971516601,0.971516601,0.971516601,0.971516601,0.971516601,0.971516601,0.971516601,0.971516601,0.971516601,0.971516601,0.971516601,0.971516601,0.0,0.0,0.8,0.0,2.0,2.0,0.971631733,0.971631733,0.971631733,0.971631733,1.0,0.0,0.971631733,0.971631733,0.971631733,0.971631733,1.0,0.0,0.971631733,0.971631733,33739.0,1.0,0.0,0.971631733,0.971631733,33739.0,1.0,0.0,-0.000587785,0.0004,0.2,1.0,1.0,0.0,-0.000587785,0.0004,0.2,1.0,1.0,0.0,-0.000587785,0.0004,0.2,1.0,1.0,0.0,-0.000587785,0.0004,0.2,1.0,1.0,0.0,-0.000587785,0.0004,0.2,1.0,1.0,0.0,-0.000587785,0.0004,0.2,1.0,1.0,0.0,-0.000587785,0.0004,0.2,1.0,1.0,0.0,0.951056516,0.951056516,0.951056516,0.951056516,3.0,12.0,0.951056516,0.951056516,0.951056516,0.951056516,3.0,12.0
0,3,33,213,213,1791590400213000000,1,0.972983322,0.972983322,0.972983322,0.972983322,0.972983322,0.972983322,0.972983322,0.972983322,0.972983322,0.972983322,0.972983322,0.972983322,0.0,0.0,0.8,0.0,2.0,3.0,0.972983322,0.972983322,0.972983322,0.972983322,0.972983322,0.972983322,0.972983322,0.972983322,0.972983322,0.972983322,0.972983322,0.972983322,0.0,0.0,0.8,0.0,2.0,3.0,0.972983322,0.972983322,0.972983322,0.972983322,0.972983322,0.972983322,0.972983322,0.972983322,0.972983322,0.972983322,0.972983322,0.972983322,0.0,0.0,0.8,0.0,2.0,3.0,0.972983322,0.972983322,0.972983322,0.972983322,0.972983322,0.972983322,0.972983322,0.972983322,0.972983322,0.972983322,0.972983322,0.972983322,0.0,0.0,0.8,0.0,2.0,3.0,0.973098511,0.973098511,0.973098511,0.973098511,1.0,0.0,0.973098511,0.973098511,0.973098511,0.973098511,1.0,0.0,0.973098511,0.973098511,33741.0,1.0,0.0,0.973098511,0.973098511,33741.0,1.0,0.0,-0.000809017,0.0004,0.2,1.0,1.0,0.0,-0.000809017,0.0004,0.2,1.0,1.0,0.0,-0.000809017,0.0004,0.2,1.0,1.0,0.0,-0.000809017,0.0004,0.2,1.0,1.0,0.0,-0.000809017,0.0004,0.2,1.0,1.0,0.0,-0.000809017,0.0004,0.2,1.0,1.0,0.0,-0.000809017,0.0004,0.2,1.0,1.0,0.0,0.951056516,0.951056516,0.951056516,0.951056516,3.0,13.0,0.951056516,0.951056516,0.951056516,0.951056516,3.0,13.0
0,3,34,214,214,1791590400214000000,1,0.974450042,0.974450042,0.974450042,0.974450042,0.974450042,0.974450042,0.974450042,0.974450042,0.974450042,0.974450042,0.974450042,0.974450042,0.0,0.0,0.8,0.0,2.0,4.0,0.974450042,0.974450042,0.974450042,0.974450042,0.974450042,0.974450042,0.974450042,0.974450042,0.974450042,0.974450042,0.974450042,0.974450042,0.0,0.0,0.8,0.0,2.0,4.0,0.974450042,0.974450042,0.974450042,0.974450042,0.974450042,0.974450042,0.974450042,0.974450042,0.974450042,0.974450042,0.974450042,0.974450042,0.0,0.0,0.8,0.0,2.0,4.0,0.974450042,0.974450042,0.974450042,0.974450042,0.974450042,0.974450042,0.974450042,0.974450042,0.974450042,0.974450042,0.974450042,0.974450042,0.0,0.0,0.8,0.0,2.0,4.0,0.974526873,0.974526873,0.974526873,0.974526873,1.0,0.0,0.974526873,0.974526873,0.974526873,0.974526873,1.0,0.0,0.974526873,0.974526873,33742.0,1.0,0.0,0.974526873,0.974526873,33742.0,1.0,0.0,-0.000951057,0.0004,0.2,1.0,1.0,0.0,-0.000951057,0.0004,0.2,1.0,1.0,0.0,-0.000951057,0.0004,0.2,1.0,1.0,0.0,-0.000951057,0.0004,0.2,1.0,1.0,0.0,-0.000951057,0.0004,0.2,1.0,1.0,0.0,-0.000951057,0.0004,0.2,1.0,1.0,0.0,-0.000951057,0.0004,0.2,1.0,1.0,0.0,0.951056516,0.951056516,0.951056516,0.951056516,3.0,14.0,0.951056516,0.951056516,0.951056516,0.951056516,3.0,14.0
0,3,35,215,215,1791590400215000000,1,0.975916762,0.975916762,0.975916762,0.975916762,0.975916762,0.975916762,0.975916762,0.975916762,0.975916762,0.975916762,0.975916762,0.975916762,0.0,0.0,0.8,0.0,1.0,0.0,0.975916762,0.975916762,0.975916762,0.975916762,0.975916762,0.975916762,0.975916762,0.975916762,0.975916762,0.975916762,0.975916762,0.975916762,0.0,0.0,0.8,0.0,1.0,0.0,0.975916762,0.975916762,0.975916762,0.975916762,0.975916762,0.975916762,0.975916762,0.975916762,0.975916762,0.975916762,0.975916762,0.975916762,0.0,0.0,0.8,0.0,1.0,0.0,0.975916762,0.975916762,0.975916762,0.975916762,0.975916762,0.975916762,0.975916762,0.975916762,0.975916762,0.975916762,0.975916762,0.975916762,0.0,0.0,0.8,0.0,1.0,0.0,0.975916762,0.975916762,0.975916762,0.975916762,1.0,0.0,0.975916762,0.975916762,0.975916762,0.975916762,1.0,0.0,0.975916762,0.975916762,33743.0,1.0,0.0,0.975916762,0.975916762,33743.0,1.0,0.0,-0.001,0.0004,0.2,1.0,1.0,0.0,-0.001,0.0004,0.2,1.0,1.0,0.0,-0.001,0.0004,0.2,1.0,1.0,0.0,-0.001,0.0004,0.2,1.0,1.0,0.0,-0.001,0.0004,0.2,1.0,1.0,0.0,-0.001,0.0004,0.2,1.0,1.0,0.0,-0.001,0.0004,0.2,1.0,1.0,0.0,0.951056516,0.951056516,0.951056516,0.951056516,3.0,15.0,0.951056516,0.951056516,0.951056516,0.951056516,3.0,15.0
0,3,36,216,216,1791590400216000000,1,0.97719086,0.97719086,0.97719086,0.97719086,0.97719086,0.97719086,0.97719086,0.97719086,0.97719086,0.97719086,0.97719086,0.97719086,0.0,0.0,0.8,0.0,2.0,1.0,0.97719086,0.97719086,0.97719086,0.97719086,0.97719086,0.97719086,0.97719086,0.97719086,0.97719086,0.97719086,0.97719086,0.97719086,0.0,0.0,0.8,0.0,2.0,1.0,0.97719086,0.97719086,0.97719086,0.97719086,0.97719086,0.97719086,0.97719086,0.97719086,0.97719086,0.97719086,0.97719086,0.97719086,0.0,0.0,0.8,0.0,2.0,1.0,0.97719086,0.97719086,0.97719086,0.97719086,0.97719086,0.97719086,0.97719086,0.97719086,0.97719086,0.97719086,0.97719086,0.97719086,0.0,0.0,0.8,0.0,2.0,1.0,0.977268124,0.977268124,0.977268124,0.977268124,1.0,0.0,0.977268124,0.977268124,0.977268124,0.977268124,1.0,0.0,0.977268124,0.977268124,33745.0,1.0,0.0,0.977268124,0.977268124,33745.0,1.0,0.0,-0.000951057,0.0004,0.2,1.0,1.0,0.0,-0.000951057,0.0004,0.2,1.0,1.0,0.0,-0.000951057,0.0004,0.2,1.0,1.0,0.0,-0.000951057,0.0004,0.2,1.0,1.0,0.0,-0.000951057,0.0004,0.2,1.0,1.0,0.0,-0.000951057,0.0004,0.2,1.0,1.0,0.0,-0.000951057,0.0004,0.2,1.0,1.0,0.0,0.951056516,0.951056516,0.951056516,0.951056516,3.0,16.0,0.951056516,0.951056516,0.951056516,0.951056516,3.0,16.0
0,3,37,217,217,1791590400217000000,1,0.978464957,0.978464957,0.978464957,0.978464957,0.978464957,0.978464957,0.978464957,0.978464957,0.978464957,0.978464957,0.978464957,0.978464957,0.0,0.0,0.8,0.0,2.0,2.0,0.978464957,0.978464957,0.978464957,0.978464957,0.978464957,0.978464957,0.978464957,0.978464957,0.978464957,0.978464957,0.978464957,0.978464957,0.0,0.0,0.8,0.0,2.0,2.0,0.978464957,0.978464957,0.978464957,0.978464957,0.978464957,0.978464957,0.978464957,0.978464957,0.978464957,0.978464957,0.978464957,0.978464957,0.0,0.0,0.8,0.0,2.0,2.0,0.978464957,0.978464957,0.978464957,0.978464957,0.978464957,0.978464957,0.978464957,0.978464957,0.978464957,0.978464957,0.978464957,0.978464957,0.0,0.0,0.8,0.0,2.0,2.0,0.978580904,0.978580904,0.978580904,0.978580904,1.0,0.0,0.978580904,0.978580904,0.978580904,0.978580904,1.0,0.0,0.978580904,0.978580904,33746.0,1.0,0.0,0.978580904,0.978580904,33746.0,1.0,0.0,-0.000809017,0.0004,0.2,1.0,1.0,0.0,-0.000809017,0.0004,0.2,1.0,1.0,0.0,-0.000809017,0.0004,0.2,1.0,1.0,0.0,-0.000809017,0.0004,0.2,1.0,1.0,0.0,-0.000809017,0.0004,0.2,1.0,1.0,0.0,-0.000809017,0.0004,0.2,1.0,1.0,0.0,-0.000809017,0.0004,0.2,1.0,1.0,0.0,0.951056516,0.951056516,0.951056516,0.951056516,3.0,17.0,0.951056516,0.951056516,0.951056516,0.951056516,3.0,17.0
0,3,38,218,218,1791590400218000000,1,0.979739055,0.979739055,0.979739055,0.979739055,0.979739055,0.979739055,0.979739055,0.979739055,0.979739055,0.979739055,0.979739055,0.979739055,0.0,0.0,0.8,0.0,2.0,3.0,0.979739055,0.979739055,0.979739055,0.979739055,0.979739055,0.979739055,0.979739055,0.979739055,0.979739055,0.979739055,0.979739055,0.979739055,0.0,0.0,0.8,0.0,2.0,3.0,0.979739055,0.979739055,0.979739055,0.979739055,0.979739055,0.979739055,0.979739055,0.979739055,0.979739055,0.979739055,0.979739055,0.979739055,0.0,0.0,0.8,0.0,2.0,3.0,0.979739055,0.979739055,0.979739055,0.979739055,0.979739055,0.979739055,0.979739055,0.979739055,0.979739055,0.979739055,0.979739055,0.979739055,0.0,0.0,0.8,0.0,2.0,3.0,0.979855052,0.979855052,0.979855052,0.979855052,1.0,0.0,0.979855052,0.979855052,0.979855052,0.979855052,1.0,0.0,0.979855052,0.979855052,33747.0,1.0,0.0,0.979855052,0.979855052,33747.0,1.0,0.0,-0.000587785,0.0004,0.2,1.0,1.0,0.0,-0.000587785,0.0004,0.2,1.0,1.0,0.0,-0.000587785,0.0004,0.2,1.0,1.0,0.0,-0.000587785,0.0004,0.2,1.0,1.0,0.0,-0.000587785,0.0004,0.2,1.0,1.0,0.0,-0.000587785,0.0004,0.2,1.0,1.0,0.0,-0.000587785,0.0004,0.2,1.0,1.0,0.0,0.951056516,0.951056516,0.951056516,0.951056516,3.0,18.0,0.951056516,0.951056516,0.951056516,0.951056516,3.0,18.0
0,3,39,219,219,1791590400219000000,1,0.981013153,0.981013153,0.981013153,0.981013153,0.981013153,0.981013153,0.981013153,0.981013153,0.981013153,0.981013153,0.981013153,0.981013153,0.0,0.0,0.8,0.0,2.0,4.0,0.981013153,0.981013153,0.981013153,0.981013153,0.981013153,0.981013153,0.981013153,0.981013153,0.981013153,0.981013153,0.981013153,0.981013153,0.0,0.0,0.8,0.0,2.0,4.0,0.981013153,0.981013153,0.981013153,0.981013153,0.981013153,0.981013153,0.981013153,0.981013153,0.981013153,0.981013153,0.981013153,0.981013153,0.0,0.0,0.8,0.0,2.0,4.0,0.981013153,0.981013153,0.981013153,0.981013153,0.981013153,0.981013153,0.981013153,0.981013153,0.981013153,0.981013153,0.981013153,0.981013153,0.0,0.0,0.8,0.0,2.0,4.0,0.981090517,0.981090517,0.981090517,0.981090517,1.0,0.0,0.981090517,0.981090517,0.981090517,0.981090517,1.0,0.0,0.981090517,0.981090517,33749.0,1.0,0.0,0.981090517,0.981090517,33749.0,1.0,0.0,-0.000309017,0.0004,0.2,1.0,1.0,0.0,-0.000309017,0.0004,0.2,1.0,1.0,0.0,-0.000309017,0.0004,0.2,1.0,1.0,0.0,-0.000309017,0.0004,0.2,1.0,1.0,0.0,-0.000309017,0.0004,0.2,1.0,1.0,0.0,-0.000309017,0.0004,0.2,1.0,1.0,0.0,-0.000309017,0.0004,0.2,1.0,1.0,0.0,0.951056516,0.951056516,0.951056516,0.951056516,3.0,19.0,0.951056516,0.951056516,0.951056516,0.951056516,3.0,19.0
0,3,40,220,220,1791590400220000000,1,0.982287251,0.982287251,0.982287251,0.982287251,0.982287251,0.982287251,0.982287251,0.982287251,0.982287251,0.982287251,0.982287251,0.982287251,0.0,0.0,0.8,0.0,1.0,0.0,0.982287251,0.982287251,0.982287251,0.982287251,0.982287251,0.982287251,0.982287251,0.982287251,0.982287251,0.982287251,0.982287251,0.982287251,0.0,0.0,0.8,0.0,1.0,0.0,0.982287251,0.982287251,0.982287251,0.982287251,0.982287251,0.982287251,0.982287251,0.982287251,0.982287251,0.982287251,0.982287251,0.982287251,0.0,0.0,0.8,0.0,1.0,0.0,0.982287251,0.982287251,0.982287251,0.982287251,0.982287251,0.982287251,0.982287251,0.982287251,0.982287251,0.982287251,0.982287251,0.982287251,0.0,0.0,0.8,0.0,1.0,0.0,0.982287251,0.982287251,0.982287251,0.982287251,1.0,0.0,0.982287251,0.982287251,0.982287251,0.982287251,1.0,0.0,0.982287251,0.982287251,33750.0,1.0,0.0,0.982287251,0.982287251,33750.0,1.0,0.0,-0.0,0.0004,0.2,1.0,1.0,0.0,-0.0,0.0004,0.2,1.0,1.0,0.0,-0.0,0.0004,0.2,1.0,1.0,0.0,-0.0,0.0004,0.2,1.0,1.0,0.0,-0.0,0.0004,0.2,1.0,1.0,0.0,-0.0,0.0004,0.2,1.0,1.0,0.0,-0.0,0.0004,0.2,1.0,1.0,0.0,0.982287251,0.982287251,0.982287251,0.982287251,3.0,0.0,0.982287251,0.982287251,0.982287251,0.982287251,3.0,0.0
0,3,41,221,221,1791590400221000000,1,0.983367469,0.983367469,0.983367469,0.983367469,0.983367469,0.983367469,0.983367469,0.983367469,0.983367469,0.983367469,0.983367469,0.983367469,0.0,0.0,0.8,0.0,2.0,1.0,0.983367469,0.983367469,0.983367469,0.983367469,0.983367469,0.983367469,0.983367469,0.983367469,0.983367469,0.983367469,0.983367469,0.983367469,0.0,0.0,0.8,0.0,2.0,1.0,0.983367469,0.983367469,0.983367469,0.983367469,0.983367469,0.983367469,0.983367469,0.983367469,0.983367469,0.983367469,0.983367469,0.983367469,0.0,0.0,0.8,0.0,2.0,1.0,0.983367469,0.983367469,0.983367469,0.983367469,0.983367469,0.983367469,0.983367469,0.983367469,0.983367469,0.983367469,0.983367469,0.983367469,0.0,0.0,0.8,0.0,2.0,1.0,0.983445205,0.983445205,0.983445205,0.983445205,1.0,0.0,0.983445205,0.983445205,0.983445205,0.983445205,1.0,0.0,0.983445205,0.983445205,33751.0,1.0,0.0,0.983445205,0.983445205,33751.0,1.0,0.0,0.000309017,0.0004,0.2,1.0,1.0,0.0,0.000309017,0.0004,0.2,1.0,1.0,0.0,0.000309017,0.0004,0.2,1.0,1.0,0.0,0.000309017,0.0004,0.2,1.0,1.0,0.0,0.000309017,0.0004,0.2,1.0,1.0,0.0,0.000309017,0.0004,0.2,1.0,1.0,0.0,0.000309017,0.0004,0.2,1.0,1.0,0.0,0.982287251,0.982287251,0.982287251,0.982287251,3.0,1.0,0.982287251,0.982287251,0.982287251,0.982287251,3.0,1.0
0,3,42,222,222,1791590400222000000,1,0.984447687,0.984447687,0.984447687,0.984447687,0.984447687,0.984447687,0.984447687,0.984447687,0.984447687,0.984447687,0.984447687,0.984447687,0.0,0.0,0.8,0.0,2.0,2.0,0.984447687,0.984447687,0.984447687,0.984447687,0.984447687,0.984447687,0.984447687,0.984447687,0.984447687,0.984447687,0.984447687,0.984447687,0.0,0.0,0.8,0.0,2.0,2.0,0.984447687,0.984447687,0.984447687,0.984447687,0.984447687,0.984447687,0.984447687,0.984447687,0.984447687,0.984447687,0.984447687,0.984447687,0.0,0.0,0.8,0.0,2.0,2.0,0.984447687,0.984447687,0.984447687,0.984447687,0.984447687,0.984447687,0.984447687,0.984447687,0.984447687,0.984447687,0.984447687,0.984447687,0.0,0.0,0.8,0.0,2.0,2.0,0.984564335,0.984564335,0.984564335,0.984564335,1.0,0.0,0.984564335,0.984564335,0.984564335,0.984564335,1.0,0.0,0.984564335,0.984564335,33752.0,1.0,0.0,0.984564335,0.984564335,33752.0,1.0,0.0,0.000587785,0.0004,0.2,1.0,1.0,0.0,0.000587785,0.0004,0.2,1.0,1.0,0.0,0.000587785,0.0004,0.2,1.0,1.0,0.0,0.000587785,0.0004,0.2,1.0,1.0,0.0,0.000587785,0.0004,0.2,1.0,1.0,0.0,0.000587785,0.0004,0.2,1.0,1.0,0.0,0.000587785,0.0004,0.2,1.0,1.0,0.0,0.982287251,0.982287251,0.982287251,0.982287251,3.0,2.0,0.982287251,0.982287251,0.982287251,0.982287251,3.0,2.0
0,3,43,223,223,1791590400223000000,1,0.985527905,0.985527905,0.985527905,0.985527905,0.985527905,0.985527905,0.985527905,0.985527905,0.985527905,0.985527905,0.985527905,0.985527905,0.0,0.0,0.8,0.0,2.0,3.0,0.985527905,0.985527905,0.985527905,0.985527905,0.985527905,0.985527905,0.985527905,0.985527905,0.985527905,0.985527905,0.985527905,0.985527905,0.0,0.0,0.8,0.0,2.0,3.0,0.985527905,0.985527905,0.985527905,0.985527905,0.985527905,0.985527905,0.985527905,0.985527905,0.985527905,0.985527905,0.985527905,0.985527905,0.0,0.0,0.8,0.0,2.0,3.0,0.985527905,0.985527905,0.985527905,0.985527905,0.985527905,0.985527905,0.985527905,0.985527905,0.985527905,0.985527905,0.985527905,0.985527905,0.0,0.0,0.8,0.0,2.0,3.0,0.985644595,0.985644595,0.985644595,0.985644595,1.0,0.0,0.985644595,0.985644595,0.985644595,0.985644595,1.0,0.0,0.985644595,0.985644595,33753.0,1.0,0.0,0.985644595,0.985644595,33753.0,1.0,0.0,0.000809017,0.0004,0.2,1.0,1.0,0.0,0.000809017,0.0004,0.2,1.0,1.0,0.0,0.000809017,0.0004,0.2,1.0,1.0,0.0,0.000809017,0.0004,0.2,1.0,1.0,0.0,0.000809017,0.0004,0.2,1.0,1.0,0.0,0.000809017,0.0004,0.2,1.0,1.0,0.0,0.000809017,0.0004,0.2,1.0,1.0,0.0,0.982287251,0.982287251,0.982287251,0.982287251,3.0,3.0,0.982287251,0.982287251,0.982287251,0.982287251,3.0,3.0
0,3,44,224,224,1791590400224000000,1,0.986608123,0.986608123,0.986608123,0.986608123,0.986608123,0.986608123,0.986608123,0.986608123,0.986608123,0.986608123,0.986608123,0.986608123,0.0,0.0,0.8,0.0,2.0,4.0,0.986608123,0.986608123,0.986608123,0.986608123,0.986608123,0.986608123,0.986608123,0.986608123,0.986608123,0.986608123,0.986608123,0.986608123,0.0,0.0,0.8,0.0,2.0,4.0,0.986608123,0.986608123,0.986608123,0.986608123,0.986608123,0.986608123,0.986608123,0.986608123,0.986608123,0.986608123,0.986608123,0.986608123,0.0,0.0,0.8,0.0,2.0,4.0,0.986608123,0.986608123,0.986608123,0.986608123,0.986608123,0.986608123,0.986608123,0.986608123,0.986608123,0.986608123,0.986608123,0.986608123,0.0,0.0,0.8,0.0,2.0,4.0,0.986685944,0.986685944,0.986685944,0.986685944,1.0,0.0,0.986685944,0.986685944,0.986685944,0.986685944,1.0,0.0,0.986685944,0.986685944,33754.0,1.0,0.0,0.986685944,0.986685944,33754.0,1.0,0.0,0.000951057,0.0004,0.2,1.0,1.0,0.0,0.000951057,0.0004,0.2,1.0,1.0,0.0,0.000951057,0.0004,0.2,1.0,1.0,0.0,0.000951057,0.0004,0.2,1.0,1.0,0.0,0.000951057,0.0004,0.2,1.0,1.0,0.0,0.000951057,0.0004,0.2,1.0,1.0,0.0,0.000951057,0.0004,0.2,1.0,1.0,0.0,0.982287251,0.982287251,0.982287251,0.982287251,3.0,4.0,0.982287251,0.982287251,0.982287251,0.982287251,3.0,4.0
0,3,45,225,225,1791590400225000000,1,0.987688341,0.987688341,0.987688341,0.987688341,0.987688341,0.987688341,0.987688341,0.987688341,0.987688341,0.987688341,0.987688341,0.987688341,0.0,0.0,0.8,0.0,1.0,0.0,0.987688341,0.987688341,0.987688341,0.987688341,0.987688341,0.987688341,0.987688341,0.987688341,0.987688341,0.987688341,0.987688341,0.987688341,0.0,0.0,0.8,0.0,1.0,0.0,0.987688341,0.987688341,0.987688341,0.987688341,0.987688341,0.987688341,0.987688341,0.987688341,0.987688341,0.987688341,0.987688341,0.987688341,0.0,0.0,0.8,0.0,1.0,0.0,0.987688341,0.987688341,0.987688341,0.987688341,0.987688341,0.987688341,0.987688341,0.987688341,0.987688341,0.987688341,0.987688341,0.987688341,0.0,0.0,0.8,0.0,1.0,0.0,0.987688341,0.987688341,0.987688341,0.987688341,1.0,0.0,0.987688341,0.987688341,0.987688341,0.987688341,1.0,0.0,0.987688341,0.987688341,33755.0,1.0,0.0,0.987688341,0.987688341,33755.0,1.0,0.0,0.001,0.0004,0.2,1.0,1.0,0.0,0.001,0.0004,0.2,1.0,1.0,0.0,0.001,0.0004,0.2,1.0,1.0,0.0,0.001,0.0004,0.2,1.0,1.0,0.0,0.001,0.0004,0.2,1.0,1.0,0.0,0.001,0.0004,0.2,1.0,1.0,0.0,0.001,0.0004,0.2,1.0,1.0,0.0,0.982287251,0.982287251,0.982287251,0.982287251,3.0,5.0,0.982287251,0.982287251,0.982287251,0.982287251,3.0,5.0
0,3,46,226,226,1791590400226000000,1,0.988573613,0.988573613,0.988573613,0.988573613,0.988573613,0.988573613,0.988573613,0.988573613,0.988573613,0.988573613,0.988573613,0.988573613,0.0,0.0,0.8,0.0,2.0,1.0,0.988573613,0.988573613,0.988573613,0.988573613,0.988573613,0.988573613,0.988573613,0.988573613,0.988573613,0.988573613,0.988573613,0.988573613,0.0,0.0,0.8,0.0,2.0,1.0,0.988573613,0.988573613,0.988573613,0.988573613,0.988573613,0.988573613,0.988573613,0.988573613,0.988573613,0.988573613,0.988573613,0.988573613,0.0,0.0,0.8,0.0,2.0,1.0,0.988573613,0.988573613,0.988573613,0.988573613,0.988573613,0.988573613,0.988573613,0.988573613,0.988573613,0.988573613,0.988573613,0.988573613,0.0,0.0,0.8,0.0,2.0,1.0,0.988651745,0.988651745,0.988651745,0.988651745,1.0,0.0,0.988651745,0.988651745,0.988651745,0.988651745,1.0,0.0,0.988651745,0.988651745,33756.0,1.0,0.0,0.988651745,0.988651745,33756.0,1.0,0.0,0.000951057,0.0004,0.2,1.0,1.0,0.0,0.000951057,0.0004,0.2,1.0,1.0,0.0,0.000951057,0.0004,0.2,1.0,1.0,0.0,0.000951057,0.0004,0.2,1.0,1.0,0.0,0.000951057,0.0004,0.2,1.0,1.0,0.0,0.000951057,0.0004,0.2,1.0,1.0,0.0,0.000951057,0.0004,0.2,1.0,1.0,0.0,0.982287251,0.982287251,0.982287251,0.982287251,3.0,6.0,0.982287251,0.982287251,0.982287251,0.982287251,3.0,6.0
0,3,47,227,227,1791590400227000000,1,0.989458885,0.989458885,0.989458885,0.989458885,0.989458885,0.989458885,0.989458885,0.989458885,0.989458885,0.989458885,0.989458885,0.989458885,0.0,0.0,0.8,0.0,2.0,2.0,0.989458885,0.989458885,0.989458885,0.989458885,0.989458885,0.989458885,0.989458885,0.989458885,0.989458885,0.989458885,0.989458885,0.989458885,0.0,0.0,0.8,0.0,2.0,2.0,0.989458885,0.989458885,0.989458885,0.989458885,0.989458885,0.989458885,0.989458885,0.989458885,0.989458885,0.989458885,0.989458885,0.989458885,0.0,0.0,0.8,0.0,2.0,2.0,0.989458885,0.989458885,0.989458885,0.989458885,0.989458885,0.989458885,0.989458885,0.989458885,0.989458885,0.989458885,0.989458885,0.989458885,0.0,0.0,0.8,0.0,2.0,2.0,0.989576119,0.989576119,0.989576119,0.989576119,1.0,0.0,0.989576119,0.989576119,0.989576119,0.989576119,1.0,0.0,0.989576119,0.989576119,33757.0,1.0,0.0,0.989576119,0.989576119,33757.0,1.0,0.0,0.000809017,0.0004,0.2,1.0,1.0,0.0,0.000809017,0.0004,0.2,1.0,1.0,0.0,0.000809017,0.0004,0.2,1.0,1.0,0.0,0.000809017,0.0004,0.2,1.0,1.0,0.0,0.000809017,0.0004,0.2,1.0,1.0,0.0,0.000809017,0.0004,0.2,1.0,1.0,0.0,0.000809017,0.0004,0.2,1.0,1.0,0.0,0.982287251,0.982287251,0.982287251,0.982287251,3.0,7.0,0.982287251,0.982287251,0.982287251,0.982287251,3.0,7.0
0,3,48,228,228,1791590400228000000,1,0.990344157,0.990344157,0.990344157,0.990344157,0.990344157,0.990344157,0.990344157,0.990344157,0.990344157,0.990344157,0.990344157,0.990344157,0.0,0.0,0.8,0.0,2.0,3.0,0.990344157,0.990344157,0.990344157,0.990344157,0.990344157,0.990344157,0.990344157,0.990344157,0.990344157,0.990344157,0.990344157,0.990344157,0.0,0.0,0.8,0.0,2.0,3.0,0.990344157,0.990344157,0.990344157,0.990344157,0.990344157,0.990344157,0.990344157,0.990344157,0.990344157,0.990344157,0.990344157,0.990344157,0.0,0.0,0.8,0.0,2.0,3.0,0.990344157,0.990344157,0.990344157,0.990344157,0.990344157,0.990344157,0.990344157,0.990344157,0.990344157,0.990344157,0.990344157,0.990344157,0.0,0.0,0.8,0.0,2.0,3.0,0.990461426,0.990461426,0.990461426,0.990461426,1.0,0.0,0.990461426,0.990461426,0.990461426,0.990461426,1.0,0.0,0.990461426,0.990461426,33758.0,1.0,0.0,0.990461426,0.990461426,33758.0,1.0,0.0,0.000587785,0.0004,0.2,1.0,1.0,0.0,0.000587785,0.0004,0.2,1.0,1.0,0.0,0.000587785,0.0004,0.2,1.0,1.0,0.0,0.000587785,0.0004,0.2,1.0,1.0,0.0,0.000587785,0.0004,0.2,1.0,1.0,0.0,0.000587785,0.0004,0.2,1.0,1.0,0.0,0.000587785,0.0004,0.2,1.0,1.0,0.0,0.982287251,0.982287251,0.982287251,0.982287251,3.0,8.0,0.982287251,0.982287251,0.982287251,0.982287251,3.0,8.0
0,3,49,229,229,1791590400229000000,1,0.991229429,0.991229429,0.991229429,0.991229429,0.991229429,0.991229429,0.991229429,0.991229429,0.991229429,0.991229429,0.991229429,0.991229429,0.0,0.0,0.8,0.0,2.0,4.0,0.991229429,0.991229429,0.991229429,0.991229429,0.991229429,0.991229429,0.991229429,0.991229429,0.991229429,0.991229429,0.991229429,0.991229429,0.0,0.0,0.8,0.0,2.0,4.0,0.991229429,0.991229429,0.991229429,0.991229429,0.991229429,0.991229429,0.991229429,0.991229429,0.991229429,0.991229429,0.991229429,0.991229429,0.0,0.0,0.8,0.0,2.0,4.0,0.991229429,0.991229429,0.991229429,0.991229429,0.991229429,0.991229429,0.991229429,0.991229429,0.991229429,0.991229429,0.991229429,0.991229429,0.0,0.0,0.8,0.0,2.0,4.0,0.991307631,0.991307631,0.991307631,0.991307631,1.0,0.0,0.991307631,0.991307631,0.991307631,0.991307631,1.0,0.0,0.991307631,0.991307631,33759.0,1.0,0.0,0.991307631,0.991307631,33759.0,1.0,0.0,0.000309017,0.0004,0.2,1.0,1.0,0.0,0.000309017,0.0004,0.2,1.0,1.0,0.0,0.000309017,0.0004,0.2,1.0,1.0,0.0,0.000309017,0.0004,0.2,1.0,1.0,0.0,0.000309017,0.0004,0.2,1.0,1.0,0.0,0.000309017,0.0004,0.2,1.0,1.0,0.0,0.000309017,0.0004,0.2,1.0,1.0,0.0,0.982287251,0.982287251,0.982287251,0.982287251,3.0,9.0,0.982287251,0.982287251,0.982287251,0.982287251,3.0,9.0
0,3,50,230,230,1791590400230000000,1,0.992114701,0.992114701,0.992114701,0.992114701,0.992114701,0.992114701,0.992114701,0.992114701,0.992114701,0.992114701,0.992114701,0.992114701,0.0,0.0,0.8,0.0,1.0,0.0,0.992114701,0.992114701,0.992114701,0.992114701,0.992114701,0.992114701,0.992114701,0.992114701,0.992114701,0.992114701,0.992114701,0.992114701,0.0,0.0,0.8,0.0,1.0,0.0,0.992114701,0.992114701,0.992114701,0.992114701,0.992114701,0.992114701,0.992114701,0.992114701,0.992114701,0.992114701,0.992114701,0.992114701,0.0,0.0,0.8,0.0,1.0,0.0,0.992114701,0.992114701,0.992114701,0.992114701,0.992114701,0.992114701,0.992114701,0.992114701,0.992114701,0.992114701,0.992114701,0.992114701,0.0,0.0,0.8,0.0,1.0,0.0,0.992114701,0.992114701,0.992114701,0.992114701,1.0,0.0,0.992114701,0.992114701,0.992114701,0.992114701,1.0,0.0,0.992114701,0.992114701,33760.0,1.0,0.0,0.992114701,0.992114701,33760.0,1.0,0.0,0.0,0.0004,0.2,1.0,1.0,0.0,0.0,0.0004,0.2,1.0,1.0,0.0,0.0,0.0004,0.2,1.0,1.0,0.0,0.0,0.0004,0.2,1.0,1.0,0.0,0.0,0.0004,0.2,1.0,1.0,0.0,0.0,0.0004,0.2,1.0,1.0,0.0,0.0,0.0004,0.2,1.0,1.0,0.0,0.982287251,0.982287251,0.982287251,0.982287251,3.0,10.0,0.982287251,0.982287251,0.982287251,0.982287251,3.0,10.0
0,3,51,231,231,1791590400231000000,1,0.992804154,0.992804154,0.992804154,0.992804154,0.992804154,0.992804154,0.992804154,0.992804154,0.992804154,0.992804154,0.992804154,0.992804154,0.0,0.0,0.8,0.0,2.0,1.0,0.992804154,0.992804154,0.992804154,0.992804154,0.992804154,0.992804154,0.992804154,0.992804154,0.992804154,0.992804154,0.992804154,0.992804154,0.0,0.0,0.8,0.0,2.0,1.0,0.992804154,0.992804154,0.992804154,0.992804154,0.992804154,0.992804154,0.992804154,0.992804154,0.992804154,0.992804154,0.992804154,0.992804154,0.0,0.0,0.8,0.0,2.0,1.0,0.992804154,0.992804154,0.992804154,0.992804154,0.992804154,0.992804154,0.992804154,0.992804154,0.992804154,0.992804154,0.992804154,0.992804154,0.0,0.0,0.8,0.0,2.0,1.0,0.992882605,0.992882605,0.992882605,0.992882605,1.0,0.0,0.992882605,0.992882605,0.992882605,0.992882605,1.0,0.0,0.992882605,0.992882605,33760.0,1.0,0.0,0.992882605,0.992882605,33760.0,1.0,0.0,-0.000309017,0.0004,0.2,1.0,1.0,0.0,-0.000309017,0.0004,0.2,1.0,1.0,0.0,-0.000309017,0.0004,0.2,1.0,1.0,0.0,-0.000309017,0.0004,0.2,1.0,1.0,0.0,-0.000309017,0.0004,0.2,1.0,1.0,0.0,-0.000309017,0.0004,0.2,1.0,1.0,0.0,-0.000309017,0.0004,0.2,1.0,1.0,0.0,0.982287251,0.982287251,0.982287251,0.982287251,3.0,11.0,0.982287251,0.982287251,0.982287251,0.982287251,3.0,11.0
0,3,52,232,232,1791590400232000000,1,0.993493607,0.993493607,0.993493607,0.993493607,0.993493607,0.993493607,0.993493607,0.993493607,0.993493607,0.993493607,0.993493607,0.993493607,0.0,0.0,0.8,0.0,2.0,2.0,0.993493607,0.993493607,0.993493607,0.993493607,0.993493607,0.993493607,0.993493607,0.993493607,0.993493607,0.993493607,0.993493607,0.993493607,0.0,0.0,0.8,0.0,2.0,2.0,0.993493607,0.993493607,0.993493607,0.993493607,0.993493607,0.993493607,0.993493607,0.993493607,0.993493607,0.993493607,0.993493607,0.993493607,0.0,0.0,0.8,0.0,2.0,2.0,0.993493607,0.993493607,0.993493607,0.993493607,0.993493607,0.993493607,0.993493607,0.993493607,0.993493607,0.993493607,0.993493607,0.993493607,0.0,0.0,0.8,0.0,2.0,2.0,0.993611311,0.993611311,0.993611311,0.993611311,1.0,0.0,0.993611311,0.993611311,0.993611311,0.993611311,1.0,0.0,0.993611311,0.993611311,33761.0,1.0,0.0,0.993611311,0.993611311,33761.0,1.0,0.0,-0.000587785,0.0004,0.2,1.0,1.0,0.0,-0.000587785,0.0004,0.2,1.0,1.0,0.0,-0.000587785,0.0004,0.2,1.0,1.0,0.0,-0.000587785,0.0004,0.2,1.0,1.0,0.0,-0.000587785,0.0004,0.2,1.0,1.0,0.0,-0.000587785,0.0004,0.2,1.0,1.0,0.0,-0.000587785,0.0004,0.2,1.0,1.0,0.0,0.982287251,0.982287251,0.982287251,0.982287251,3.0,12.0,0.982287251,0.982287251,0.982287251,0.982287251,3.0,12.0
0,3,53,233,233,1791590400233000000,1,0.994183059,0.994183059,0.994183059,0.994183059,0.994183059,0.994183059,0.994183059,0.994183059,0.994183059,0.994183059,0.994183059,0.994183059,0.0,0.0,0.8,0.0,2.0,3.0,0.994183059,0.994183059,0.994183059,0.994183059,0.994183059,0.994183059,0.994183059,0.994183059,0.994183059,0.994183059,0.994183059,0.994183059,0.0,0.0,0.8,0.0,2.0,3.0,0.994183059,0.994183059,0.994183059,0.994183059,0.994183059,0.994183059,0.994183059,0.994183059,0.994183059,0.994183059,0.994183059,0.994183059,0.0,0.0,0.8,0.0,2.0,3.0,0.994183059,0.994183059,0.994183059,0.994183059,0.994183059,0.994183059,0.994183059,0.994183059,0.994183059,0.994183059,0.994183059,0.994183059,0.0,0.0,0.8,0.0,2.0,3.0,0.99430079,0.99430079,0.99430079,0.99430079,1.0,0.0,0.99430079,0.99430079,0.99430079,0.99430079,1.0,0.0,0.99430079,0.99430079,33762.0,1.0,0.0,0.99430079,0.99430079,33762.0,1.0,0.0,-0.000809017,0.0004,0.2,1.0,1.0,0.0,-0.000809017,0.0004,0.2,1.0,1.0,0.0,-0.000809017,0.0004,0.2,1.0,1.0,0.0,-0.000809017,0.0004,0.2,1.0,1.0,0.0,-0.000809017,0.0004,0.2,1.0,1.0,0.0,-0.000809017,0.0004,0.2,1.0,1.0,0.0,-0.000809017,0.0004,0.2,1.0,1.0,0.0,0.982287251,0.982287251,0.982287251,0.982287251,3.0,13.0,0.982287251,0.982287251,0.982287251,0.982287251,3.0,13.0
0,3,54,234,234,1791590400234000000,1,0.994872512,0.994872512,0.994872512,0.994872512,0.994872512,0.994872512,0.994872512,0.994872512,0.994872512,0.994872512,0.994872512,0.994872512,0.0,0.0,0.8,0.0,2.0,4.0,0.994872512,0.994872512,0.994872512,0.994872512,0.994872512,0.994872512,0.994872512,0.994872512,0.994872512,0.994872512,0.994872512,0.994872512,0.0,0.0,0.8,0.0,2.0,4.0,0.994872512,0.994872512,0.994872512,0.994872512,0.994872512,0.994872512,0.994872512,0.994872512,0.994872512,0.994872512,0.994872512,0.994872512,0.0,0.0,0.8,0.0,2.0,4.0,0.994872512,0.994872512,0.994872512,0.994872512,0.994872512,0.994872512,0.994872512,0.994872512,0.994872512,0.994872512,0.994872512,0.994872512,0.0,0.0,0.8,0.0,2.0,4.0,0.994951017,0.994951017,0.994951017,0.994951017,1.0,0.0,0.994951017,0.994951017,0.994951017,0.994951017,1.0,0.0,0.994951017,0.994951017,33762.0,1.0,0.0,0.994951017,0.994951017,33762.0,1.0,0.0,-0.000951057,0.0004,0.2,1.0,1.0,0.0,-0.000951057,0.0004,0.2,1.0,1.0,0.0,-0.000951057,0.0004,0.2,1.0,1.0,0.0,-0.000951057,0.0004,0.2,1.0,1.0,0.0,-0.000951057,0.0004,0.2,1.0,1.0,0.0,-0.000951057,0.0004,0.2,1.0,1.0,0.0,-0.000951057,0.0004,0.2,1.0,1.0,0.0,0.982287251,0.982287251,0.982287251,0.982287251,3.0,14.0,0.982287251,0.982287251,0.982287251,0.982287251,3.0,14.0
0,3,55,235,235,1791590400235000000,1,0.995561965,0.995561965,0.995561965,0.995561965,0.995561965,0.995561965,0.995561965,0.995561965,0.995561965,0.995561965,0.995561965,0.995561965,0.0,0.0,0.8,0.0,1.0,0.0,0.995561965,0.995561965,0.995561965,0.995561965,0.995561965,0.995561965,0.995561965,0.995561965,0.995561965,0.995561965,0.995561965,0.995561965,0.0,0.0,0.8,0.0,1.0,0.0,0.995561965,0.995561965,0.995561965,0.995561965,0.995561965,0.995561965,0.995561965,0.995561965,0.995561965,0.995561965,0.995561965,0.995561965,0.0,0.0,0.8,0.0,1.0,0.0,0.995561965,0.995561965,0.995561965,0.995561965,0.995561965,0.995561965,0.995561965,0.995561965,0.995561965,0.995561965,0.995561965,0.995561965,0.0,0.0,0.8,0.0,1.0,0.0,0.995561965,0.995561965,0.995561965,0.995561965,1.0,0.0,0.995561965,0.995561965,0.995561965,0.995561965,1.0,0.0,0.995561965,0.995561965,33763.0,1.0,0.0,0.995561965,0.995561965,33763.0,1.0,0.0,-0.001,0.0004,0.2,1.0,1.0,0.0,-0.001,0.0004,0.2,1.0,1.0,0.0,-0.001,0.0004,0.2,1.0,1.0,0.0,-0.001,0.0004,0.2,1.0,1.0,0.0,-0.001,0.0004,0.2,1.0,1.0,0.0,-0.001,0.0004,0.2,1.0,1.0,0.0,-0.001,0.0004,0.2,1.0,1.0,0.0,0.982287251,0.982287251,0.982287251,0.982287251,3.0,15.0,0.982287251,0.982287251,0.982287251,0.982287251,3.0,15.0
0,3,56,236,236,1791590400236000000,1,0.996054917,0.996054917,0.996054917,0.996054917,0.996054917,0.996054917,0.996054917,0.996054917,0.996054917,0.996054917,0.996054917,0.996054917,0.0,0.0,0.8,0.0,2.0,1.0,0.996054917,0.996054917,0.996054917,0.996054917,0.996054917,0.996054917,0.996054917,0.996054917,0.996054917,0.996054917,0.996054917,0.996054917,0.0,0.0,0.8,0.0,2.0,1.0,0.996054917,0.996054917,0.996054917,0.996054917,0.996054917,0.996054917,0.996054917,0.996054917,0.996054917,0.996054917,0.996054917,0.996054917,0.0,0.0,0.8,0.0,2.0,1.0,0.996054917,0.996054917,0.996054917,0.996054917,0.996054917,0.996054917,0.996054917,0.996054917,0.996054917,0.996054917,0.996054917,0.996054917,0.0,0.0,0.8,0.0,2.0,1.0,0.996133609,0.996133609,0.996133609,0.996133609,1.0,0.0,0.996133609,0.996133609,0.996133609,0.996133609,1.0,0.0,0.996133609,0.996133609,33764.0,1.0,0.0,0.996133609,0.996133609,33764.0,1.0,0.0,-0.000951057,0.0004,0.2,1.0,1.0,0.0,-0.000951057,0.0004,0.2,1.0,1.0,0.0,-0.000951057,0.0004,0.2,1.0,1.0,0.0,-0.000951057,0.0004,0.2,1.0,1.0,0.0,-0.000951057,0.0004,0.2,1.0,1.0,0.0,-0.000951057,0.0004,0.2,1.0,1.0,0.0,-0.000951057,0.0004,0.2,1.0,1.0,0.0,0.982287251,0.982287251,0.982287251,0.982287251,3.0,16.0,0.982287251,0.982287251,0.982287251,0.982287251,3.0,16.0
0,3,57,237,237,1791590400237000000,1,0.99654787,0.99654787,0.99654787,0.99654787,0.99654787,0.99654787,0.99654787,0.99654787,0.99654787,0.99654787,0.99654787,0.99654787,0.0,0.0,0.8,0.0,2.0,2.0,0.99654787,0.99654787,0.99654787,0.99654787,0.99654787,0.99654787,0.99654787,0.99654787,0.99654787,0.99654787,0.99654787,0.99654787,0.0,0.0,0.8,0.0,2.0,2.0,0.99654787,0.99654787,0.99654787,0.99654787,0.99654787,0.99654787,0.99654787,0.99654787,0.99654787,0.99654787,0.99654787,0.99654787,0.0,0.0,0.8,0.0,2.0,2.0,0.99654787,0.99654787,0.99654787,0.99654787,0.99654787,0.99654787,0.99654787,0.99654787,0.99654787,0.99654787,0.99654787,0.99654787,0.0,0.0,0.8,0.0,2.0,2.0,0.996665928,0.996665928,0.996665928,0.996665928,1.0,0.0,0.996665928,0.996665928,0.996665928,0.996665928,1.0,0.0,0.996665928,0.996665928,33764.0,1.0,0.0,0.996665928,0.996665928,33764.0,1.0,0.0,-0.000809017,0.0004,0.2,1.0,1.0,0.0,-0.000809017,0.0004,0.2,1.0,1.0,0.0,-0.000809017,0.0004,0.2,1.0,1.0,0.0,-0.000809017,0.0004,0.2,1.0,1.0,0.0,-0.000809017,0.0004,0.2,1.0,1.0,0.0,-0.000809017,0.0004,0.2,1.0,1.0,0.0,-0.000809017,0.0004,0.2,1.0,1.0,0.0,0.982287251,0.982287251,0.982287251,0.982287251,3.0,17.0,0.982287251,0.982287251,0.982287251,0.982287251,3.0,17.0
0,3,58,238,238,1791590400238000000,1,0.997040823,0.997040823,0.997040823,0.997040823,0.997040823,0.997040823,0.997040823,0.997040823,0.997040823,0.997040823,0.997040823,0.997040823,0.0,0.0,0.8,0.0,2.0,3.0,0.997040823,0.997040823,0.997040823,0.997040823,0.997040823,0.997040823,0.997040823,0.997040823,0.997040823,0.997040823,0.997040823,0.997040823,0.0,0.0,0.8,0.0,2.0,3.0,0.997040823,0.997040823,0.997040823,0.997040823,0.997040823,0.997040823,0.997040823,0.997040823,0.997040823,0.997040823,0.997040823,0.997040823,0.0,0.0,0.8,0.0,2.0,3.0,0.997040823,0.997040823,0.997040823,0.997040823,0.997040823,0.997040823,0.997040823,0.997040823,0.997040823,0.997040823,0.997040823,0.997040823,0.0,0.0,0.8,0.0,2.0,3.0,0.9971589,0.9971589,0.9971589,0.9971589,1.0,0.0,0.9971589,0.9971589,0.9971589,0.9971589,1.0,0.0,0.9971589,0.9971589,33765.0,1.0,0.0,0.9971589,0.9971589,33765.0,1.0,0.0,-0.000587785,0.0004,0.2,1.0,1.0,0.0,-0.000587785,0.0004,0.2,1.0,1.0,0.0,-0.000587785,0.0004,0.2,1.0,1.0,0.0,-0.000587785,0.0004,0.2,1.0,1.0,0.0,-0.000587785,0.0004,0.2,1.0,1.0,0.0,-0.000587785,0.0004,0.2,1.0,1.0,0.0,-0.000587785,0.0004,0.2,1.0,1.0,0.0,0.982287251,0.982287251,0.982287251,0.982287251,3.0,18.0,0.982287251,0.982287251,0.982287251,0.982287251,3.0,18.0
0,3,59,239,239,1791590400239000000,1,0.997533776,0.997533776,0.997533776,0.997533776,0.997533776,0.997533776,0.997533776,0.997533776,0.997533776,0.997533776,0.997533776,0.997533776,0.0,0.0,0.8,0.0,2.0,4.0,0.997533776,0.997533776,0.997533776,0.997533776,0.997533776,0.997533776,0.997533776,0.997533776,0.997533776,0.997533776,0.997533776,0.997533776,0.0,0.0,0.8,0.0,2.0,4.0,0.997533776,0.997533776,0.997533776,0.997533776,0.997533776,0.997533776,0.997533776,0.997533776,0.997533776,0.997533776,0.997533776,0.997533776,0.0,0.0,0.8,0.0,2.0,4.0,0.997533776,0.997533776,0.997533776,0.997533776,0.997533776,0.997533776,0.997533776,0.997533776,0.997533776,0.997533776,0.997533776,0.997533776,0.0,0.0,0.8,0.0,2.0,4.0,0.997612506,0.997612506,0.997612506,0.997612506,1.0,0.0,0.997612506,0.997612506,0.997612506,0.997612506,1.0,0.0,0.997612506,0.997612506,33765.0,1.0,0.0,0.997612506,0.997612506,33765.0,1.0,0.0,-0.000309017,0.0004,0.2,1.0,1.0,0.0,-0.000309017,0.0004,0.2,1.0,1.0,0.0,-0.000309017,0.0004,0.2,1.0,1.0,0.0,-0.000309017,0.0004,0.2,1.0,1.0,0.0,-0.000309017,0.0004,0.2,1.0,1.0,0.0,-0.000309017,0.0004,0.2,1.0,1.0,0.0,-0.000309017,0.0004,0.2,1.0,1.0,0.0,0.982287251,0.982287251,0.982287251,0.982287251,3.0,19.0,0.982287251,0.982287251,0.982287251,0.982287251,3.0,19.0
0,4,0,240,240,1791590400240000000,1,0.998026728,0.998026728,0.998026728,0.998026728,0.998026728,0.998026728,0.998026728,0.998026728,0.998026728,0.998026728,0.998026728,0.998026728,0.0,0.0,0.8,0.0,1.0,0.0,0.998026728,0.998026728,0.998026728,0.998026728,0.998026728,0.998026728,0.998026728,0.998026728,0.998026728,0.998026728,0.998026728,0.998026728,0.0,0.0,0.8,0.0,1.0,0.0,0.998026728,0.998026728,0.998026728,0.998026728,0.998026728,0.998026728,0.998026728,0.998026728,0.998026728,0.998026728,0.998026728,0.998026728,0.0,0.0,0.8,0.0,1.0,0.0,0.998026728,0.998026728,0.998026728,0.998026728,0.998026728,0.998026728,0.998026728,0.998026728,0.998026728,0.998026728,0.998026728,0.998026728,0.0,0.0,0.8,0.0,1.0,0.0,0.998026728,0.998026728,0.998026728,0.998026728,1.0,0.0,0.998026728,0.998026728,0.998026728,0.998026728,1.0,0.0,0.998026728,0.998026728,33766.0,1.0,0.0,0.998026728,0.998026728,33766.0,1.0,0.0,-0.0,0.0004,0.2,1.0,1.0,0.0,-0.0,0.0004,0.2,1.0,1.0,0.0,-0.0,0.0004,0.2,1.0,1.0,0.0,-0.0,0.0004,0.2,1.0,1.0,0.0,-0.0,0.0004,0.2,1.0,1.0,0.0,-0.0,0.0004,0.2,1.0,1.0,0.0,-0.0,0.0004,0.2,1.0,1.0,0.0,0.998026728,0.998026728,0.998026728,0.998026728,3.0,0.0,0.998026728,0.998026728,0.998026728,0.998026728,3.0,0.0
0,4,1,241,241,1791590400241000000,1,0.998322695,0.998322695,0.998322695,0.998322695,0.998322695,0.998322695,0.998322695,0.998322695,0.998322695,0.998322695,0.998322695,0.998322695,0.0,0.0,0.8,0.0,2.0,1.0,0.998322695,0.998322695,0.998322695,0.998322695,0.998322695,0.998322695,0.998322695,0.998322695,0.998322695,0.998322695,0.998322695,0.998322695,0.0,0.0,0.8,0.0,2.0,1.0,0.998322695,0.998322695,0.998322695,0.998322695,0.998322695,0.998322695,0.998322695,0.998322695,0.998322695,0.998322695,0.998322695,0.998322695,0.0,0.0,0.8,0.0,2.0,1.0,0.998322695,0.998322695,0.998322695,0.998322695,0.998322695,0.998322695,0.998322695,0.998322695,0.998322695,0.998322695,0.998322695,0.998322695,0.0,0.0,0.8,0.0,2.0,1.0,0.99840155,0.99840155,0.99840155,0.99840155,1.0,0.0,0.99840155,0.99840155,0.99840155,0.99840155,1.0,0.0,0.99840155,0.99840155,33766.0,1.0,0.0,0.99840155,0.99840155,33766.0,1.0,0.0,0.000309017,0.0004,0.2,1.0,1.0,0.0,0.000309017,0.0004,0.2,1.0,1.0,0.0,0.000309017,0.0004,0.2,1.0,1.0,0.0,0.000309017,0.0004,0.2,1.0,1.0,0.0,0.000309017,0.0004,0.2,1.0,1.0,0.0,0.000309017,0.0004,0.2,1.0,1.0,0.0,0.000309017,0.0004,0.2,1.0,1.0,0.0,0.998026728,0.998026728,0.998026728,0.998026728,3.0,1.0,0.998026728,0.998026728,0.998026728,0.998026728,3.0,1.0
0,4,2,242,242,1791590400242000000,1,0.998618661,0.998618661,0.998618661,0.998618661,0.998618661,0.998618661,0.998618661,0.998618661,0.998618661,0.998618661,0.998618661,0.998618661,0.0,0.0,0.8,0.0,2.0,2.0,0.998618661,0.998618661,0.998618661,0.998618661,0.998618661,0.998618661,0.998618661,0.998618661,0.998618661,0.998618661,0.998618661,0.998618661,0.0,0.0,0.8,0.0,2.0,2.0,0.998618661,0.998618661,0.998618661,0.998618661,0.998618661,0.998618661,0.998618661,0.998618661,0.998618661,0.998618661,0.998618661,0.998618661,0.0,0.0,0.8,0.0,2.0,2.0,0.998618661,0.998618661,0.998618661,0.998618661,0.998618661,0.998618661,0.998618661,0.998618661,0.998618661,0.998618661,0.998618661,0.998618661,0.0,0.0,0.8,0.0,2.0,2.0,0.998736957,0.998736957,0.998736957,0.998736957,1.0,0.0,0.998736957,0.998736957,0.998736957,0.998736957,1.0,0.0,0.998736957,0.998736957,33766.0,1.0,0.0,0.998736957,0.998736957,33766.0,1.0,0.0,0.000587785,0.0004,0.2,1.0,1.0,0.0,0.000587785,0.0004,0.2,1.0,1.0,0.0,0.000587785,0.0004,0.2,1.0,1.0,0.0,0.000587785,0.0004,0.2,1.0,1.0,0.0,0.000587785,0.0004,0.2,1.0,1.0,0.0,0.000587785,0.0004,0.2,1.0,1.0,0.0,0.000587785,0.0004,0.2,1.0,1.0,0.0,0.998026728,0.998026728,0.998026728,0.998026728,3.0,2.0,0.998026728,0.998026728,0.998026728,0.998026728,3.0,2.0
0,4,3,243,243,1791590400243000000,1,0.998914628,0.998914628,0.998914628,0.998914628,0.998914628,0.998914628,0.998914628,0.998914628,0.998914628,0.998914628,0.998914628,0.998914628,0.0,0.0,0.8,0.0,2.0,3.0,0.998914628,0.998914628,0.998914628,0.998914628,0.998914628,0.998914628,0.998914628,0.998914628,0.998914628,0.998914628,0.998914628,0.998914628,0.0,0.0,0.8,0.0,2.0,3.0,0.998914628,0.998914628,0.998914628,0.998914628,0.998914628,0.998914628,0.998914628,0.998914628,0.998914628,0.998914628,0.998914628,0.998914628,0.0,0.0,0.8,0.0,2.0,3.0,0.998914628,0.998914628,0.998914628,0.998914628,0.998914628,0.998914628,0.998914628,0.998914628,0.998914628,0.998914628,0.998914628,0.998914628,0.0,0.0,0.8,0.0,2.0,3.0,0.999032935,0.999032935,0.999032935,0.999032935,1.0,0.0,0.999032935,0.999032935,0.999032935,0.999032935,1.0,0.0,0.999032935,0.999032935,33767.0,1.0,0.0,0.999032935,0.999032935,33767.0,1.0,0.0,0.000809017,0.0004,0.2,1.0,1.0,0.0,0.000809017,0.0004,0.2,1.0,1.0,0.0,0.000809017,0.0004,0.2,1.0,1.0,0.0,0.000809017,0.0004,0.2,1.0,1.0,0.0,0.000809017,0.0004,0.2,1.0,1.0,0.0,0.000809017,0.0004,0.2,1.0,1.0,0.0,0.000809017,0.0004,0.2,1.0,1.0,0.0,0.998026728,0.998026728,0.998026728,0.998026728,3.0,3.0,0.998026728,0.998026728,0.998026728,0.998026728,3.0,3.0
0,4,4,244,244,1791590400244000000,1,0.999210594,0.999210594,0.999210594,0.999210594,0.999210594,0.999210594,0.999210594,0.999210594,0.999210594,0.999210594,0.999210594,0.999210594,0.0,0.0,0.8,0.0,2.0,4.0,0.999210594,0.999210594,0.999210594,0.999210594,0.999210594,0.999210594,0.999210594,0.999210594,0.999210594,0.999210594,0.999210594,0.999210594,0.0,0.0,0.8,0.0,2.0,4.0,0.999210594,0.999210594,0.999210594,0.999210594,0.999210594,0.999210594,0.999210594,0.999210594,0.999210594,0.999210594,0.999210594,0.999210594,0.0,0.0,0.8,0.0,2.0,4.0,0.999210594,0.999210594,0.999210594,0.999210594,0.999210594,0.999210594,0.999210594,0.999210594,0.999210594,0.999210594,0.999210594,0.999210594,0.0,0.0,0.8,0.0,2.0,4.0,0.999289473,0.999289473,0.999289473,0.999289473,1.0,0.0,0.999289473,0.999289473,0.999289473,0.999289473,1.0,0.0,0.999289473,0.999289473,33767.0,1.0,0.0,0.999289473,0.999289473,33767.0,1.0,0.0,0.000951057,0.0004,0.2,1.0,1.0,0.0,0.000951057,0.0004,0.2,1.0,1.0,0.0,0.000951057,0.0004,0.2,1.0,1.0,0.0,0.000951057,0.0004,0.2,1.0,1.0,0.0,0.000951057,0.0004,0.2,1.0,1.0,0.0,0.000951057,0.0004,0.2,1.0,1.0,0.0,0.000951057,0.0004,0.2,1.0,1.0,0.0,0.998026728,0.998026728,0.998026728,0.998026728,3.0,4.0,0.998026728,0.998026728,0.998026728,0.998026728,3.0,4.0
0,4,5,245,245,1791590400245000000,1,0.99950656,0.99950656,0.99950656,0.99950656,0.99950656,0.99950656,0.99950656,0.99950656,0.99950656,0.99950656,0.99950656,0.99950656,0.0,0.0,0.8,0.0,1.0,0.0,0.99950656,0.99950656,0.99950656,0.99950656,0.99950656,0.99950656,0.99950656,0.99950656,0.99950656,0.99950656,0.99950656,0.99950656,0.0,0.0,0.8,0.0,1.0,0.0,0.99950656,0.99950656,0.99950656,0.99950656,0.99950656,0.99950656,0.99950656,0.99950656,0.99950656,0.99950656,0.99950656,0.99950656,0.0,0.0,0.8,0.0,1.0,0.0,0.99950656,0.99950656,0.99950656,0.99950656,0.99950656,0.99950656,0.99950656,0.99950656,0.99950656,0.99950656,0.99950656,0.99950656,0.0,0.0,0.8,0.0,1.0,0.0,0.99950656,0.99950656,0.99950656,0.99950656,1.0,0.0,0.99950656,0.99950656,0.99950656,0.99950656,1.0,0.0,0.99950656,0.99950656,33767.0,1.0,0.0,0.99950656,0.99950656,33767.0,1.0,0.0,0.001,0.0004,0.2,1.0,1.0,0.0,0.001,0.0004,0.2,1.0,1.0,0.0,0.001,0.0004,0.2,1.0,1.0,0.0,0.001,0.0004,0.2,1.0,1.0,0.0,0.001,0.0004,0.2,1.0,1.0,0.0,0.001,0.0004,0.2,1.0,1.0,0.0,0.001,0.0004,0.2,1.0,1.0,0.0,0.998026728,0.998026728,0.998026728,0.998026728,3.0,5.0,0.998026728,0.998026728,0.998026728,0.998026728,3.0,5.0
0,4,6,246,246,1791590400246000000,1,0.999605248,0.999605248,0.999605248,0.999605248,0.999605248,0.999605248,0.999605248,0.999605248,0.999605248,0.999605248,0.999605248,0.999605248,0.0,0.0,0.8,0.0,2.0,1.0,0.999605248,0.999605248,0.999605248,0.999605248,0.999605248,0.999605248,0.999605248,0.999605248,0.999605248,0.999605248,0.999605248,0.999605248,0.0,0.0,0.8,0.0,2.0,1.0,0.999605248,0.999605248,0.999605248,0.999605248,0.999605248,0.999605248,0.999605248,0.999605248,0.999605248,0.999605248,0.999605248,0.999605248,0.0,0.0,0.8,0.0,2.0,1.0,0.999605248,0.999605248,0.999605248,0.999605248,0.999605248,0.999605248,0.999605248,0.999605248,0.999605248,0.999605248,0.999605248,0.999605248,0.0,0.0,0.8,0.0,2.0,1.0,0.999684189,0.999684189,0.999684189,0.999684189,1.0,0.0,0.999684189,0.999684189,0.999684189,0.999684189,1.0,0.0,0.999684189,0.999684189,33767.0,1.0,0.0,0.999684189,0.999684189,33767.0,1.0,0.0,0.000951057,0.0004,0.2,1.0,1.0,0.0,0.000951057,0.0004,0.2,1.0,1.0,0.0,0.000951057,0.0004,0.2,1.0,1.0,0.0,0.000951057,0.0004,0.2,1.0,1.0,0.0,0.000951057,0.0004,0.2,1.0,1.0,0.0,0.000951057,0.0004,0.2,1.0,1.0,0.0,0.000951057,0.0004,0.2,1.0,1.0,0.0,0.998026728,0.998026728,0.998026728,0.998026728,3.0,6.0,0.998026728,0.998026728,0.998026728,0.998026728,3.0,6.0
0,4,7,247,247,1791590400247000000,1,0.999703936,0.999703936,0.999703936,0.999703936,0.999703936,0.999703936,0.999703936,0.999703936,0.999703936,0.999703936,0.999703936,0.999703936,0.0,0.0,0.8,0.0,2.0,2.0,0.999703936,0.999703936,0.999703936,0.999703936,0.999703936,0.999703936,0.999703936,0.999703936,0.999703936,0.999703936,0.999703936,0.999703936,0.0,0.0,0.8,0.0,2.0,2.0,0.999703936,0.999703936,0.999703936,0.999703936,0.999703936,0.999703936,0.999703936,0.999703936,0.999703936,0.999703936,0.999703936,0.999703936,0.0,0.0,0.8,0.0,2.0,2.0,0.999703936,0.999703936,0.999703936,0.999703936,0.999703936,0.999703936,0.999703936,0.999703936,0.999703936,0.999703936,0.999703936,0.999703936,0.0,0.0,0.8,0.0,2.0,2.0,0.999822352,0.999822352,0.999822352,0.999822352,1.0,0.0,0.999822352,0.999822352,0.999822352,0.999822352,1.0,0.0,0.999822352,0.999822352,33767.0,1.0,0.0,0.999822352,0.999822352,33767.0,1.0,0.0,0.000809017,0.0004,0.2,1.0,1.0,0.0,0.000809017,0.0004,0.2,1.0,1.0,0.0,0.000809017,0.0004,0.2,1.0,1.0,0.0,0.000809017,0.0004,0.2,1.0,1.0,0.0,0.000809017,0.0004,0.2,1.0,1.0,0.0,0.000809017,0.0004,0.2,1.0,1.0,0.0,0.000809017,0.0004,0.2,1.0,1.0,0.0,0.998026728,0.998026728,0.998026728,0.998026728,3.0,7.0,0.998026728,0.998026728,0.998026728,0.998026728,3.0,7.0
0,4,8,248,248,1791590400248000000,1,0.999802624,0.999802624,0.999802624,0.999802624,0.999802624,0.999802624,0.999802624,0.999802624,0.999802624,0.999802624,0.999802624,0.999802624,0.0,0.0,0.8,0.0,2.0,3.0,0.999802624,0.999802624,0.999802624,0.999802624,0.999802624,0.999802624,0.999802624,0.999802624,0.999802624,0.999802624,0.999802624,0.999802624,0.0,0.0,0.8,0.0,2.0,3.0,0.999802624,0.999802624,0.999802624,0.999802624,0.999802624,0.999802624,0.999802624,0.999802624,0.999802624,0.999802624,0.999802624,0.999802624,0.0,0.0,0.8,0.0,2.0,3.0,0.999802624,0.999802624,0.999802624,0.999802624,0.999802624,0.999802624,0.999802624,0.999802624,0.999802624,0.999802624,0.999802624,0.999802624,0.0,0.0,0.8,0.0,2.0,3.0,0.999921044,0.999921044,0.999921044,0.999921044,1.0,0.0,0.999921044,0.999921044,0.999921044,0.999921044,1.0,0.0,0.999921044,0.999921044,33767.0,1.0,0.0,0.999921044,0.999921044,33767.0,1.0,0.0,0.000587785,0.0004,0.2,1.0,1.0,0.0,0.000587785,0.0004,0.2,1.0,1.0,0.0,0.000587785,0.0004,0.2,1.0,1.0,0.0,0.000587785,0.0004,0.2,1.0,1.0,0.0,0.000587785,0.0004,0.2,1.0,1.0,0.0,0.000587785,0.0004,0.2,1.0,1.0,0.0,0.000587785,0.0004,0.2,1.0,1.0,0.0,0.998026728,0.998026728,0.998026728,0.998026728,3.0,8.0,0.998026728,0.998026728,0.998026728,0.998026728,3.0,8.0
0,4,9,249,249,1791590400249000000,1,0.999901312,0.999901312,0.999901312,0.999901312,0.999901312,0.999901312,0.999901312,0.999901312,0.999901312,0.999901312,0.999901312,0.999901312,0.0,0.0,0.8,0.0,2.0,4.0,0.999901312,0.999901312,0.999901312,0.999901312,0.999901312,0.999901312,0.999901312,0.999901312,0.999901312,0.999901312,0.999901312,0.999901312,0.0,0.0,0.8,0.0,2.0,4.0,0.999901312,0.999901312,0.999901312,0.999901312,0.999901312,0.999901312,0.999901312,0.999901312,0.999901312,0.999901312,0.999901312,0.999901312,0.0,0.0,0.8,0.0,2.0,4.0,0.999901312,0.999901312,0.999901312,0.999901312,0.999901312,0.999901312,0.999901312,0.999901312,0.999901312,0.999901312,0.999901312,0.999901312,0.0,0.0,0.8,0.0,2.0,4.0,0.999980261,0.999980261,0.999980261,0.999980261,1.0,0.0,0.999980261,0.999980261,0.999980261,0.999980261,1.0,0.0,0.999980261,0.999980261,33767.0,1.0,0.0,0.999980261,0.999980261,33767.0,1.0,0.0,0.000309017,0.0004,0.2,1.0,1.0,0.0,0.000309017,0.0004,0.2,1.0,1.0,0.0,0.000309017,0.0004,0.2,1.0,1.0,0.0,0.000309017,0.0004,0.2,1.0,1.0,0.0,0.000309017,0.0004,0.2,1.0,1.0,0.0,0.000309017,0.0004,0.2,1.0,1.0,0.0,0.000309017,0.0004,0.2,1.0,1.0,0.0,0.998026728,0.998026728,0.998026728,0.998026728,3.0,9.0,0.998026728,0.998026728,0.998026728,0.998026728,3.0,9.0
0,4,10,250,250,1791590400250000000,1,1.0,1.0,1.0,1.0,1.0,1.0,1.0,1.0,1.0,1.0,1.0,1.0,0.0,0.0,0.8,0.0,1.0,0.0,1.0,1.0,1.0,1.0,1.0,1.0,1.0,1.0,1.0,1.0,1.0,1.0,0.0,0.0,0.8,0.0,1.0,0.0,1.0,1.0,1.0,1.0,1.0,1.0,1.0,1.0,1.0,1.0,1.0,1.0,0.0,0.0,0.8,0.0,1.0,0.0,1.0,1.0,1.0,1.0,1.0,1.0,1.0,1.0,1.0,1.0,1.0,1.0,0.0,0.0,0.8,0.0,1.0,0.0,1.0,1.0,1.0,1.0,1.0,0.0,1.0,1.0,1.0,1.0,1.0,0.0,1.0,1.0,33768.0,1.0,0.0,1.0,1.0,33768.0,1.0,0.0,-0.0,0.0004,0.2,1.0,1.0,0.0,-0.0,0.0004,0.2,1.0,1.0,0.0,-0.0,0.0004,0.2,1.0,1.0,0.0,-0.0,0.0004,0.2,1.0,1.0,0.0,-0.0,0.0004,0.2,1.0,1.0,0.0,-0.0,0.0004,0.2,1.0,1.0,0.0,-0.0,0.0004,0.2,1.0,1.0,0.0,0.998026728,0.998026728,0.998026728,0.998026728,3.0,10.0,0.998026728,0.998026728,0.998026728,0.998026728,3.0,10.0
0,4,11,251,251,1791590400251000000,1,0.999901312,0.999901312,0.999901312,0.999901312,0.999901312,0.999901312,0.999901312,0.999901312,0.999901312,0.999901312,0.999901312,0.999901312,0.0,0.0,0.8,0.0,2.0,1.0,0.999901312,0.999901312,0.999901312,0.999901312,0.999901312,0.999901312,0.999901312,0.999901312,0.999901312,0.999901312,0.999901312,0.999901312,0.0,0.0,0.8,0.0,2.0,1.0,0.999901312,0.999901312,0.999901312,0.999901312,0.999901312,0.999901312,0.999901312,0.999901312,0.999901312,0.999901312,0.999901312,0.999901312,0.0,0.0,0.8,0.0,2.0,1.0,0.999901312,0.999901312,0.999901312,0.999901312,0.999901312,0.999901312,0.999901312,0.999901312,0.999901312,0.999901312,0.999901312,0.999901312,0.0,0.0,0.8,0.0,2.0,1.0,0.999980261,0.999980261,0.999980261,0.999980261,1.0,0.0,0.999980261,0.999980261,0.999980261,0.999980261,1.0,0.0,0.999980261,0.999980261,33767.0,1.0,0.0,0.999980261,0.999980261,33767.0,1.0,0.0,-0.000309017,0.0004,0.2,1.0,1.0,0.0,-0.000309017,0.0004,0.2,1.0,1.0,0.0,-0.000309017,0.0004,0.2,1.0,1.0,0.0,-0.000309017,0.0004,0.2,1.0,1.0,0.0,-0.000309017,0.0004,0.2,1.0,1.0,0.0,-0.000309017,0.0004,0.2,1.0,1.0,0.0,-0.000309017,0.0004,0.2,1.0,1.0,0.0,0.998026728,0.998026728,0.998026728,0.998026728,3.0,11.0,0.998026728,0.998026728,0.998026728,0.998026728,3.0,11.0
0,4,12,252,252,1791590400252000000,1,0.999802624,0.999802624,0.999802624,0.999802624,0.999802624,0.999802624,0.999802624,0.999802624,0.999802624,0.999802624,0.999802624,0.999802624,0.0,0.0,0.8,0.0,2.0,2.0,0.999802624,0.999802624,0.999802624,0.999802624,0.999802624,0.999802624,0.999802624,0.999802624,0.999802624,0.999802624,0.999802624,0.999802624,0.0,0.0,0.8,0.0,2.0,2.0,0.999802624,0.999802624,0.999802624,0.999802624,0.999802624,0.999802624,0.999802624,0.999802624,0.999802624,0.999802624,0.999802624,0.999802624,0.0,0.0,0.8,0.0,2.0,2.0,0.999802624,0.999802624,0.999802624,0.999802624,0.999802624,0.999802624,0.999802624,0.999802624,0.999802624,0.999802624,0.999802624,0.999802624,0.0,0.0,0.8,0.0,2.0,2.0,0.999921044,0.999921044,0.999921044,0.999921044,1.0,0.0,0.999921044,0.999921044,0.999921044,0.999921044,1.0,0.0,0.999921044,0.999921044,33767.0,1.0,0.0,0.999921044,0.999921044,33767.0,1.0,0.0,-0.000587785,0.0004,0.2,1.0,1.0,0.0,-0.000587785,0.0004,0.2,1.0,1.0,0.0,-0.000587785,0.0004,0.2,1.0,1.0,0.0,-0.000587785,0.0004,0.2,1.0,1.0,0.0,-0.000587785,0.0004,0.2,1.0,1.0,0.0,-0.000587785,0.0004,0.2,1.0,1.0,0.0,-0.000587785,0.0004,0.2,1.0,1.0,0.0,0.998026728,0.998026728,0.998026728,0.998026728,3.0,12.0,0.998026728,0.998026728,0.998026728,0.998026728,3.0,12.0
0,4,13,253,253,1791590400253000000,1,0.999703936,0.999703936,0.999703936,0.999703936,0.999703936,0.999703936,0.999703936,0.999703936,0.999703936,0.999703936,0.999703936,0.999703936,0.0,0.0,0.8,0.0,2.0,3.0,0.999703936,0.999703936,0.999703936,0.999703936,0.999703936,0.999703936,0.999703936,0.999703936,0.999703936,0.999703936,0.999703936,0.999703936,0.0,0.0,0.8,0.0,2.0,3.0,0.999703936,0.999703936,0.999703936,0.999703936,0.999703936,0.999703936,0.999703936,0.999703936,0.999703936,0.999703936,0.999703936,0.999703936,0.0,0.0,0.8,0.0,2.0,3.0,0.999703936,0.999703936,0.999703936,0.999703936,0.999703936,0.999703936,0.999703936,0.999703936,0.999703936,0.999703936,0.999703936,0.999703936,0.0,0.0,0.8,0.0,2.0,3.0,0.999822352,0.999822352,0.999822352,0.999822352,1.0,0.0,0.999822352,0.999822352,0.999822352,0.999822352,1.0,0.0,0.999822352,0.999822352,33767.0,1.0,0.0,0.999822352,0.999822352,33767.0,1.0,0.0,-0.000809017,0.0004,0.2,1.0,1.0,0.0,-0.000809017,0.0004,0.2,1.0,1.0,0.0,-0.000809017,0.0004,0.2,1.0,1.0,0.0,-0.000809017,0.0004,0.2,1.0,1.0,0.0,-0.000809017,0.0004,0.2,1.0,1.0,0.0,-0.000809017,0.0004,0.2,1.0,1.0,0.0,-0.000809017,0.0004,0.2,1.0,1.0,0.0,0.998026728,0.998026728,0.998026728,0.998026728,3.0,13.0,0.998026728,0.998026728,0.998026728,0.998026728,3.0,13.0
0,4,14,254,254,1791590400254000000,1,0.999605248,0.999605248,0.999605248,0.999605248,0.999605248,0.999605248,0.999605248,0.999605248,0.999605248,0.999605248,0.999605248,0.999605248,0.0,0.0,0.8,0.0,2.0,4.0,0.999605248,0.999605248,0.999605248,0.999605248,0.999605248,0.999605248,0.999605248,0.999605248,0.999605248,0.999605248,0.999605248,0.999605248,0.0,0.0,0.8,0.0,2.0,4.0,0.999605248,0.999605248,0.999605248,0.999605248,0.999605248,0.999605248,0.999605248,0.999605248,0.999605248,0.999605248,0.999605248,0.999605248,0.0,0.0,0.8,0.0,2.0,4.0,0.999605248,0.999605248,0.999605248,0.999605248,0.999605248,0.999605248,0.999605248,0.999605248,0.999605248,0.999605248,0.999605248,0.999605248,0.0,0.0,0.8,0.0,2.0,4.0,0.999684189,0.999684189,0.999684189,0.999684189,1.0,0.0,0.999684189,0.999684189,0.999684189,0.999684189,1.0,0.0,0.999684189,0.999684189,33767.0,1.0,0.0,0.999684189,0.999684189,33767.0,1.0,0.0,-0.000951057,0.0004,0.2,1.0,1.0,0.0,-0.000951057,0.0004,0.2,1.0,1.0,0.0,-0.000951057,0.0004,0.2,1.0,1.0,0.0,-0.000951057,0.0004,0.2,1.0,1.0,0.0,-0.000951057,0.0004,0.2,1.0,1.0,0.0,-0.000951057,0.0004,0.2,1.0,1.0,0.0,-0.000951057,0.0004,0.2,1.0,1.0,0.0,0.998026728,0.998026728,0.998026728,0.998026728,3.0,14.0,0.998026728,0.998026728,0.998026728,0.998026728,3.0,14.0
0,4,15,255,255,1791590400255000000,1,0.99950656,0.99950656,0.99950656,0.99950656,0.99950656,0.99950656,0.99950656,0.99950656,0.99950656,0.99950656,0.99950656,0.99950656,0.0,0.0,0.8,0.0,1.0,0.0,0.99950656,0.99950656,0.99950656,0.99950656,0.99950656,0.99950656,0.99950656,0.99950656,0.99950656,0.99950656,0.99950656,0.99950656,0.0,0.0,0.8,0.0,1.0,0.0,0.99950656,0.99950656,0.99950656,0.99950656,0.99950656,0.99950656,0.99950656,0.99950656,0.99950656,0.99950656,0.99950656,0.99950656,0.0,0.0,0.8,0.0,1.0,0.0,0.99950656,0.99950656,0.99950656,0.99950656,0.99950656,0.99950656,0.99950656,0.99950656,0.99950656,0.99950656,0.99950656,0.99950656,0.0,0.0,0.8,0.0,1.0,0.0,0.99950656,0.99950656,0.99950656,0.99950656,1.0,0.0,0.99950656,0.99950656,0.99950656,0.99950656,1.0,0.0,0.99950656,0.99950656,33767.0,1.0,0.0,0.99950656,0.99950656,33767.0,1.0,0.0,-0.001,0.0004,0.2,1.0,1.0,0.0,-0.001,0.0004,0.2,1.0,1.0,0.0,-0.001,0.0004,0.2,1.0,1.0,0.0,-0.001,0.0004,0.2,1.0,1.0,0.0,-0.001,0.0004,0.2,1.0,1.0,0.0,-0.001,0.0004,0.2,1.0,1.0,0.0,-0.001,0.0004,0.2,1.0,1.0,0.0,0.998026728,0.998026728,0.998026728,0.998026728,3.0,15.0,0.998026728,0.998026728,0.998026728,0.998026728,3.0,15.0
0,4,16,256,256,1791590400256000000,1,0.999210594,0.999210594,0.999210594,0.999210594,0.999210594,0.999210594,0.999210594,0.999210594,0.999210594,0.999210594,0.999210594,0.999210594,0.0,0.0,0.8,0.0,2.0,1.0,0.999210594,0.999210594,0.999210594,0.999210594,0.999210594,0.999210594,0.999210594,0.999210594,0.999210594,0.999210594,0.999210594,0.999210594,0.0,0.0,0.8,0.0,2.0,1.0,0.999210594,0.999210594,0.999210594,0.999210594,0.999210594,0.999210594,0.999210594,0.999210594,0.999210594,0.999210594,0.999210594,0.999210594,0.0,0.0,0.8,0.0,2.0,1.0,0.999210594,0.999210594,0.999210594,0.999210594,0.999210594,0.999210594,0.999210594,0.999210594,0.999210594,0.999210594,0.999210594,0.999210594,0.0,0.0,0.8,0.0,2.0,1.0,0.999289473,0.999289473,0.999289473,0.999289473,1.0,0.0,0.999289473,0.999289473,0.999289473,0.999289473,1.0,0.0,0.999289473,0.999289473,33767.0,1.0,0.0,0.999289473,0.999289473,33767.0,1.0,0.0,-0.000951057,0.0004,0.2,1.0,1.0,0.0,-0.000951057,0.0004,0.2,1.0,1.0,0.0,-0.000951057,0.0004,0.2,1.0,1.0,0.0,-0.000951057,0.0004,0.2,1.0,1.0,0.0,-0.000951057,0.0004,0.2,1.0,1.0,0.0,-0.000951057,0.0004,0.2,1.0,1.0,0.0,-0.000951057,0.0004,0.2,1.0,1.0,0.0,0.998026728,0.998026728,0.998026728,0.998026728,3.0,16.0,0.998026728,0.998026728,0.998026728,0.998026728,3.0,16.0
0,4,17,257,257,1791590400257000000,1,0.998914628,0.998914628,0.998914628,0.998914628,0.998914628,0.998914628,0.998914628,0.998914628,0.998914628,0.998914628,0.998914628,0.998914628,0.0,0.0,0.8,0.0,2.0,2.0,0.998914628,0.998914628,0.998914628,0.998914628,0.998914628,0.998914628,0.998914628,0.998914628,0.998914628,0.998914628,0.998914628,0.998914628,0.0,0.0,0.8,0.0,2.0,2.0,0.998914628,0.998914628,0.998914628,0.998914628,0.998914628,0.998914628,0.998914628,0.998914628,0.998914628,0.998914628,0.998914628,0.998914628,0.0,0.0,0.8,0.0,2.0,2.0,0.998914628,0.998914628,0.998914628,0.998914628,0.998914628,0.998914628,0.998914628,0.998914628,0.998914628,0.998914628,0.998914628,0.998914628,0.0,0.0,0.8,0.0,2.0,2.0,0.999032935,0.999032935,0.999032935,0.999032935,1.0,0.0,0.999032935,0.999032935,0.999032935,0.999032935,1.0,0.0,0.999032935,0.999032935,33767.0,1.0,0.0,0.999032935,0.999032935,33767.0,1.0,0.0,-0.000809017,0.0004,0.2,1.0,1.0,0.0,-0.000809017,0.0004,0.2,1.0,1.0,0.0,-0.000809017,0.0004,0.2,1.0,1.0,0.0,-0.000809017,0.0004,0.2,1.0,1.0,0.0,-0.000809017,0.0004,0.2,1.0,1.0,0.0,-0.000809017,0.0004,0.2,1.0,1.0,0.0,-0.000809017,0.0004,0.2,1.0,1.0,0.0,0.998026728,0.998026728,0.998026728,0.998026728,3.0,17.0,0.998026728,0.998026728,0.998026728,0.998026728,3.0,17.0
0,4,18,258,258,1791590400258000000,1,0.998618661,0.998618661,0.998618661,0.998618661,0.998618661,0.998618661,0.998618661,0.998618661,0.998618661,0.998618661,0.998618661,0.998618661,0.0,0.0,0.8,0.0,2.0,3.0,0.998618661,0.998618661,0.998618661,0.998618661,0.998618661,0.998618661,0.998618661,0.998618661,0.998618661,0.998618661,0.998618661,0.998618661,0.0,0.0,0.8,0.0,2.0,3.0,0.998618661,0.998618661,0.998618661,0.998618661,0.998618661,0.998618661,0.998618661,0.998618661,0.998618661,0.998618661,0.998618661,0.998618661,0.0,0.0,0.8,0.0,2.0,3.0,0.998618661,0.998618661,0.998618661,0.998618661,0.998618661,0.998618661,0.998618661,0.998618661,0.998618661,0.998618661,0.998618661,0.998618661,0.0,0.0,0.8,0.0,2.0,3.0,0.998736957,0.998736957,0.998736957,0.998736957,1.0,0.0,0.998736957,0.998736957,0.998736957,0.998736957,1.0,0.0,0.998736957,0.998736957,33766.0,1.0,0.0,0.998736957,0.998736957,33766.0,1.0,0.0,-0.000587785,0.0004,0.2,1.0,1.0,0.0,-0.000587785,0.0004,0.2,1.0,1.0,0.0,-0.000587785,0.0004,0.2,1.0,1.0,0.0,-0.000587785,0.0004,0.2,1.0,1.0,0.0,-0.000587785,0.0004,0.2,1.0,1.0,0.0,-0.000587785,0.0004,0.2,1.0,1.0,0.0,-0.000587785,0.0004,0.2,1.0,1.0,0.0,0.998026728,0.998026728,0.998026728,0.998026728,3.0,18.0,0.998026728,0.998026728,0.998026728,0.998026728,3.0,18.0
0,4,19,259,259,1791590400259000000,1,0.998322695,0.998322695,0.998322695,0.998322695,0.998322695,0.998322695,0.998322695,0.998322695,0.998322695,0.998322695,0.998322695,0.998322695,0.0,0.0,0.8,0.0,2.0,4.0,0.998322695,0.998322695,0.998322695,0.998322695,0.998322695,0.998322695,0.998322695,0.998322695,0.998322695,0.998322695,0.998322695,0.998322695,0.0,0.0,0.8,0.0,2.0,4.0,0.998322695,0.998322695,0.998322695,0.998322695,0.998322695,0.998322695,0.998322695,0.998322695,0.998322695,0.998322695,0.998322695,0.998322695,0.0,0.0,0.8,0.0,2.0,4.0,0.998322695,0.998322695,0.998322695,0.998322695,0.998322695,0.998322695,0.998322695,0.998322695,0.998322695,0.998322695,0.998322695,0.998322695,0.0,0.0,0.8,0.0,2.0,4.0,0.99840155,0.99840155,0.99840155,0.99840155,1.0,0.0,0.99840155,0.99840155,0.99840155,0.99840155,1.0,0.0,0.99840155,0.99840155,33766.0,1.0,0.0,0.99840155,0.99840155,33766.0,1.0,0.0,-0.000309017,0.0004,0.2,1.0,1.0,0.0,-0.000309017,0.0004,0.2,1.0,1.0,0.0,-0.000309017,0.0004,0.2,1.0,1.0,0.0,-0.000309017,0.0004,0.2,1.0,1.0,0.0,-0.000309017,0.0004,0.2,1.0,1.0,0.0,-0.000309017,0.0004,0.2,1.0,1.0,0.0,-0.000309017,0.0004,0.2,1.0,1.0,0.0,0.998026728,0.998026728,0.998026728,0.998026728,3.0,19.0,0.998026728,0.998026728,0.998026728,0.998026728,3.0,19.0
0,4,20,260,260,1791590400260000000,1,0.998026728,0.998026728,0.998026728,0.998026728,0.998026728,0.998026728,0.998026728,0.998026728,0.998026728,0.998026728,0.998026728,0.998026728,0.0,0.0,0.8,0.0,1.0,0.0,0.998026728,0.998026728,0.998026728,0.998026728,0.998026728,0.998026728,0.998026728,0.998026728,0.998026728,0.998026728,0.998026728,0.998026728,0.0,0.0,0.8,0.0,1.0,0.0,0.998026728,0.998026728,0.998026728,0.998026728,0.998026728,0.998026728,0.998026728,0.998026728,0.998026728,0.998026728,0.998026728,0.998026728,0.0,0.0,0.8,0.0,1.0,0.0,0.998026728,0.998026728,0.998026728,0.998026728,0.998026728,0.998026728,0.998026728,0.998026728,0.998026728,0.998026728,0.998026728,0.998026728,0.0,0.0,0.8,0.0,1.0,0.0,0.998026728,0.998026728,0.998026728,0.998026728,1.0,0.0,0.998026728,0.998026728,0.998026728,0.998026728,1.0,0.0,0.998026728,0.998026728,33766.0,1.0,0.0,0.998026728,0.998026728,33766.0,1.0,0.0,0.0,0.0004,0.2,1.0,1.0,0.0,0.0,0.0004,0.2,1.0,1.0,0.0,0.0,0.0004,0.2,1.0,1.0,0.0,0.0,0.0004,0.2,1.0,1.0,0.0,0.0,0.0004,0.2,1.0,1.0,0.0,0.0,0.0004,0.2,1.0,1.0,0.0,0.0,0.0004,0.2,1.0,1.0,0.0,0.998026728,0.998026728,0.998026728,0.998026728,3.0,0.0,0.998026728,0.998026728,0.998026728,0.998026728,3.0,0.0
0,4,21,261,261,1791590400261000000,1,0.997533776,0.997533776,0.997533776,0.997533776,0.997533776,0.997533776,0.997533776,0.997533776,0.997533776,0.997533776,0.997533776,0.997533776,0.0,0.0,0.8,0.0,2.0,1.0,0.997533776,0.997533776,0.997533776,0.997533776,0.997533776,0.997533776,0.997533776,0.997533776,0.997533776,0.997533776,0.997533776,0.997533776,0.0,0.0,0.8,0.0,2.0,1.0,0.997533776,0.997533776,0.997533776,0.997533776,0.997533776,0.997533776,0.997533776,0.997533776,0.997533776,0.997533776,0.997533776,0.997533776,0.0,0.0,0.8,0.0,2.0,1.0,0.997533776,0.997533776,0.997533776,0.997533776,0.997533776,0.997533776,0.997533776,0.997533776,0.997533776,0.997533776,0.997533776,0.997533776,0.0,0.0,0.8,0.0,2.0,1.0,0.997612506,0.997612506,0.997612506,0.997612506,1.0,0.0,0.997612506,0.997612506,0.997612506,0.997612506,1.0,0.0,0.997612506,0.997612506,33765.0,1.0,0.0,0.997612506,0.997612506,33765.0,1.0,0.0,0.000309017,0.0004,0.2,1.0,1.0,0.0,0.000309017,0.0004,0.2,1.0,1.0,0.0,0.000309017,0.0004,0.2,1.0,1.0,0.0,0.000309017,0.0004,0.2,1.0,1.0,0.0,0.000309017,0.0004,0.2,1.0,1.0,0.0,0.000309017,0.0004,0.2,1.0,1.0,0.0,0.000309017,0.0004,0.2,1.0,1.0,0.0,0.998026728,0.998026728,0.998026728,0.998026728,3.0,1.0,0.998026728,0.998026728,0.998026728,0.998026728,3.0,1.0
0,4,22,262,262,1791590400262000000,1,0.997040823,0.997040823,0.997040823,0.997040823,0.997040823,0.997040823,0.997040823,0.997040823,0.997040823,0.997040823,0.997040823,0.997040823,0.0,0.0,0.8,0.0,2.0,2.0,0.997040823,0.997040823,0.997040823,0.997040823,0.997040823,0.997040823,0.997040823,0.997040823,0.997040823,0.997040823,0.997040823,0.997040823,0.0,0.0,0.8,0.0,2.0,2.0,0.997040823,0.997040823,0.997040823,0.997040823,0.997040823,0.997040823,0.997040823,0.997040823,0.997040823,0.997040823,0.997040823,0.997040823,0.0,0.0,0.8,0.0,2.0,2.0,0.997040823,0.997040823,0.997040823,0.997040823,0.997040823,0.997040823,0.997040823,0.997040823,0.997040823,0.997040823,0.997040823,0.997040823,0.0,0.0,0.8,0.0,2.0,2.0,0.9971589,0.9971589,0.9971589,0.9971589,1.0,0.0,0.9971589,0.9971589,0.9971589,0.9971589,1.0,0.0,0.9971589,0.9971589,33765.0,1.0,0.0,0.9971589,0.9971589,33765.0,1.0,0.0,0.000587785,0.0004,0.2,1.0,1.0,0.0,0.000587785,0.0004,0.2,1.0,1.0,0.0,0.000587785,0.0004,0.2,1.0,1.0,0.0,0.000587785,0.0004,0.2,1.0,1.0,0.0,0.000587785,0.0004,0.2,1.0,1.0,0.0,0.000587785,0.0004,0.2,1.0,1.0,0.0,0.000587785,0.0004,0.2,1.0,1.0,0.0,0.998026728,0.998026728,0.998026728,0.998026728,3.0,2.0,0.998026728,0.998026728,0.998026728,0.998026728,3.0,2.0
0,4,23,263,263,1791590400263000000,1,0.99654787,0.99654787,0.99654787,0.99654787,0.99654787,0.99654787,0.99654787,0.99654787,0.99654787,0.99654787,0.99654787,0.99654787,0.0,0.0,0.8,0.0,2.0,3.0,0.99654787,0.99654787,0.99654787,0.99654787,0.99654787,0.99654787,0.99654787,0.99654787,0.99654787,0.99654787,0.99654787,0.99654787,0.0,0.0,0.8,0.0,2.0,3.0,0.99654787,0.99654787,0.99654787,0.99654787,0.99654787,0.99654787,0.99654787,0.99654787,0.99654787,0.99654787,0.99654787,0.99654787,0.0,0.0,0.8,0.0,2.0,3.0,0.99654787,0.99654787,0.99654787,0.99654787,0.99654787,0.99654787,0.99654787,0.99654787,0.99654787,0.99654787,0.99654787,0.99654787,0.0,0.0,0.8,0.0,2.0,3.0,0.996665928,0.996665928,0.996665928,0.996665928,1.0,0.0,0.996665928,0.996665928,0.996665928,0.996665928,1.0,0.0,0.996665928,0.996665928,33764.0,1.0,0.0,0.996665928,0.996665928,33764.0,1.0,0.0,0.000809017,0.0004,0.2,1.0,1.0,0.0,0.000809017,0.0004,0.2,1.0,1.0,0.0,0.000809017,0.0004,0.2,1.0,1.0,0.0,0.000809017,0.0004,0.2,1.0,1.0,0.0,0.000809017,0.0004,0.2,1.0,1.0,0.0,0.000809017,0.0004,0.2,1.0,1.0,0.0,0.000809017,0.0004,0.2,1.0,1.0,0.0,0.998026728,0.998026728,0.998026728,0.998026728,3.0,3.0,0.998026728,0.998026728,0.998026728,0.998026728,3.0,3.0
0,4,24,264,264,1791590400264000000,1,0.996054917,0.996054917,0.996054917,0.996054917,0.996054917,0.996054917,0.996054917,0.996054917,0.996054917,0.996054917,0.996054917,0.996054917,0.0,0.0,0.8,0.0,2.0,4.0,0.996054917,0.996054917,0.996054917,0.996054917,0.996054917,0.996054917,0.996054917,0.996054917,0.996054917,0.996054917,0.996054917,0.996054917,0.0,0.0,0.8,0.0,2.0,4.0,0.996054917,0.996054917,0.996054917,0.996054917,0.996054917,0.996054917,0.996054917,0.996054917,0.996054917,0.996054917,0.996054917,0.996054917,0.0,0.0,0.8,0.0,2.0,4.0,0.996054917,0.996054917,0.996054917,0.996054917,0.996054917,0.996054917,0.996054917,0.996054917,0.996054917,0.996054917,0.996054917,0.996054917,0.0,0.0,0.8,0.0,2.0,4.0,0.996133609,0.996133609,0.996133609,0.996133609,1.0,0.0,0.996133609,0.996133609,0.996133609,0.996133609,1.0,0.0,0.996133609,0.996133609,33764.0,1.0,0.0,0.996133609,0.996133609,33764.0,1.0,0.0,0.000951057,0.0004,0.2,1.0,1.0,0.0,0.000951057,0.0004,0.2,1.0,1.0,0.0,0.000951057,0.0004,0.2,1.0,1.0,0.0,0.000951057,0.0004,0.2,1.0,1.0,0.0,0.000951057,0.0004,0.2,1.0,1.0,0.0,0.000951057,0.0004,0.2,1.0,1.0,0.0,0.000951057,0.0004,0.2,1.0,1.0,0.0,0.998026728,0.998026728,0.998026728,0.998026728,3.0,4.0,0.998026728,0.998026728,0.998026728,0.998026728,3.0,4.0
0,4,25,265,265,1791590400265000000,1,0.995561965,0.995561965,0.995561965,0.995561965,0.995561965,0.995561965,0.995561965,0.995561965,0.995561965,0.995561965,0.995561965,0.995561965,0.0,0.0,0.8,0.0,1.0,0.0,0.995561965,0.995561965,0.995561965,0.995561965,0.995561965,0.995561965,0.995561965,0.995561965,0.995561965,0.995561965,0.995561965,0.995561965,0.0,0.0,0.8,0.0,1.0,0.0,0.995561965,0.995561965,0.995561965,0.995561965,0.995561965,0.995561965,0.995561965,0.995561965,0.995561965,0.995561965,0.995561965,0.995561965,0.0,0.0,0.8,0.0,1.0,0.0,0.995561965,0.995561965,0.995561965,0.995561965,0.995561965,0.995561965,0.995561965,0.995561965,0.995561965,0.995561965,0.995561965,0.995561965,0.0,0.0,0.8,0.0,1.0,0.0,0.995561965,0.995561965,0.995561965,0.995561965,1.0,0.0,0.995561965,0.995561965,0.995561965,0.995561965,1.0,0.0,0.995561965,0.995561965,33763.0,1.0,0.0,0.995561965,0.995561965,33763.0,1.0,0.0,0.001,0.0004,0.2,1.0,1.0,0.0,0.001,0.0004,0.2,1.0,1.0,0.0,0.001,0.0004,0.2,1.0,1.0,0.0,0.001,0.0004,0.2,1.0,1.0,0.0,0.001,0.0004,0.2,1.0,1.0,0.0,0.001,0.0004,0.2,1.0,1.0,0.0,0.001,0.0004,0.2,1.0,1.0,0.0,0.998026728,0.998026728,0.998026728,0.998026728,3.0,5.0,0.998026728,0.998026728,0.998026728,0.998026728,3.0,5.0
0,4,26,266,266,1791590400266000000,1,0.994872512,0.994872512,0.994872512,0.994872512,0.994872512,0.994872512,0.994872512,0.994872512,0.994872512,0.994872512,0.994872512,0.994872512,0.0,0.0,0.8,0.0,2.0,1.0,0.994872512,0.994872512,0.994872512,0.994872512,0.994872512,0.994872512,0.994872512,0.994872512,0.994872512,0.994872512,0.994872512,0.994872512,0.0,0.0,0.8,0.0,2.0,1.0,0.994872512,0.994872512,0.994872512,0.994872512,0.994872512,0.994872512,0.994872512,0.994872512,0.994872512,0.994872512,0.994872512,0.994872512,0.0,0.0,0.8,0.0,2.0,1.0,0.994872512,0.994872512,0.994872512,0.994872512,0.994872512,0.994872512,0.994872512,0.994872512,0.994872512,0.994872512,0.994872512,0.994872512,0.0,0.0,0.8,0.0,2.0,1.0,0.994951017,0.994951017,0.994951017,0.994951017,1.0,0.0,0.994951017,0.994951017,0.994951017,0.994951017,1.0,0.0,0.994951017,0.994951017,33762.0,1.0,0.0,0.994951017,0.994951017,33762.0,1.0,0.0,0.000951057,0.0004,0.2,1.0,1.0,0.0,0.000951057,0.0004,0.2,1.0,1.0,0.0,0.000951057,0.0004,0.2,1.0,1.0,0.0,0.000951057,0.0004,0.2,1.0,1.0,0.0,0.000951057,0.0004,0.2,1.0,1.0,0.0,0.000951057,0.0004,0.2,1.0,1.0,0.0,0.000951057,0.0004,0.2,1.0,1.0,0.0,0.998026728,0.998026728,0.998026728,0.998026728,3.0,6.0,0.998026728,0.998026728,0.998026728,0.998026728,3.0,6.0
0,4,27,267,267,1791590400267000000,1,0.994183059,0.994183059,0.994183059,0.994183059,0.994183059,0.994183059,0.994183059,0.994183059,0.994183059,0.994183059,0.994183059,0.994183059,0.0,0.0,0.8,0.0,2.0,2.0,0.994183059,0.994183059,0.994183059,0.994183059,0.994183059,0.994183059,0.994183059,0.994183059,0.994183059,0.994183059,0.994183059,0.994183059,0.0,0.0,0.8,0.0,2.0,2.0,0.994183059,0.994183059,0.994183059,0.994183059,0.994183059,0.994183059,0.994183059,0.994183059,0.994183059,0.994183059,0.994183059,0.994183059,0.0,0.0,0.8,0.0,2.0,2.0,0.994183059,0.994183059,0.994183059,0.994183059,0.994183059,0.994183059,0.994183059,0.994183059,0.994183059,0.994183059,0.994183059,0.994183059,0.0,0.0,0.8,0.0,2.0,2.0,0.99430079,0.99430079,0.99430079,0.99430079,1.0,0.0,0.99430079,0.99430079,0.99430079,0.99430079,1.0,0.0,0.99430079,0.99430079,33762.0,1.0,0.0,0.99430079,0.99430079,33762.0,1.0,0.0,0.000809017,0.0004,0.2,1.0,1.0,0.0,0.000809017,0.0004,0.2,1.0,1.0,0.0,0.000809017,0.0004,0.2,1.0,1.0,0.0,0.000809017,0.0004,0.2,1.0,1.0,0.0,0.000809017,0.0004,0.2,1.0,1.0,0.0,0.000809017,0.0004,0.2,1.0,1.0,0.0,0.000809017,0.0004,0.2,1.0,1.0,0.0,0.998026728,0.998026728,0.998026728,0.998026728,3.0,7.0,0.998026728,0.998026728,0.998026728,0.998026728,3.0,7.0
0,4,28,268,268,1791590400268000000,1,0.993493607,0.993493607,0.993493607,0.993493607,0.993493607,0.993493607,0.993493607,0.993493607,0.993493607,0.993493607,0.993493607,0.993493607,0.0,0.0,0.8,0.0,2.0,3.0,0.993493607,0.993493607,0.993493607,0.993493607,0.993493607,0.993493607,0.993493607,0.993493607,0.993493607,0.993493607,0.993493607,0.993493607,0.0,0.0,0.8,0.0,2.0,3.0,0.993493607,0.993493607,0.993493607,0.993493607,0.993493607,0.993493607,0.993493607,0.993493607,0.993493607,0.993493607,0.993493607,0.993493607,0.0,0.0,0.8,0.0,2.0,3.0,0.993493607,0.993493607,0.993493607,0.993493607,0.993493607,0.993493607,0.993493607,0.993493607,0.993493607,0.993493607,0.993493607,0.993493607,0.0,0.0,0.8,0.0,2.0,3.0,0.993611311,0.993611311,0.993611311,0.993611311,1.0,0.0,0.993611311,0.993611311,0.993611311,0.993611311,1.0,0.0,0.993611311,0.993611311,33761.0,1.0,0.0,0.993611311,0.993611311,33761.0,1.0,0.0,0.000587785,0.0004,0.2,1.0,1.0,0.0,0.000587785,0.0004,0.2,1.0,1.0,0.0,0.000587785,0.0004,0.2,1.0,1.0,0.0,0.000587785,0.0004,0.2,1.0,1.0,0.0,0.000587785,0.0004,0.2,1.0,1.0,0.0,0.000587785,0.0004,0.2,1.0,1.0,0.0,0.000587785,0.0004,0.2,1.0,1.0,0.0,0.998026728,0.998026728,0.998026728,0.998026728,3.0,8.0,0.998026728,0.998026728,0.998026728,0.998026728,3.0,8.0
0,4,29,269,269,1791590400269000000,1,0.992804154,0.992804154,0.992804154,0.992804154,0.992804154,0.992804154,0.992804154,0.992804154,0.992804154,0.992804154,0.992804154,0.992804154,0.0,0.0,0.8,0.0,2.0,4.0,0.992804154,0.992804154,0.992804154,0.992804154,0.992804154,0.992804154,0.992804154,0.992804154,0.992804154,0.992804154,0.992804154,0.992804154,0.0,0.0,0.8,0.0,2.0,4.0,0.992804154,0.992804154,0.992804154,0.992804154,0.992804154,0.992804154,0.992804154,0.992804154,0.992804154,0.992804154,0.992804154,0.992804154,0.0,0.0,0.8,0.0,2.0,4.0,0.992804154,0.992804154,0.992804154,0.992804154,0.992804154,0.992804154,0.992804154,0.992804154,0.992804154,0.992804154,0.992804154,0.992804154,0.0,0.0,0.8,0.0,2.0,4.0,0.992882605,0.992882605,0.992882605,0.992882605,1.0,0.0,0.992882605,0.992882605,0.992882605,0.992882605,1.0,0.0,0.992882605,0.992882605,33760.0,1.0,0.0,0.992882605,0.992882605,33760.0,1.0,0.0,0.000309017,0.0004,0.2,1.0,1.0,0.0,0.000309017,0.0004,0.2,1.0,1.0,0.0,0.000309017,0.0004,0.2,1.0,1.0,0.0,0.000309017,0.0004,0.2,1.0,1.0,0.0,0.000309017,0.0004,0.2,1.0,1.0,0.0,0.000309017,0.0004,0.2,1.0,1.0,0.0,0.000309017,0.0004,0.2,1.0,1.0,0.0,0.998026728,0.998026728,0.998026728,0.998026728,3.0,9.0,0.998026728,0.998026728,0.998026728,0.998026728,3.0,9.0
0,4,30,270,270,1791590400270000000,1,0.992114701,0.992114701,0.992114701,0.992114701,0.992114701,0.992114701,0.992114701,0.992114701,0.992114701,0.992114701,0.992114701,0.992114701,0.0,0.0,0.8,0.0,1.0,0.0,0.992114701,0.992114701,0.992114701,0.992114701,0.992114701,0.992114701,0.992114701,0.992114701,0.992114701,0.992114701,0.992114701,0.992114701,0.0,0.0,0.8,0.0,1.0,0.0,0.992114701,0.992114701,0.992114701,0.992114701,0.992114701,0.992114701,0.992114701,0.992114701,0.992114701,0.992114701,0.992114701,0.992114701,0.0,0.0,0.8,0.0,1.0,0.0,0.992114701,0.992114701,0.992114701,0.992114701,0.992114701,0.992114701,0.992114701,0.992114701,0.992114701,0.992114701,0.992114701,0.992114701,0.0,0.0,0.8,0.0,1.0,0.0,0.992114701,0.992114701,0.992114701,0.992114701,1.0,0.0,0.992114701,0.992114701,0.992114701,0.992114701,1.0,0.0,0.992114701,0.992114701,33760.0,1.0,0.0,0.992114701,0.992114701,33760.0,1.0,0.0,-0.0,0.0004,0.2,1.0,1.0,0.0,-0.0,0.0004,0.2,1.0,1.0,0.0,-0.0,0.0004,0.2,1.0,1.0,0.0,-0.0,0.0004,0.2,1.0,1.0,0.0,-0.0,0.0004,0.2,1.0,1.0,0.0,-0.0,0.0004,0.2,1.0,1.0,0.0,-0.0,0.0004,0.2,1.0,1.0,0.0,0.998026728,0.998026728,0.998026728,0.998026728,3.0,10.0,0.998026728,0.998026728,0.998026728,0.998026728,3.0,10.0
0,4,31,271,271,1791590400271000000,1,0.991229429,0.991229429,0.991229429,0.991229429,0.991229429,0.991229429,0.991229429,0.991229429,0.991229429,0.991229429,0.991229429,0.991229429,0.0,0.0,0.8,0.0,2.0,1.0,0.991229429,0.991229429,0.991229429,0.991229429,0.991229429,0.991229429,0.991229429,0.991229429,0.991229429,0.991229429,0.991229429,0.991229429,0.0,0.0,0.8,0.0,2.0,1.0,0.991229429,0.991229429,0.991229429,0.991229429,0.991229429,0.991229429,0.991229429,0.991229429,0.991229429,0.991229429,0.991229429,0.991229429,0.0,0.0,0.8,0.0,2.0,1.0,0.991229429,0.991229429,0.991229429,0.991229429,0.991229429,0.991229429,0.991229429,0.991229429,0.991229429,0.991229429,0.991229429,0.991229429,0.0,0.0,0.8,0.0,2.0,1.0,0.991307631,0.991307631,0.991307631,0.991307631,1.0,0.0,0.991307631,0.991307631,0.991307631,0.991307631,1.0,0.0,0.991307631,0.991307631,33759.0,1.0,0.0,0.991307631,0.991307631,33759.0,1.0,0.0,-0.000309017,0.0004,0.2,1.0,1.0,0.0,-0.000309017,0.0004,0.2,1.0,1.0,0.0,-0.000309017,0.0004,0.2,1.0,1.0,0.0,-0.000309017,0.0004,0.2,1.0,1.0,0.0,-0.000309017,0.0004,0.2,1.0,1.0,0.0,-0.000309017,0.0004,0.2,1.0,1.0,0.0,-0.000309017,0.0004,0.2,1.0,1.0,0.0,0.998026728,0.998026728,0.998026728,0.998026728,3.0,11.0,0.998026728,0.998026728,0.998026728,0.998026728,3.0,11.0
0,4,32,272,272,1791590400272000000,1,0.990344157,0.990344157,0.990344157,0.990344157,0.990344157,0.990344157,0.990344157,0.990344157,0.990344157,0.990344157,0.990344157,0.990344157,0.0,0.0,0.8,0.0,2.0,2.0,0.990344157,0.990344157,0.990344157,0.990344157,0.990344157,0.990344157,0.990344157,0.990344157,0.990344157,0.990344157,0.990344157,0.990344157,0.0,0.0,0.8,0.0,2.0,2.0,0.990344157,0.990344157,0.990344157,0.990344157,0.990344157,0.990344157,0.990344157,0.990344157,0.990344157,0.990344157,0.990344157,0.990344157,0.0,0.0,0.8,0.0,2.0,2.0,0.990344157,0.990344157,0.990344157,0.990344157,0.990344157,0.990344157,0.990344157,0.990344157,0.990344157,0.990344157,0.990344157,0.990344157,0.0,0.0,0.8,0.0,2.0,2.0,0.990461426,0.990461426,0.990461426,0.990461426,1.0,0.0,0.990461426,0.990461426,0.990461426,0.990461426,1.0,0.0,0.990461426,0.990461426,33758.0,1.0,0.0,0.990461426,0.990461426,33758.0,1.0,0.0,-0.000587785,0.0004,0.2,1.0,1.0,0.0,-0.000587785,0.0004,0.2,1.0,1.0,0.0,-0.000587785,0.0004,0.2,1.0,1.0,0.0,-0.000587785,0.0004,0.2,1.0,1.0,0.0,-0.000587785,0.0004,0.2,1.0,1.0,0.0,-0.000587785,0.0004,0.2,1.0,1.0,0.0,-0.000587785,0.0004,0.2,1.0,1.0,0.0,0.998026728,0.998026728,0.998026728,0.998026728,3.0,12.0,0.998026728,0.998026728,0.998026728,0.998026728,3.0,12.0
0,4,33,273,273,1791590400273000000,1,0.989458885,0.989458885,0.989458885,0.989458885,0.989458885,0.989458885,0.989458885,0.989458885,0.989458885,0.989458885,0.989458885,0.989458885,0.0,0.0,0.8,0.0,2.0,3.0,0.989458885,0.989458885,0.989458885,0.989458885,0.989458885,0.989458885,0.989458885,0.989458885,0.989458885,0.989458885,0.989458885,0.989458885,0.0,0.0,0.8,0.0,2.0,3.0,0.989458885,0.989458885,0.989458885,0.989458885,0.989458885,0.989458885,0.989458885,0.989458885,0.989458885,0.989458885,0.989458885,0.989458885,0.0,0.0,0.8,0.0,2.0,3.0,0.989458885,0.989458885,0.989458885,0.989458885,0.989458885,0.989458885,0.989458885,0.989458885,0.989458885,0.989458885,0.989458885,0.989458885,0.0,0.0,0.8,0.0,2.0,3.0,0.989576119,0.989576119,0.989576119,0.989576119,1.0,0.0,0.989576119,0.989576119,0.989576119,0.989576119,1.0,0.0,0.989576119,0.989576119,33757.0,1.0,0.0,0.989576119,0.989576119,33757.0,1.0,0.0,-0.000809017,0.0004,0.2,1.0,1.0,0.0,-0.000809017,0.0004,0.2,1.0,1.0,0.0,-0.000809017,0.0004,0.2,1.0,1.0,0.0,-0.000809017,0.0004,0.2,1.0,1.0,0.0,-0.000809017,0.0004,0.2,1.0,1.0,0.0,-0.000809017,0.0004,0.2,1.0,1.0,0.0,-0.000809017,0.0004,0.2,1.0,1.0,0.0,0.998026728,0.998026728,0.998026728,0.998026728,3.0,13.0,0.998026728,0.998026728,0.998026728,0.998026728,3.0,13.0
0,4,34,274,274,1791590400274000000,1,0.988573613,0.988573613,0.988573613,0.988573613,0.988573613,0.988573613,0.988573613,0.988573613,0.988573613,0.988573613,0.988573613,0.988573613,0.0,0.0,0.8,0.0,2.0,4.0,0.988573613,0.988573613,0.988573613,0.988573613,0.988573613,0.988573613,0.988573613,0.988573613,0.988573613,0.988573613,0.988573613,0.988573613,0.0,0.0,0.8,0.0,2.0,4.0,0.988573613,0.988573613,0.988573613,0.988573613,0.988573613,0.988573613,0.988573613,0.988573613,0.988573613,0.988573613,0.988573613,0.988573613,0.0,0.0,0.8,0.0,2.0,4.0,0.988573613,0.988573613,0.988573613,0.988573613,0.988573613,0.988573613,0.988573613,0.988573613,0.988573613,0.988573613,0.988573613,0.988573613,0.0,0.0,0.8,0.0,2.0,4.0,0.988651745,0.988651745,0.988651745,0.988651745,1.0,0.0,0.988651745,0.988651745,0.988651745,0.988651745,1.0,0.0,0.988651745,0.988651745,33756.0,1.0,0.0,0.988651745,0.988651745,33756.0,1.0,0.0,-0.000951057,0.0004,0.2,1.0,1.0,0.0,-0.000951057,0.0004,0.2,1.0,1.0,0.0,-0.000951057,0.0004,0.2,1.0,1.0,0.0,-0.000951057,0.0004,0.2,1.0,1.0,0.0,-0.000951057,0.0004,0.2,1.0,1.0,0.0,-0.000951057,0.0004,0.2,1.0,1.0,0.0,-0.000951057,0.0004,0.2,1.0,1.0,0.0,0.998026728,0.998026728,0.998026728,0.998026728,3.0,14.0,0.998026728,0.998026728,0.998026728,0.998026728,3.0,14.0
0,4,35,275,275,1791590400275000000,1,0.987688341,0.987688341,0.987688341,0.987688341,0.987688341,0.987688341,0.987688341,0.987688341,0.987688341,0.987688341,0.987688341,0.987688341,0.0,0.0,0.8,0.0,1.0,0.0,0.987688341,0.987688341,0.987688341,0.987688341,0.987688341,0.987688341,0.987688341,0.987688341,0.987688341,0.987688341,0.987688341,0.987688341,0.0,0.0,0.8,0.0,1.0,0.0,0.987688341,0.987688341,0.987688341,0.987688341,0.987688341,0.987688341,0.987688341,0.987688341,0.987688341,0.987688341,0.987688341,0.987688341,0.0,0.0,0.8,0.0,1.0,0.0,0.987688341,0.987688341,0.987688341,0.987688341,0.987688341,0.987688341,0.987688341,0.987688341,0.987688341,0.987688341,0.987688341,0.987688341,0.0,0.0,0.8,0.0,1.0,0.0,0.987688341,0.987688341,0.987688341,0.987688341,1.0,0.0,0.987688341,0.987688341,0.987688341,0.987688341,1.0,0.0,0.987688341,0.987688341,33755.0,1.0,0.0,0.987688341,0.987688341,33755.0,1.0,0.0,-0.001,0.0004,0.2,1.0,1.0,0.0,-0.001,0.0004,0.2,1.0,1.0,0.0,-0.001,0.0004,0.2,1.0,1.0,0.0,-0.001,0.0004,0.2,1.0,1.0,0.0,-0.001,0.0004,0.2,1.0,1.0,0.0,-0.001,0.0004,0.2,1.0,1.0,0.0,-0.001,0.0004,0.2,1.0,1.0,0.0,0.998026728,0.998026728,0.998026728,0.998026728,3.0,15.0,0.998026728,0.998026728,0.998026728,0.998026728,3.0,15.0
0,4,36,276,276,1791590400276000000,1,0.986608123,0.986608123,0.986608123,0.986608123,0.986608123,0.986608123,0.986608123,0.986608123,0.986608123,0.986608123,0.986608123,0.986608123,0.0,0.0,0.8,0.0,2.0,1.0,0.986608123,0.986608123,0.986608123,0.986608123,0.986608123,0.986608123,0.986608123,0.986608123,0.986608123,0.986608123,0.986608123,0.986608123,0.0,0.0,0.8,0.0,2.0,1.0,0.986608123,0.986608123,0.986608123,0.986608123,0.986608123,0.986608123,0.986608123,0.986608123,0.986608123,0.986608123,0.986608123,0.986608123,0.0,0.0,0.8,0.0,2.0,1.0,0.986608123,0.986608123,0.986608123,0.986608123,0.986608123,0.986608123,0.986608123,0.986608123,0.986608123,0.986608123,0.986608123,0.986608123,0.0,0.0,0.8,0.0,2.0,1.0,0.986685944,0.986685944,0.986685944,0.986685944,1.0,0.0,0.986685944,0.986685944,0.986685944,0.986685944,1.0,0.0,0.986685944,0.986685944,33754.0,1.0,0.0,0.986685944,0.986685944,33754.0,1.0,0.0,-0.000951057,0.0004,0.2,1.0,1.0,0.0,-0.000951057,0.0004,0.2,1.0,1.0,0.0,-0.000951057,0.0004,0.2,1.0,1.0,0.0,-0.000951057,0.0004,0.2,1.0,1.0,0.0,-0.000951057,0.0004,0.2,1.0,1.0,0.0,-0.000951057,0.0004,0.2,1.0,1.0,0.0,-0.000951057,0.0004,0.2,1.0,1.0,0.0,0.998026728,0.998026728,0.998026728,0.998026728,3.0,16.0,0.998026728,0.998026728,0.998026728,0.998026728,3.0,16.0
0,4,37,277,277,1791590400277000000,1,0.985527905,0.985527905,0.985527905,0.985527905,0.985527905,0.985527905,0.985527905,0.985527905,0.985527905,0.985527905,0.985527905,0.985527905,0.0,0.0,0.8,0.0,2.0,2.0,0.985527905,0.985527905,0.985527905,0.985527905,0.985527905,0.985527905,0.985527905,0.985527905,0.985527905,0.985527905,0.985527905,0.985527905,0.0,0.0,0.8,0.0,2.0,2.0,0.985527905,0.985527905,0.985527905,0.985527905,0.985527905,0.985527905,0.985527905,0.985527905,0.985527905,0.985527905,0.985527905,0.985527905,0.0,0.0,0.8,0.0,2.0,2.0,0.985527905,0.985527905,0.985527905,0.985527905,0.985527905,0.985527905,0.985527905,0.985527905,0.985527905,0.985527905,0.985527905,0.985527905,0.0,0.0,0.8,0.0,2.0,2.0,0.985644595,0.985644595,0.985644595,0.985644595,1.0,0.0,0.985644595,0.985644595,0.985644595,0.985644595,1.0,0.0,0.985644595,0.985644595,33753.0,1.0,0.0,0.985644595,0.985644595,33753.0,1.0,0.0,-0.000809017,0.0004,0.2,1.0,1.0,0.0,-0.000809017,0.0004,0.2,1.0,1.0,0.0,-0.000809017,0.0004,0.2,1.0,1.0,0.0,-0.000809017,0.0004,0.2,1.0,1.0,0.0,-0.000809017,0.0004,0.2,1.0,1.0,0.0,-0.000809017,0.0004,0.2,1.0,1.0,0.0,-0.000809017,0.0004,0.2,1.0,1.0,0.0,0.998026728,0.998026728,0.998026728,0.998026728,3.0,17.0,0.998026728,0.998026728,0.998026728,0.998026728,3.0,17.0
0,4,38,278,278,1791590400278000000,1,0.984447687,0.984447687,0.984447687,0.984447687,0.984447687,0.984447687,0.984447687,0.984447687,0.984447687,0.984447687,0.984447687,0.984447687,0.0,0.0,0.8,0.0,2.0,3.0,0.984447687,0.984447687,0.984447687,0.984447687,0.984447687,0.984447687,0.984447687,0.984447687,0.984447687,0.984447687,0.984447687,0.984447687,0.0,0.0,0.8,0.0,2.0,3.0,0.984447687,0.984447687,0.984447687,0.984447687,0.984447687,0.984447687,0.984447687,0.984447687,0.984447687,0.984447687,0.984447687,0.984447687,0.0,0.0,0.8,0.0,2.0,3.0,0.984447687,0.984447687,0.984447687,0.984447687,0.984447687,0.984447687,0.984447687,0.984447687,0.984447687,0.984447687,0.984447687,0.984447687,0.0,0.0,0.8,0.0,2.0,3.0,0.984564335,0.984564335,0.984564335,0.984564335,1.0,0.0,0.984564335,0.984564335,0.984564335,0.984564335,1.0,0.0,0.984564335,0.984564335,33752.0,1.0,0.0,0.984564335,0.984564335,33752.0,1.0,0.0,-0.000587785,0.0004,0.2,1.0,1.0,0.0,-0.000587785,0.0004,0.2,1.0,1.0,0.0,-0.000587785,0.0004,0.2,1.0,1.0,0.0,-0.000587785,0.0004,0.2,1.0,1.0,0.0,-0.000587785,0.0004,0.2,1.0,1.0,0.0,-0.000587785,0.0004,0.2,1.0,1.0,0.0,-0.000587785,0.0004,0.2,1.0,1.0,0.0,0.998026728,0.998026728,0.998026728,0.998026728,3.0,18.0,0.998026728,0.998026728,0.998026728,0.998026728,3.0,18.0
0,4,39,279,279,1791590400279000000,1,0.983367469,0.983367469,0.983367469,0.983367469,0.983367469,0.983367469,0.983367469,0.983367469,0.983367469,0.983367469,0.983367469,0.983367469,0.0,0.0,0.8,0.0,2.0,4.0,0.983367469,0.983367469,0.983367469,0.983367469,0.983367469,0.983367469,0.983367469,0.983367469,0.983367469,0.983367469,0.983367469,0.983367469,0.0,0.0,0.8,0.0,2.0,4.0,0.983367469,0.983367469,0.983367469,0.983367469,0.983367469,0.983367469,0.983367469,0.983367469,0.983367469,0.983367469,0.983367469,0.983367469,0.0,0.0,0.8,0.0,2.0,4.0,0.983367469,0.983367469,0.983367469,0.983367469,0.983367469,0.983367469,0.983367469,0.983367469,0.983367469,0.983367469,0.983367469,0.983367469,0.0,0.0,0.8,0.0,2.0,4.0,0.983445205,0.983445205,0.983445205,0.983445205,1.0,0.0,0.983445205,0.983445205,0.983445205,0.983445205,1.0,0.0,0.983445205,0.983445205,33751.0,1.0,0.0,0.983445205,0.983445205,33751.0,1.0,0.0,-0.000309017,0.0004,0.2,1.0,1.0,0.0,-0.000309017,0.0004,0.2,1.0,1.0,0.0,-0.000309017,0.0004,0.2,1.0,1.0,0.0,-0.000309017,0.0004,0.2,1.0,1.0,0.0,-0.000309017,0.0004,0.2,1.0,1.0,0.0,-0.000309017,0.0004,0.2,1.0,1.0,0.0,-0.000309017,0.0004,0.2,1.0,1.0,0.0,0.998026728,0.998026728,0.998026728,0.998026728,3.0,19.0,0.998026728,0.998026728,0.998026728,0.998026728,3.0,19.0
0,4,40,280,280,1791590400280000000,1,0.982287251,0.982287251,0.982287251,0.982287251,0.982287251,0.982287251,0.982287251,0.982287251,0.982287251,0.982287251,0.982287251,0.982287251,0.0,0.0,0.8,0.0,1.0,0.0,0.982287251,0.982287251,0.982287251,0.982287251,0.982287251,0.982287251,0.982287251,0.982287251,0.982287251,0.982287251,0.982287251,0.982287251,0.0,0.0,0.8,0.0,1.0,0.0,0.982287251,0.982287251,0.982287251,0.982287251,0.982287251,0.982287251,0.982287251,0.982287251,0.982287251,0.982287251,0.982287251,0.982287251,0.0,0.0,0.8,0.0,1.0,0.0,0.982287251,0.982287251,0.982287251,0.982287251,0.982287251,0.982287251,0.982287251,0.982287251,0.982287251,0.982287251,0.982287251,0.982287251,0.0,0.0,0.8,0.0,1.0,0.0,0.982287251,0.982287251,0.982287251,0.982287251,1.0,0.0,0.982287251,0.982287251,0.982287251,0.982287251,1.0,0.0,0.982287251,0.982287251,33750.0,1.0,0.0,0.982287251,0.982287251,33750.0,1.0,0.0,0.0,0.0004,0.2,1.0,1.0,0.0,0.0,0.0004,0.2,1.0,1.0,0.0,0.0,0.0004,0.2,1.0,1.0,0.0,0.0,0.0004,0.2,1.0,1.0,0.0,0.0,0.0004,0.2,1.0,1.0,0.0,0.0,0.0004,0.2,1.0,1.0,0.0,0.0,0.0004,0.2,1.0,1.0,0.0,0.982287251,0.982287251,0.982287251,0.982287251,3.0,0.0,0.982287251,0.982287251,0.982287251,0.982287251,3.0,0.0
0,4,41,281,281,1791590400281000000,1,0.981013153,0.981013153,0.981013153,0.981013153,0.981013153,0.981013153,0.981013153,0.981013153,0.981013153,0.981013153,0.981013153,0.981013153,0.0,0.0,0.8,0.0,2.0,1.0,0.981013153,0.981013153,0.981013153,0.981013153,0.981013153,0.981013153,0.981013153,0.981013153,0.981013153,0.981013153,0.981013153,0.981013153,0.0,0.0,0.8,0.0,2.0,1.0,0.981013153,0.981013153,0.981013153,0.981013153,0.981013153,0.981013153,0.981013153,0.981013153,0.981013153,0.981013153,0.981013153,0.981013153,0.0,0.0,0.8,0.0,2.0,1.0,0.981013153,0.981013153,0.981013153,0.981013153,0.981013153,0.981013153,0.981013153,0.981013153,0.981013153,0.981013153,0.981013153,0.981013153,0.0,0.0,0.8,0.0,2.0,1.0,0.981090517,0.981090517,0.981090517,0.981090517,1.0,0.0,0.981090517,0.981090517,0.981090517,0.981090517,1.0,0.0,0.981090517,0.981090517,33749.0,1.0,0.0,0.981090517,0.981090517,33749.0,1.0,0.0,0.000309017,0.0004,0.2,1.0,1.0,0.0,0.000309017,0.0004,0.2,1.0,1.0,0.0,0.000309017,0.0004,0.2,1.0,1.0,0.0,0.000309017,0.0004,0.2,1.0,1.0,0.0,0.000309017,0.0004,0.2,1.0,1.0,0.0,0.000309017,0.0004,0.2,1.0,1.0,0.0,0.000309017,0.0004,0.2,1.0,1.0,0.0,0.982287251,0.982287251,0.982287251,0.982287251,3.0,1.0,0.982287251,0.982287251,0.982287251,0.982287251,3.0,1.0
0,4,42,282,282,1791590400282000000,1,0.979739055,0.979739055,0.979739055,0.979739055,0.979739055,0.979739055,0.979739055,0.979739055,0.979739055,0.979739055,0.979739055,0.979739055,0.0,0.0,0.8,0.0,2.0,2.0,0.979739055,0.979739055,0.979739055,0.979739055,0.979739055,0.979739055,0.979739055,0.979739055,0.979739055,0.979739055,0.979739055,0.979739055,0.0,0.0,0.8,0.0,2.0,2.0,0.979739055,0.979739055,0.979739055,0.979739055,0.979739055,0.979739055,0.979739055,0.979739055,0.979739055,0.979739055,0.979739055,0.979739055,0.0,0.0,0.8,0.0,2.0,2.0,0.979739055,0.979739055,0.979739055,0.979739055,0.979739055,0.979739055,0.979739055,0.979739055,0.979739055,0.979739055,0.979739055,0.979739055,0.0,0.0,0.8,0.0,2.0,2.0,0.979855052,0.979855052,0.979855052,0.979855052,1.0,0.0,0.979855052,0.979855052,0.979855052,0.979855052,1.0,0.0,0.979855052,0.979855052,33747.0,1.0,0.0,0.979855052,0.979855052,33747.0,1.0,0.0,0.000587785,0.0004,0.2,1.0,1.0,0.0,0.000587785,0.0004,0.2,1.0,1.0,0.0,0.000587785,0.0004,0.2,1.0,1.0,0.0,0.000587785,0.0004,0.2,1.0,1.0,0.0,0.000587785,0.0004,0.2,1.0,1.0,0.0,0.000587785,0.0004,0.2,1.0,1.0,0.0,0.000587785,0.0004,0.2,1.0,1.0,0.0,0.982287251,0.982287251,0.982287251,0.982287251,3.0,2.0,0.982287251,0.982287251,0.982287251,0.982287251,3.0,2.0
0,4,43,283,283,1791590400283000000,1,0.978464957,0.978464957,0.978464957,0.978464957,0.978464957,0.978464957,0.978464957,0.978464957,0.978464957,0.978464957,0.978464957,0.978464957,0.0,0.0,0.8,0.0,2.0,3.0,0.978464957,0.978464957,0.978464957,0.978464957,0.978464957,0.978464957,0.978464957,0.978464957,0.978464957,0.978464957,0.978464957,0.978464957,0.0,0.0,0.8,0.0,2.0,3.0,0.978464957,0.978464957,0.978464957,0.978464957,0.978464957,0.978464957,0.978464957,0.978464957,0.978464957,0.978464957,0.978464957,0.978464957,0.0,0.0,0.8,0.0,2.0,3.0,0.978464957,0.978464957,0.978464957,0.978464957,0.978464957,0.978464957,0.978464957,0.978464957,0.978464957,0.978464957,0.978464957,0.978464957,0.0,0.0,0.8,0.0,2.0,3.0,0.978580904,0.978580904,0.978580904,0.978580904,1.0,0.0,0.978580904,0.978580904,0.978580904,0.978580904,1.0,0.0,0.978580904,0.978580904,33746.0,1.0,0.0,0.978580904,0.978580904,33746.0,1.0,0.0,0.000809017,0.0004,0.2,1.0,1.0,0.0,0.000809017,0.0004,0.2,1.0,1.0,0.0,0.000809017,0.0004,0.2,1.0,1.0,0.0,0.000809017,0.0004,0.2,1.0,1.0,0.0,0.000809017,0.0004,0.2,1.0,1.0,0.0,0.000809017,0.0004,0.2,1.0,1.0,0.0,0.000809017,0.0004,0.2,1.0,1.0,0.0,0.982287251,0.982287251,0.982287251,0.982287251,3.0,3.0,0.982287251,0.982287251,0.982287251,0.982287251,3.0,3.0
0,4,44,284,284,1791590400284000000,1,0.97719086,0.97719086,0.97719086,0.97719086,0.97719086,0.97719086,0.97719086,0.97719086,0.97719086,0.97719086,0.97719086,0.97719086,0.0,0.0,0.8,0.0,2.0,4.0,0.97719086,0.97719086,0.97719086,0.97719086,0.97719086,0.97719086,0.97719086,0.97719086,0.97719086,0.97719086,0.97719086,0.97719086,0.0,0.0,0.8,0.0,2.0,4.0,0.97719086,0.97719086,0.97719086,0.97719086,0.97719086,0.97719086,0.97719086,0.97719086,0.97719086,0.97719086,0.97719086,0.97719086,0.0,0.0,0.8,0.0,2.0,4.0,0.97719086,0.97719086,0.97719086,0.97719086,0.97719086,0.97719086,0.97719086,0.97719086,0.97719086,0.97719086,0.97719086,0.97719086,0.0,0.0,0.8,0.0,2.0,4.0,0.977268124,0.977268124,0.977268124,0.977268124,1.0,0.0,0.977268124,0.977268124,0.977268124,0.977268124,1.0,0.0,0.977268124,0.977268124,33745.0,1.0,0.0,0.977268124,0.977268124,33745.0,1.0,0.0,0.000951057,0.0004,0.2,1.0,1.0,0.0,0.000951057,0.0004,0.2,1.0,1.0,0.0,0.000951057,0.0004,0.2,1.0,1.0,0.0,0.000951057,0.0004,0.2,1.0,1.0,0.0,0.000951057,0.0004,0.2,1.0,1.0,0.0,0.000951057,0.0004,0.2,1.0,1.0,0.0,0.000951057,0.0004,0.2,1.0,1.0,0.0,0.982287251,0.982287251,0.982287251,0.982287251,3.0,4.0,0.982287251,0.982287251,0.982287251,0.982287251,3.0,4.0
0,4,45,285,285,1791590400285000000,1,0.975916762,0.975916762,0.975916762,0.975916762,0.975916762,0.975916762,0.975916762,0.975916762,0.975916762,0.975916762,0.975916762,0.975916762,0.0,0.0,0.8,0.0,1.0,0.0,0.975916762,0.975916762,0.975916762,0.975916762,0.975916762,0.975916762,0.975916762,0.975916762,0.975916762,0.975916762,0.975916762,0.975916762,0.0,0.0,0.8,0.0,1.0,0.0,0.975916762,0.975916762,0.975916762,0.975916762,0.975916762,0.975916762,0.975916762,0.975916762,0.975916762,0.975916762,0.975916762,0.975916762,0.0,0.0,0.8,0.0,1.0,0.0,0.975916762,0.975916762,0.975916762,0.975916762,0.975916762,0.975916762,0.975916762,0.975916762,0.975916762,0.975916762,0.975916762,0.975916762,0.0,0.0,0.8,0.0,1.0,0.0,0.975916762,0.975916762,0.975916762,0.975916762,1.0,0.0,0.975916762,0.975916762,0.975916762,0.975916762,1.0,0.0,0.975916762,0.975916762,33743.0,1.0,0.0,0.975916762,0.975916762,33743.0,1.0,0.0,0.001,0.0004,0.2,1.0,1.0,0.0,0.001,0.0004,0.2,1.0,1.0,0.0,0.001,0.0004,0.2,1.0,1.0,0.0,0.001,0.0004,0.2,1.0,1.0,0.0,0.001,0.0004,0.2,1.0,1.0,0.0,0.001,0.0004,0.2,1.0,1.0,0.0,0.001,0.0004,0.2,1.0,1.0,0.0,0.982287251,0.982287251,0.982287251,0.982287251,3.0,5.0,0.982287251,0.982287251,0.982287251,0.982287251,3.0,5.0
0,4,46,286,286,1791590400286000000,1,0.974450042,0.974450042,0.974450042,0.974450042,0.974450042,0.974450042,0.974450042,0.974450042,0.974450042,0.974450042,0.974450042,0.974450042,0.0,0.0,0.8,0.0,2.0,1.0,0.974450042,0.974450042,0.974450042,0.974450042,0.974450042,0.974450042,0.974450042,0.974450042,0.974450042,0.974450042,0.974450042,0.974450042,0.0,0.0,0.8,0.0,2.0,1.0,0.974450042,0.974450042,0.974450042,0.974450042,0.974450042,0.974450042,0.974450042,0.974450042,0.974450042,0.974450042,0.974450042,0.974450042,0.0,0.0,0.8,0.0,2.0,1.0,0.974450042,0.974450042,0.974450042,0.974450042,0.974450042,0.974450042,0.974450042,0.974450042,0.974450042,0.974450042,0.974450042,0.974450042,0.0,0.0,0.8,0.0,2.0,1.0,0.974526873,0.974526873,0.974526873,0.974526873,1.0,0.0,0.974526873,0.974526873,0.974526873,0.974526873,1.0,0.0,0.974526873,0.974526873,33742.0,1.0,0.0,0.974526873,0.974526873,33742.0,1.0,0.0,0.000951057,0.0004,0.2,1.0,1.0,0.0,0.000951057,0.0004,0.2,1.0,1.0,0.0,0.000951057,0.0004,0.2,1.0,1.0,0.0,0.000951057,0.0004,0.2,1.0,1.0,0.0,0.000951057,0.0004,0.2,1.0,1.0,0.0,0.000951057,0.0004,0.2,1.0,1.0,0.0,0.000951057,0.0004,0.2,1.0,1.0,0.0,0.982287251,0.982287251,0.982287251,0.982287251,3.0,6.0,0.982287251,0.982287251,0.982287251,0.982287251,3.0,6.0
0,4,47,287,287,1791590400287000000,1,0.972983322,0.972983322,0.972983322,0.972983322,0.972983322,0.972983322,0.972983322,0.972983322,0.972983322,0.972983322,0.972983322,0.972983322,0.0,0.0,0.8,0.0,2.0,2.0,0.972983322,0.972983322,0.972983322,0.972983322,0.972983322,0.972983322,0.972983322,0.972983322,0.972983322,0.972983322,0.972983322,0.972983322,0.0,0.0,0.8,0.0,2.0,2.0,0.972983322,0.972983322,0.972983322,0.972983322,0.972983322,0.972983322,0.972983322,0.972983322,0.972983322,0.972983322,0.972983322,0.972983322,0.0,0.0,0.8,0.0,2.0,2.0,0.972983322,0.972983322,0.972983322,0.972983322,0.972983322,0.972983322,0.972983322,0.972983322,0.972983322,0.972983322,0.972983322,0.972983322,0.0,0.0,0.8,0.0,2.0,2.0,0.973098511,0.973098511,0.973098511,0.973098511,1.0,0.0,0.973098511,0.973098511,0.973098511,0.973098511,1.0,0.0,0.973098511,0.973098511,33741.0,1.0,0.0,0.973098511,0.973098511,33741.0,1.0,0.0,0.000809017,0.0004,0.2,1.0,1.0,0.0,0.000809017,0.0004,0.2,1.0,1.0,0.0,0.000809017,0.0004,0.2,1.0,1.0,0.0,0.000809017,0.0004,0.2,1.0,1.0,0.0,0.000809017,0.0004,0.2,1.0,1.0,0.0,0.000809017,0.0004,0.2,1.0,1.0,0.0,0.000809017,0.0004,0.2,1.0,1.0,0.0,0.982287251,0.982287251,0.982287251,0.982287251,3.0,7.0,0.982287251,0.982287251,0.982287251,0.982287251,3.0,7.0
0,4,48,288,288,1791590400288000000,1,0.971516601,0.971516601,0.971516601,0.971516601,0.971516601,0.971516601,0.971516601,0.971516601,0.971516601,0.971516601,0.971516601,0.971516601,0.0,0.0,0.8,0.0,2.0,3.0,0.971516601,0.971516601,0.971516601,0.971516601,0.971516601,0.971516601,0.971516601,0.971516601,0.971516601,0.971516601,0.971516601,0.971516601,0.0,0.0,0.8,0.0,2.0,3.0,0.971516601,0.971516601,0.971516601,0.971516601,0.971516601,0.971516601,0.971516601,0.971516601,0.971516601,0.971516601,0.971516601,0.971516601,0.0,0.0,0.8,0.0,2.0,3.0,0.971516601,0.971516601,0.971516601,0.971516601,0.971516601,0.971516601,0.971516601,0.971516601,0.971516601,0.971516601,0.971516601,0.971516601,0.0,0.0,0.8,0.0,2.0,3.0,0.971631733,0.971631733,0.971631733,0.971631733,1.0,0.0,0.971631733,0.971631733,0.971631733,0.971631733,1.0,0.0,0.971631733,0.971631733,33739.0,1.0,0.0,0.971631733,0.971631733,33739.0,1.0,0.0,0.000587785,0.0004,0.2,1.0,1.0,0.0,0.000587785,0.0004,0.2,1.0,1.0,0.0,0.000587785,0.0004,0.2,1.0,1.0,0.0,0.000587785,0.0004,0.2,1.0,1.0,0.0,0.000587785,0.0004,0.2,1.0,1.0,0.0,0.000587785,0.0004,0.2,1.0,1.0,0.0,0.000587785,0.0004,0.2,1.0,1.0,0.0,0.982287251,0.982287251,0.982287251,0.982287251,3.0,8.0,0.982287251,0.982287251,0.982287251,0.982287251,3.0,8.0
0,4,49,289,289,1791590400289000000,1,0.970049881,0.970049881,0.970049881,0.970049881,0.970049881,0.970049881,0.970049881,0.970049881,0.970049881,0.970049881,0.970049881,0.970049881,0.0,0.0,0.8,0.0,2.0,4.0,0.970049881,0.970049881,0.970049881,0.970049881,0.970049881,0.970049881,0.970049881,0.970049881,0.970049881,0.970049881,0.970049881,0.970049881,0.0,0.0,0.8,0.0,2.0,4.0,0.970049881,0.970049881,0.970049881,0.970049881,0.970049881,0.970049881,0.970049881,0.970049881,0.970049881,0.970049881,0.970049881,0.970049881,0.0,0.0,0.8,0.0,2.0,4.0,0.970049881,0.970049881,0.970049881,0.970049881,0.970049881,0.970049881,0.970049881,0.970049881,0.970049881,0.970049881,0.970049881,0.970049881,0.0,0.0,0.8,0.0,2.0,4.0,0.970126596,0.970126596,0.970126596,0.970126596,1.0,0.0,0.970126596,0.970126596,0.970126596,0.970126596,1.0,0.0,0.970126596,0.970126596,33738.0,1.0,0.0,0.970126596,0.970126596,33738.0,1.0,0.0,0.000309017,0.0004,0.2,1.0,1.0,0.0,0.000309017,0.0004,0.2,1.0,1.0,0.0,0.000309017,0.0004,0.2,1.0,1.0,0.0,0.000309017,0.0004,0.2,1.0,1.0,0.0,0.000309017,0.0004,0.2,1.0,1.0,0.0,0.000309017,0.0004,0.2,1.0,1.0,0.0,0.000309017,0.0004,0.2,1.0,1.0,0.0,0.982287251,0.982287251,0.982287251,0.982287251,3.0,9.0,0.982287251,0.982287251,0.982287251,0.982287251,3.0,9.0
0,4,50,290,290,1791590400290000000,1,0.968583161,0.968583161,0.968583161,0.968583161,0.968583161,0.968583161,0.968583161,0.968583161,0.968583161,0.968583161,0.968583161,0.968583161,0.0,0.0,0.8,0.0,1.0,0.0,0.968583161,0.968583161,0.968583161,0.968583161,0.968583161,0.968583161,0.968583161,0.968583161,0.968583161,0.968583161,0.968583161,0.968583161,0.0,0.0,0.8,0.0,1.0,0.0,0.968583161,0.968583161,0.968583161,0.968583161,0.968583161,0.968583161,0.968583161,0.968583161,0.968583161,0.968583161,0.968583161,0.968583161,0.0,0.0,0.8,0.0,1.0,0.0,0.968583161,0.968583161,0.968583161,0.968583161,0.968583161,0.968583161,0.968583161,0.968583161,0.968583161,0.968583161,0.968583161,0.968583161,0.0,0.0,0.8,0.0,1.0,0.0,0.968583161,0.968583161,0.968583161,0.968583161,1.0,0.0,0.968583161,0.968583161,0.968583161,0.968583161,1.0,0.0,0.968583161,0.968583161,33736.0,1.0,0.0,0.968583161,0.968583161,33736.0,1.0,0.0,0.0,0.0004,0.2,1.0,1.0,0.0,0.0,0.0004,0.2,1.0,1.0,0.0,0.0,0.0004,0.2,1.0,1.0,0.0,0.0,0.0004,0.2,1.0,1.0,0.0,0.0,0.0004,0.2,1.0,1.0,0.0,0.0,0.0004,0.2,1.0,1.0,0.0,0.0,0.0004,0.2,1.0,1.0,0.0,0.982287251,0.982287251,0.982287251,0.982287251,3.0,10.0,0.982287251,0.982287251,0.982287251,0.982287251,3.0,10.0
0,4,51,291,291,1791590400291000000,1,0.966925266,0.966925266,0.966925266,0.966925266,0.966925266,0.966925266,0.966925266,0.966925266,0.966925266,0.966925266,0.966925266,0.966925266,0.0,0.0,0.8,0.0,2.0,1.0,0.966925266,0.966925266,0.966925266,0.966925266,0.966925266,0.966925266,0.966925266,0.966925266,0.966925266,0.966925266,0.966925266,0.966925266,0.0,0.0,0.8,0.0,2.0,1.0,0.966925266,0.966925266,0.966925266,0.966925266,0.966925266,0.966925266,0.966925266,0.966925266,0.966925266,0.966925266,0.966925266,0.966925266,0.0,0.0,0.8,0.0,2.0,1.0,0.966925266,0.966925266,0.966925266,0.966925266,0.966925266,0.966925266,0.966925266,0.966925266,0.966925266,0.966925266,0.966925266,0.966925266,0.0,0.0,0.8,0.0,2.0,1.0,0.967001488,0.967001488,0.967001488,0.967001488,1.0,0.0,0.967001488,0.967001488,0.967001488,0.967001488,1.0,0.0,0.967001488,0.967001488,33735.0,1.0,0.0,0.967001488,0.967001488,33735.0,1.0,0.0,-0.000309017,0.0004,0.2,1.0,1.0,0.0,-0.000309017,0.0004,0.2,1.0,1.0,0.0,-0.000309017,0.0004,0.2,1.0,1.0,0.0,-0.000309017,0.0004,0.2,1.0,1.0,0.0,-0.000309017,0.0004,0.2,1.0,1.0,0.0,-0.000309017,0.0004,0.2,1.0,1.0,0.0,-0.000309017,0.0004,0.2,1.0,1.0,0.0,0.982287251,0.982287251,0.982287251,0.982287251,3.0,11.0,0.982287251,0.982287251,0.982287251,0.982287251,3.0,11.0
0,4,52,292,292,1791590400292000000,1,0.965267371,0.965267371,0.965267371,0.965267371,0.965267371,0.965267371,0.965267371,0.965267371,0.965267371,0.965267371,0.965267371,0.965267371,0.0,0.0,0.8,0.0,2.0,2.0,0.965267371,0.965267371,0.965267371,0.965267371,0.965267371,0.965267371,0.965267371,0.965267371,0.965267371,0.965267371,0.965267371,0.965267371,0.0,0.0,0.8,0.0,2.0,2.0,0.965267371,0.965267371,0.965267371,0.965267371,0.965267371,0.965267371,0.965267371,0.965267371,0.965267371,0.965267371,0.965267371,0.965267371,0.0,0.0,0.8,0.0,2.0,2.0,0.965267371,0.965267371,0.965267371,0.965267371,0.965267371,0.965267371,0.965267371,0.965267371,0.965267371,0.965267371,0.965267371,0.965267371,0.0,0.0,0.8,0.0,2.0,2.0,0.965381639,0.965381639,0.965381639,0.965381639,1.0,0.0,0.965381639,0.965381639,0.965381639,0.965381639,1.0,0.0,0.965381639,0.965381639,33733.0,1.0,0.0,0.965381639,0.965381639,33733.0,1.0,0.0,-0.000587785,0.0004,0.2,1.0,1.0,0.0,-0.000587785,0.0004,0.2,1.0,1.0,0.0,-0.000587785,0.0004,0.2,1.0,1.0,0.0,-0.000587785,0.0004,0.2,1.0,1.0,0.0,-0.000587785,0.0004,0.2,1.0,1.0,0.0,-0.000587785,0.0004,0.2,1.0,1.0,0.0,-0.000587785,0.0004,0.2,1.0,1.0,0.0,0.982287251,0.982287251,0.982287251,0.982287251,3.0,12.0,0.982287251,0.982287251,0.982287251,0.982287251,3.0,12.0
0,4,53,293,293,1791590400293000000,1,0.963609476,0.963609476,0.963609476,0.963609476,0.963609476,0.963609476,0.963609476,0.963609476,0.963609476,0.963609476,0.963609476,0.963609476,0.0,0.0,0.8,0.0,2.0,3.0,0.963609476,0.963609476,0.963609476,0.963609476,0.963609476,0.963609476,0.963609476,0.963609476,0.963609476,0.963609476,0.963609476,0.963609476,0.0,0.0,0.8,0.0,2.0,3.0,0.963609476,0.963609476,0.963609476,0.963609476,0.963609476,0.963609476,0.963609476,0.963609476,0.963609476,0.963609476,0.963609476,0.963609476,0.0,0.0,0.8,0.0,2.0,3.0,0.963609476,0.963609476,0.963609476,0.963609476,0.963609476,0.963609476,0.963609476,0.963609476,0.963609476,0.963609476,0.963609476,0.963609476,0.0,0.0,0.8,0.0,2.0,3.0,0.963723678,0.963723678,0.963723678,0.963723678,1.0,0.0,0.963723678,0.963723678,0.963723678,0.963723678,1.0,0.0,0.963723678,0.963723678,33731.0,1.0,0.0,0.963723678,0.963723678,33731.0,1.0,0.0,-0.000809017,0.0004,0.2,1.0,1.0,0.0,-0.000809017,0.0004,0.2,1.0,1.0,0.0,-0.000809017,0.0004,0.2,1.0,1.0,0.0,-0.000809017,0.0004,0.2,1.0,1.0,0.0,-0.000809017,0.0004,0.2,1.0,1.0,0.0,-0.000809017,0.0004,0.2,1.0,1.0,0.0,-0.000809017,0.0004,0.2,1.0,1.0,0.0,0.982287251,0.982287251,0.982287251,0.982287251,3.0,13.0,0.982287251,0.982287251,0.982287251,0.982287251,3.0,13.0
0,4,54,294,294,1791590400294000000,1,0.961951581,0.961951581,0.961951581,0.961951581,0.961951581,0.961951581,0.961951581,0.961951581,0.961951581,0.961951581,0.961951581,0.961951581,0.0,0.0,0.8,0.0,2.0,4.0,0.961951581,0.961951581,0.961951581,0.961951581,0.961951581,0.961951581,0.961951581,0.961951581,0.961951581,0.961951581,0.961951581,0.961951581,0.0,0.0,0.8,0.0,2.0,4.0,0.961951581,0.961951581,0.961951581,0.961951581,0.961951581,0.961951581,0.961951581,0.961951581,0.961951581,0.961951581,0.961951581,0.961951581,0.0,0.0,0.8,0.0,2.0,4.0,0.961951581,0.961951581,0.961951581,0.961951581,0.961951581,0.961951581,0.961951581,0.961951581,0.961951581,0.961951581,0.961951581,0.961951581,0.0,0.0,0.8,0.0,2.0,4.0,0.962027672,0.962027672,0.962027672,0.962027672,1.0,0.0,0.962027672,0.962027672,0.962027672,0.962027672,1.0,0.0,0.962027672,0.962027672,33730.0,1.0,0.0,0.962027672,0.962027672,33730.0,1.0,0.0,-0.000951057,0.0004,0.2,1.0,1.0,0.0,-0.000951057,0.0004,0.2,1.0,1.0,0.0,-0.000951057,0.0004,0.2,1.0,1.0,0.0,-0.000951057,0.0004,0.2,1.0,1.0,0.0,-0.000951057,0.0004,0.2,1.0,1.0,0.0,-0.000951057,0.0004,0.2,1.0,1.0,0.0,-0.000951057,0.0004,0.2,1.0,1.0,0.0,0.982287251,0.982287251,0.982287251,0.982287251,3.0,14.0,0.982287251,0.982287251,0.982287251,0.982287251,3.0,14.0
0,4,55,295,295,1791590400295000000,1,0.960293686,0.960293686,0.960293686,0.960293686,0.960293686,0.960293686,0.960293686,0.960293686,0.960293686,0.960293686,0.960293686,0.960293686,0.0,0.0,0.8,0.0,1.0,0.0,0.960293686,0.960293686,0.960293686,0.960293686,0.960293686,0.960293686,0.960293686,0.960293686,0.960293686,0.960293686,0.960293686,0.960293686,0.0,0.0,0.8,0.0,1.0,0.0,0.960293686,0.960293686,0.960293686,0.960293686,0.960293686,0.960293686,0.960293686,0.960293686,0.960293686,0.960293686,0.960293686,0.960293686,0.0,0.0,0.8,0.0,1.0,0.0,0.960293686,0.960293686,0.960293686,0.960293686,0.960293686,0.960293686,0.960293686,0.960293686,0.960293686,0.960293686,0.960293686,0.960293686,0.0,0.0,0.8,0.0,1.0,0.0,0.960293686,0.960293686,0.960293686,0.960293686,1.0,0.0,0.960293686,0.960293686,0.960293686,0.960293686,1.0,0.0,0.960293686,0.960293686,33728.0,1.0,0.0,0.960293686,0.960293686,33728.0,1.0,0.0,-0.001,0.0004,0.2,1.0,1.0,0.0,-0.001,0.0004,0.2,1.0,1.0,0.0,-0.001,0.0004,0.2,1.0,1.0,0.0,-0.001,0.0004,0.2,1.0,1.0,0.0,-0.001,0.0004,0.2,1.0,1.0,0.0,-0.001,0.0004,0.2,1.0,1.0,0.0,-0.001,0.0004,0.2,1.0,1.0,0.0,0.982287251,0.982287251,0.982287251,0.982287251,3.0,15.0,0.982287251,0.982287251,0.982287251,0.982287251,3.0,15.0
0,4,56,296,296,1791590400296000000,1,0.958446252,0.958446252,0.958446252,0.958446252,0.958446252,0.958446252,0.958446252,0.958446252,0.958446252,0.958446252,0.958446252,0.958446252,0.0,0.0,0.8,0.0,2.0,1.0,0.958446252,0.958446252,0.958446252,0.958446252,0.958446252,0.958446252,0.958446252,0.958446252,0.958446252,0.958446252,0.958446252,0.958446252,0.0,0.0,0.8,0.0,2.0,1.0,0.958446252,0.958446252,0.958446252,0.958446252,0.958446252,0.958446252,0.958446252,0.958446252,0.958446252,0.958446252,0.958446252,0.958446252,0.0,0.0,0.8,0.0,2.0,1.0,0.958446252,0.958446252,0.958446252,0.958446252,0.958446252,0.958446252,0.958446252,0.958446252,0.958446252,0.958446252,0.958446252,0.958446252,0.0,0.0,0.8,0.0,2.0,1.0,0.958521789,0.958521789,0.958521789,0.958521789,1.0,0.0,0.958521789,0.958521789,0.958521789,0.958521789,1.0,0.0,0.958521789,0.958521789,33726.0,1.0,0.0,0.958521789,0.958521789,33726.0,1.0,0.0,-0.000951057,0.0004,0.2,1.0,1.0,0.0,-0.000951057,0.0004,0.2,1.0,1.0,0.0,-0.000951057,0.0004,0.2,1.0,1.0,0.0,-0.000951057,0.0004,0.2,1.0,1.0,0.0,-0.000951057,0.0004,0.2,1.0,1.0,0.0,-0.000951057,0.0004,0.2,1.0,1.0,0.0,-0.000951057,0.0004,0.2,1.0,1.0,0.0,0.982287251,0.982287251,0.982287251,0.982287251,3.0,16.0,0.982287251,0.982287251,0.982287251,0.982287251,3.0,16.0
0,4,57,297,297,1791590400297000000,1,0.956598818,0.956598818,0.956598818,0.956598818,0.956598818,0.956598818,0.956598818,0.956598818,0.956598818,0.956598818,0.956598818,0.956598818,0.0,0.0,0.8,0.0,2.0,2.0,0.956598818,0.956598818,0.956598818,0.956598818,0.956598818,0.956598818,0.956598818,0.956598818,0.956598818,0.956598818,0.956598818,0.956598818,0.0,0.0,0.8,0.0,2.0,2.0,0.956598818,0.956598818,0.956598818,0.956598818,0.956598818,0.956598818,0.956598818,0.956598818,0.956598818,0.956598818,0.956598818,0.956598818,0.0,0.0,0.8,0.0,2.0,2.0,0.956598818,0.956598818,0.956598818,0.956598818,0.956598818,0.956598818,0.956598818,0.956598818,0.956598818,0.956598818,0.956598818,0.956598818,0.0,0.0,0.8,0.0,2.0,2.0,0.956712052,0.956712052,0.956712052,0.956712052,1.0,0.0,0.956712052,0.956712052,0.956712052,0.956712052,1.0,0.0,0.956712052,0.956712052,33724.0,1.0,0.0,0.956712052,0.956712052,33724.0,1.0,0.0,-0.000809017,0.0004,0.2,1.0,1.0,0.0,-0.000809017,0.0004,0.2,1.0,1.0,0.0,-0.000809017,0.0004,0.2,1.0,1.0,0.0,-0.000809017,0.0004,0.2,1.0,1.0,0.0,-0.000809017,0.0004,0.2,1.0,1.0,0.0,-0.000809017,0.0004,0.2,1.0,1.0,0.0,-0.000809017,0.0004,0.2,1.0,1.0,0.0,0.982287251,0.982287251,0.982287251,0.982287251,3.0,17.0,0.982287251,0.982287251,0.982287251,0.982287251,3.0,17.0
0,4,58,298,298,1791590400298000000,1,0.954751384,0.954751384,0.954751384,0.954751384,0.954751384,0.954751384,0.954751384,0.954751384,0.954751384,0.954751384,0.954751384,0.954751384,0.0,0.0,0.8,0.0,2.0,3.0,0.954751384,0.954751384,0.954751384,0.954751384,0.954751384,0.954751384,0.954751384,0.954751384,0.954751384,0.954751384,0.954751384,0.954751384,0.0,0.0,0.8,0.0,2.0,3.0,0.954751384,0.954751384,0.954751384,0.954751384,0.954751384,0.954751384,0.954751384,0.954751384,0.954751384,0.954751384,0.954751384,0.954751384,0.0,0.0,0.8,0.0,2.0,3.0,0.954751384,0.954751384,0.954751384,0.954751384,0.954751384,0.954751384,0.954751384,0.954751384,0.954751384,0.954751384,0.954751384,0.954751384,0.0,0.0,0.8,0.0,2.0,3.0,0.954864545,0.954864545,0.954864545,0.954864545,1.0,0.0,0.954864545,0.954864545,0.954864545,0.954864545,1.0,0.0,0.954864545,0.954864545,33722.0,1.0,0.0,0.954864545,0.954864545,33722.0,1.0,0.0,-0.000587785,0.0004,0.2,1.0,1.0,0.0,-0.000587785,0.0004,0.2,1.0,1.0,0.0,-0.000587785,0.0004,0.2,1.0,1.0,0.0,-0.000587785,0.0004,0.2,1.0,1.0,0.0,-0.000587785,0.0004,0.2,1.0,1.0,0.0,-0.000587785,0.0004,0.2,1.0,1.0,0.0,-0.000587785,0.0004,0.2,1.0,1.0,0.0,0.982287251,0.982287251,0.982287251,0.982287251,3.0,18.0,0.982287251,0.982287251,0.982287251,0.982287251,3.0,18.0
0,4,59,299,299,1791590400299000000,1,0.95290395,0.95290395,0.95290395,0.95290395,0.95290395,0.95290395,0.95290395,0.95290395,0.95290395,0.95290395,0.95290395,0.95290395,0.0,0.0,0.8,0.0,2.0,4.0,0.95290395,0.95290395,0.95290395,0.95290395,0.95290395,0.95290395,0.95290395,0.95290395,0.95290395,0.95290395,0.95290395,0.95290395,0.0,0.0,0.8,0.0,2.0,4.0,0.95290395,0.95290395,0.95290395,0.95290395,0.95290395,0.95290395,0.95290395,0.95290395,0.95290395,0.95290395,0.95290395,0.95290395,0.0,0.0,0.8,0.0,2.0,4.0,0.95290395,0.95290395,0.95290395,0.95290395,0.95290395,0.95290395,0.95290395,0.95290395,0.95290395,0.95290395,0.95290395,0.95290395,0.0,0.0,0.8,0.0,2.0,4.0,0.952979342,0.952979342,0.952979342,0.952979342,1.0,0.0,0.952979342,0.952979342,0.952979342,0.952979342,1.0,0.0,0.952979342,0.952979342,33720.0,1.0,0.0,0.952979342,0.952979342,33720.0,1.0,0.0,-0.000309017,0.0004,0.2,1.0,1.0,0.0,-0.000309017,0.0004,0.2,1.0,1.0,0.0,-0.000309017,0.0004,0.2,1.0,1.0,0.0,-0.000309017,0.0004,0.2,1.0,1.0,0.0,-0.000309017,0.0004,0.2,1.0,1.0,0.0,-0.000309017,0.0004,0.2,1.0,1.0,0.0,-0.000309017,0.0004,0.2,1.0,1.0,0.0,0.982287251,0.982287251,0.982287251,0.982287251,3.0,19.0,0.982287251,0.982287251,0.982287251,0.982287251,3.0,19.0
